발생년,발생년월일시분,주야,요일,사망자수,사상자수,중상자수,경상자수,부상신고자수,발생지시도,발생지시군구,사고유형_대분류,사고유형_중분류,사고유형,법규위반_대분류,법규위반,도로형태_대분류,도로형태,가해자_당사자종별_대분류,가해자_당사자종별,피해자_당사자종별_대분류,피해자_당사자종별,발생위치X_UTMK,발생위치Y_UTMK,경도,위도
2015,2015-02-12,야,목,1,2,1,0,0,대전,서구,차대차,정면충돌,정면충돌,운전자법규위반,중앙선 침범,단일로,기타단일로,화물차,소형,승용차,중형,983837,1810112,127.3200084,36.28817456
2015,2015-02-12,야,목,1,1,0,0,0,부산,강서구,차대차,추돌,진행중 추돌,운전자법규위반,안전운전 의무 불이행,교차로,교차로내,승용차,중형,화물차,대형,1126427,1678601,128.8870285,35.09461972
2015,2015-02-12,야,목,1,1,0,0,0,전남,강진군,차대사람,기타,기타,운전자법규위반,안전운전 의무 불이행,단일로,기타단일로,승용차,중형,보행자,보행자,930589,1624711,126.7428892,34.61424358
2015,2015-02-12,야,목,1,1,0,0,0,경북,봉화군,차량단독,도로이탈,도로이탈 추락,운전자법규위반,안전운전 의무 불이행,교차로,교차로내,화물차,소형,없음,없음,1115583,1871484,128.7961997,36.83451773
2015,2015-02-13,야,금,1,1,0,0,0,부산,해운대구,차대사람,횡단중,횡단중,운전자법규위반,안전운전 의무 불이행,교차로,교차로부근,승용차,중형,보행자,보행자,1154890,1688956,129.2011257,35.18397849
2015,2015-02-13,야,금,1,1,0,0,0,대구,수성구,차대차,기타,기타,운전자법규위반,안전운전 의무 불이행,단일로,기타단일로,승용차,소형,승용차,중형,1102001,1759470,128.6292469,35.82642399
2015,2015-02-13,야,금,1,1,0,0,0,전남,광양시,차대사람,차도통행중,차도통행중,운전자법규위반,안전운전 의무 불이행,단일로,기타단일로,승용차,대형,보행자,보행자,1015081.8,1662709.1,127.6651948,34.9591382
2015,2015-02-13,주,금,1,3,0,2,0,전남,목포시,차대차,추돌,진행중 추돌,운전자법규위반,안전운전 의무 불이행,단일로,기타단일로,화물차,소형,화물차,대형,898867.7,1649465.3,126.3939634,34.83479496
2015,2015-02-13,주,금,1,1,0,0,0,전남,함평군,차량단독,공작물충돌,공작물충돌,운전자법규위반,안전운전 의무 불이행,교차로,교차로내,승용차,소형,없음,없음,908919,1670499,126.5015791,35.02538822
2015,2015-02-13,주,금,1,2,1,0,0,경북,영천시,차대차,측면충돌,측면충돌,운전자법규위반,중앙선 침범,단일로,기타단일로,승용차,중형,승용차,중형,1130620,1775304,128.9486037,35.96574543
2015,2015-02-13,주,금,1,1,0,0,0,경기,안산시,차대차,기타,기타,운전자법규위반,신호위반,단일로,기타단일로,자전거,자전거,승용차,경형,943405,1922831,126.861393,37.30271939
2015,2015-02-13,주,금,1,2,0,1,0,충북,청주시,차대차,기타,기타,운전자법규위반,안전운전 의무 불이행,단일로,기타단일로,승합차,소형,화물차,소형,996846.3,1842856.9,127.464747,36.58350945
2015,2015-02-13,주,금,1,1,0,0,0,경북,경산시,차대차,추돌,진행중 추돌,운전자법규위반,안전운전 의무 불이행,단일로,기타단일로,화물차,대형,특수차,대형,1111493,1753916,128.733537,35.77532627
2015,2015-02-13,주,금,1,1,0,0,0,경남,함안군,차량단독,전도전복,전도전복,운전자법규위반,안전운전 의무 불이행,단일로,기타단일로,건설기계,건설기계,없음,없음,1077953,1698247,128.3571484,35.27666854
2015,2015-02-13,주,금,1,1,0,0,0,경기,파주시,차대차,정면충돌,정면충돌,운전자법규위반,신호위반,교차로,교차로내,승합차,대형,자전거,자전거,933858,1969563,126.7494682,37.72327884
2015,2015-02-13,주,금,1,1,0,0,0,경북,영주시,차대차,측면충돌,측면충돌,운전자법규위반,안전운전 의무 불이행,교차로,교차로내,이륜차,소형,화물차,소형,1098918,1869873,128.6091357,36.82188834
2015,2015-02-13,야,금,1,2,0,1,0,서울,동대문구,차대사람,횡단중,횡단중,운전자법규위반,안전운전 의무 불이행,교차로,교차로내,이륜차,중형,보행자,보행자,960559,1952873,127.0533424,37.5743887
2015,2015-02-13,야,금,1,1,0,0,0,광주,북구,차대사람,횡단중,횡단중,운전자법규위반,안전운전 의무 불이행,단일로,기타단일로,승용차,중형,보행자,보행자,946214.1,1687607,126.9092664,35.18232265
2015,2015-02-14,야,토,1,1,0,0,0,대전,유성구,차대사람,횡단중,횡단중,운전자법규위반,안전운전 의무 불이행,단일로,기타단일로,승용차,중형,보행자,보행자,982672,1822843,127.3067516,36.40292902
2015,2015-02-14,야,토,1,1,0,0,0,경남,함양군,차대사람,차도통행중,차도통행중,운전자법규위반,안전운전 의무 불이행,단일로,기타단일로,화물차,소형,보행자,보행자,1026599,1719606,127.7931835,35.47194062
2015,2015-02-14,야,토,1,1,0,0,0,대구,달서구,차대차,기타,기타,운전자법규위반,안전운전 의무 불이행,단일로,횡단보도상,화물차,소형,자전거,자전거,1094348,1761026,128.5447181,35.84121698
2015,2015-02-14,주,토,1,3,1,1,0,인천,중구,차대차,정면충돌,정면충돌,운전자법규위반,신호위반,교차로,교차로내,건설기계,건설기계,승용차,중형,916005,1944443,126.549793,37.49542736
2015,2015-02-14,야,토,1,2,1,0,0,전남,신안군,차대차,기타,기타,운전자법규위반,중앙선 침범,단일로,기타단일로,화물차,소형,화물차,소형,884691,1651272,126.2387022,34.84957493
2015,2015-02-14,야,토,1,1,0,0,0,충북,단양군,차량단독,전도전복,전도전복,운전자법규위반,안전운전 의무 불이행,단일로,기타단일로,승용차,중형,없음,없음,1075018,1886267,128.3428066,36.9718551
2015,2015-02-14,야,토,1,2,1,0,0,전북,군산시,차대차,측면충돌,측면충돌,운전자법규위반,과속,단일로,기타단일로,승용차,중형,승용차,중형,911506,1767368,126.5193904,35.89893495
2015,2015-02-15,야,일,1,2,1,0,0,서울,도봉구,차대사람,횡단중,횡단중,운전자법규위반,안전운전 의무 불이행,단일로,횡단보도상,이륜차,소형,보행자,보행자,958948,1961091,127.0346376,37.64838873
2015,2015-02-15,야,일,1,1,0,0,0,경북,칠곡군,차량단독,공작물충돌,공작물충돌,운전자법규위반,안전운전 의무 불이행,단일로,기타단일로,승용차,경형,없음,없음,1083310,1776664,128.4241473,35.98319237
2015,2015-02-15,주,일,1,1,0,0,0,전남,구례군,차대사람,횡단중,횡단중,운전자법규위반,안전운전 의무 불이행,단일로,기타단일로,승용차,중형,보행자,보행자,1000507,1689738,127.5055699,35.20297868
2015,2015-02-15,주,일,1,1,0,0,0,충북,청주시,차량단독,공작물충돌,공작물충돌,운전자법규위반,안전운전 의무 불이행,단일로,기타단일로,승용차,중형,없음,없음,992524.9,1829509,127.4165704,36.46315213
2015,2015-02-15,주,일,1,1,0,0,0,전북,군산시,차대차,기타,기타,운전자법규위반,기타(운전자법규위반),기타/불명,기타/불명,건설기계,건설기계,건설기계,건설기계,930968,1775111,126.7343579,35.9703072
2015,2015-02-15,야,일,1,1,0,0,0,경기,포천시,차대차,기타,기타,운전자법규위반,안전운전 의무 불이행,교차로,교차로부근,화물차,대형,자전거,자전거,970359,1979094,127.1632554,37.81109197
2015,2015-02-15,야,일,1,1,0,0,0,경기,연천군,차대차,추돌,진행중 추돌,운전자법규위반,안전운전 의무 불이행,단일로,기타단일로,화물차,경형,자전거,자전거,962835,2009409,127.0762124,38.08403767
2015,2015-02-15,야,일,1,2,1,0,0,충북,충주시,차대차,기타,기타,운전자법규위반,중앙선 침범,단일로,기타단일로,이륜차,사발이,승용차,소형,1029222,1886657,127.8283299,36.97790817
2015,2015-02-15,야,일,1,1,0,0,0,광주,광산구,차량단독,공작물충돌,공작물충돌,운전자법규위반,안전운전 의무 불이행,교차로,교차로내,승용차,경형,없음,없음,934052,1682708,126.7760894,35.13742578
2015,2015-02-15,야,일,1,1,0,0,0,경기,부천시,차대사람,횡단중,횡단중,운전자법규위반,안전운전 의무 불이행,교차로,교차로부근,화물차,중형,보행자,보행자,934012,1945424,126.753394,37.50573185
2015,2015-02-15,야,일,1,1,0,0,0,전북,전주시,차량단독,공작물충돌,공작물충돌,운전자법규위반,안전운전 의무 불이행,교차로,교차로부근,승용차,소형,없음,없음,963782,1756259,127.0991477,35.80210984
2015,2015-02-16,야,월,1,3,1,1,0,광주,서구,차량단독,공작물충돌,공작물충돌,운전자법규위반,안전운전 의무 불이행,단일로,기타단일로,승용차,중형,없음,없음,943900,1685631,126.8839862,35.1643791
2015,2015-02-16,야,월,1,1,0,0,0,경북,포항시,차대차,기타,기타,운전자법규위반,안전운전 의무 불이행,단일로,기타단일로,화물차,소형,특수차,대형,1169587,1779896,129.3815532,36.00113111
2015,2015-02-16,야,월,1,1,0,0,0,부산,남구,차대사람,횡단중,횡단중,운전자법규위반,신호위반,단일로,기타단일로,승용차,대형,보행자,보행자,1145046,1683227,129.0920428,35.13380909
2015,2015-02-16,주,월,2,2,0,0,0,경기,의정부시,차대차,정면충돌,정면충돌,운전자법규위반,중앙선 침범,단일로,기타단일로,승합차,소형,화물차,소형,962080,1971107,127.0696192,37.73879881
2015,2015-02-16,야,월,1,1,0,0,0,경기,하남시,차대사람,횡단중,횡단중,운전자법규위반,안전운전 의무 불이행,단일로,횡단보도상,승용차,소형,보행자,보행자,973012,1949765,127.1944811,37.54682427
2015,2015-02-16,야,월,1,2,0,1,0,경기,남양주시,차대차,추돌,진행중 추돌,운전자법규위반,안전운전 의무 불이행,단일로,터널안,승용차,중형,승용차,소형,976899,1959018,127.2381916,37.63033125
2015,2015-02-16,야,월,1,1,0,0,0,충남,보령시,차대사람,기타,기타,운전자법규위반,안전운전 의무 불이행,단일로,기타단일로,승용차,대형,보행자,보행자,917815,1807248,126.5851374,36.25899076
2015,2015-02-17,야,화,1,1,0,0,0,경북,안동시,차량단독,공작물충돌,공작물충돌,운전자법규위반,안전운전 의무 불이행,단일로,기타단일로,특수차,소형,없음,없음,1121392,1834669,128.8554957,36.50199846
2015,2015-02-17,야,화,1,2,1,0,0,강원,속초시,차대사람,기타,기타,운전자법규위반,안전운전 의무 불이행,단일로,기타단일로,승용차,소형,보행자,보행자,1093738,2022746,128.5705645,38.2001226
2015,2015-02-17,주,화,1,1,0,0,0,서울,노원구,차대차,추돌,진행중 추돌,운전자법규위반,안전운전 의무 불이행,교차로,교차로부근,화물차,중형,자전거,자전거,960684,1963566,127.0541828,37.67077226
2015,2015-02-17,주,화,1,2,0,1,0,전남,강진군,차대차,측면충돌,측면충돌,운전자법규위반,과속,교차로,교차로내,승용차,중형,화물차,소형,934704,1626460,126.7876362,34.63028513
2015,2015-02-17,주,화,1,1,0,0,0,경북,안동시,차대사람,횡단중,횡단중,운전자법규위반,보행자 보호의무 위반,교차로,교차로내,승용차,중형,보행자,보행자,1110051,1841454,128.7298549,36.56452359
2015,2015-02-17,주,화,1,1,0,0,0,경북,포항시,차대사람,기타,기타,운전자법규위반,신호위반,단일로,횡단보도상,승합차,대형,보행자,보행자,1168000,1783208,129.3646571,36.03125084
2015,2015-02-17,주,화,1,2,0,1,0,충남,천안시,차대차,측면충돌,측면충돌,운전자법규위반,안전운전 의무 불이행,단일로,기타단일로,화물차,경형,화물차,소형,972195.1,1875226.3,127.1880121,36.87491015
2015,2015-02-17,주,화,1,1,0,0,0,전북,부안군,차대차,측면충돌,측면충돌,운전자법규위반,신호위반,교차로,교차로내,이륜차,중형,승용차,대형,929619,1747693,126.7218159,35.72302826
2015,2015-02-17,주,화,2,13,4,7,0,제주,제주시,차대차,기타,기타,운전자법규위반,과속,교차로,교차로내,승합차,소형,승용차,소형,902111,1499353,126.4463783,33.48152987
2015,2015-02-17,야,화,1,2,1,0,0,강원,원주시,차대차,추돌,주정차중 추돌,운전자법규위반,안전거리 미확보,교차로,교차로부근,화물차,중형,화물차,중형,1042693,1932491,127.982302,37.39053306
2015,2015-02-17,야,화,1,1,0,0,0,경북,구미시,차대사람,기타,기타,운전자법규위반,안전운전 의무 불이행,단일로,횡단보도상,승용차,중형,보행자,보행자,1076773,1796506,128.3535714,36.16260129
2015,2015-02-17,야,화,1,1,0,0,0,경기,부천시,차대사람,기타,기타,운전자법규위반,기타(운전자법규위반),단일로,기타단일로,승합차,중형,보행자,보행자,936863,1944459,126.7857315,37.49723381
2015,2015-02-17,야,화,1,1,0,0,0,경남,양산시,차대차,측면충돌,측면충돌,운전자법규위반,신호위반,교차로,교차로내,승용차,중형,승용차,중형,1138902,1704826,129.0282749,35.32936709
2015,2015-02-18,야,수,1,4,3,0,0,충남,아산시,차대차,측면충돌,측면충돌,운전자법규위반,중앙선 침범,단일로,기타단일로,승용차,대형,승용차,중형,959035,1863920,127.0409606,36.77251119
2015,2015-02-18,주,수,1,1,0,0,0,서울,영등포구,차대사람,횡단중,횡단중,운전자법규위반,보행자 보호의무 위반,교차로,교차로내,화물차,중형,보행자,보행자,945692,1947107,126.8854126,37.52166227
2015,2015-02-18,주,수,1,1,0,0,0,경남,양산시,차량단독,공작물충돌,공작물충돌,운전자법규위반,안전운전 의무 불이행,기타/불명,기타/불명,승용차,중형,없음,없음,1137273,1705389,129.0104518,35.33466707
2015,2015-02-18,주,수,1,1,0,0,0,대전,동구,차량단독,전도전복,전도전복,운전자법규위반,안전운전 의무 불이행,단일로,기타단일로,승용차,경형,없음,없음,996863,1807224,127.4650778,36.26226808
2015,2015-02-18,야,수,1,1,0,0,0,전북,정읍시,차대차,기타,기타,운전자법규위반,중앙선 침범,단일로,기타단일로,자전거,자전거,승용차,중형,935053,1729671,126.7833462,35.56091952
2015,2015-02-18,야,수,1,1,0,0,0,인천,부평구,차대사람,횡단중,횡단중,운전자법규위반,안전운전 의무 불이행,교차로,교차로부근,승합차,중형,보행자,보행자,931269,1944594.3,126.7224391,37.49805368
2015,2015-02-18,야,수,1,1,0,0,0,서울,영등포구,차대사람,횡단중,횡단중,운전자법규위반,안전운전 의무 불이행,단일로,기타단일로,승용차,소형,보행자,보행자,947797,1945342,126.9093585,37.50587558
2015,2015-02-18,야,수,1,1,0,0,0,충남,태안군,차대사람,길가장자리구역통행중,길가장자리구역통행중,운전자법규위반,안전운전 의무 불이행,단일로,기타단일로,승용차,중형,보행자,보행자,891723,1859383,126.2874354,36.72631958
2015,2015-02-18,야,수,1,1,0,0,0,충남,부여군,차대사람,횡단중,횡단중,운전자법규위반,안전운전 의무 불이행,단일로,기타단일로,승합차,대형,보행자,보행자,940802,1807157,126.8410116,36.25985382
2015,2015-02-18,야,수,1,1,0,0,0,경기,광주시,차대차,정면충돌,정면충돌,운전자법규위반,중앙선 침범,단일로,기타단일로,승용차,중형,이륜차,소형,978405,1934001,127.2559946,37.40487572
2015,2015-02-19,야,목,1,2,0,0,1,강원,인제군,차대차,추돌,진행중 추돌,운전자법규위반,안전운전 의무 불이행,단일로,기타단일로,승용차,소형,건설기계,건설기계,1064739,2015631,128.2387559,38.13855587
2015,2015-02-19,야,목,1,1,0,0,0,전남,광양시,차대차,추돌,주정차중 추돌,운전자법규위반,안전운전 의무 불이행,단일로,기타단일로,승용차,소형,화물차,중형,1023419,1663385,127.7565327,34.96507454
2015,2015-02-19,야,목,1,2,1,0,0,서울,성동구,차대차,추돌,주정차중 추돌,운전자법규위반,안전운전 의무 불이행,단일로,기타단일로,승용차,소형,승용차,소형,957804,1950795,127.0222635,37.555537
2015,2015-02-19,야,목,1,1,0,0,0,충남,홍성군,차량단독,공작물충돌,공작물충돌,운전자법규위반,안전운전 의무 불이행,단일로,기타단일로,승용차,소형,없음,없음,923326,1843937,126.6428503,36.59016971
2015,2015-02-19,주,목,1,3,2,0,0,경북,경주시,차량단독,공작물충돌,공작물충돌,운전자법규위반,안전운전 의무 불이행,단일로,기타단일로,승용차,중형,없음,없음,1173292,1748364,129.4157879,35.71634187
2015,2015-02-19,주,목,1,31,7,21,2,서울,강북구,차대차,추돌,진행중 추돌,운전자법규위반,신호위반,교차로,교차로내,승용차,중형,승합차,대형,958343,1958135,127.0279481,37.6217186
2015,2015-02-19,야,목,1,3,0,1,1,경북,경주시,차량단독,공작물충돌,공작물충돌,운전자법규위반,안전운전 의무 불이행,단일로,기타단일로,승용차,중형,없음,없음,1153276,1749186,129.1947552,35.72706901
2015,2015-02-19,야,목,1,1,0,0,0,전북,진안군,차대차,정면충돌,정면충돌,운전자법규위반,안전운전 의무 불이행,교차로,교차로내,화물차,소형,원동기장치자전거,원동기장치자전거,992986,1754359,127.4223865,35.78562215
2015,2015-02-19,야,목,1,1,0,0,0,전남,무안군,차대사람,기타,기타,운전자법규위반,안전운전 의무 불이행,교차로,교차로내,화물차,소형,보행자,보행자,902147,1658088,126.4288139,34.91285842
2015,2015-02-19,야,목,1,1,0,0,0,부산,남구,차대차,측면충돌,측면충돌,운전자법규위반,안전운전 의무 불이행,단일로,기타단일로,승용차,중형,이륜차,중형,1143670,1684308,129.0771327,35.14375046
2015,2015-02-20,야,금,1,2,1,0,0,경북,울진군,차대차,기타,기타,운전자법규위반,중앙선 침범,단일로,기타단일로,화물차,소형,승용차,중형,1172931,1854039,129.4350949,36.66859619
2015,2015-02-20,야,금,2,6,3,1,0,경북,고령군,차대차,기타,기타,운전자법규위반,중앙선 침범,단일로,기타단일로,승용차,소형,승용차,대형,1077193,1750817,128.353796,35.75068157
2015,2015-02-20,야,금,1,1,0,0,0,강원,강릉시,차대사람,차도통행중,차도통행중,운전자법규위반,안전운전 의무 불이행,단일로,기타단일로,승용차,중형,보행자,보행자,1115312,1991287,128.8118324,37.91415832
2015,2015-02-20,주,금,1,1,0,0,0,전북,군산시,차대사람,기타,기타,운전자법규위반,안전운전 의무 불이행,단일로,기타단일로,화물차,소형,보행자,보행자,926320,1775259,126.6827972,35.97130145
2015,2015-02-20,주,금,1,1,0,0,0,인천,서구,차대사람,보도통행중,보도통행중,운전자법규위반,안전운전 의무 불이행,단일로,기타단일로,승용차,중형,보행자,보행자,927749,1946091,126.6824735,37.51127424
2015,2015-02-20,야,금,1,1,0,0,0,제주,서귀포시,차대사람,횡단중,횡단중,운전자법규위반,안전운전 의무 불이행,교차로,교차로내,승용차,소형,보행자,보행자,925599,1476940,126.7010159,33.28127968
2015,2015-02-20,야,금,1,2,0,1,0,충북,청주시,차대차,기타,기타,운전자법규위반,신호위반,교차로,교차로내,승용차,소형,승용차,중형,993951,1847241,127.4323479,36.62301826
2015,2015-02-20,야,금,1,1,0,0,0,경북,안동시,차대차,추돌,주정차중 추돌,운전자법규위반,안전운전 의무 불이행,단일로,기타단일로,원동기장치자전거,원동기장치자전거,화물차,소형,1095487,1843144,128.5673347,36.58132419
2015,2015-02-20,야,금,1,1,0,0,0,충남,예산군,차량단독,공작물충돌,공작물충돌,운전자법규위반,안전운전 의무 불이행,교차로,교차로부근,승용차,중형,없음,없음,938160.6,1854335.3,126.8078382,36.68498052
2015,2015-02-21,주,토,1,1,0,0,0,서울,서대문구,차대사람,횡단중,횡단중,운전자법규위반,안전운전 의무 불이행,단일로,기타단일로,승합차,대형,보행자,보행자,952806,1952084,126.965596,37.56691247
2015,2015-02-21,주,토,1,1,0,0,0,광주,남구,차대차,측면충돌,측면충돌,운전자법규위반,신호위반,교차로,교차로내,승용차,경형,화물차,중형,939067,1676249,126.8316113,35.07950348
2015,2015-02-21,주,토,1,2,1,0,0,강원,고성군,차대차,측면충돌,측면충돌,운전자법규위반,중앙선 침범,단일로,기타단일로,승용차,중형,승용차,중형,1094407,2026328,128.5786802,38.23232997
2015,2015-02-21,주,토,1,7,5,0,1,제주,서귀포시,차대차,정면충돌,정면충돌,운전자법규위반,중앙선 침범,단일로,기타단일로,승용차,중형,승용차,중형,894936,1476925,126.3717785,33.27859208
2015,2015-02-21,야,토,1,1,0,0,0,경북,군위군,차대사람,횡단중,횡단중,운전자법규위반,신호위반,교차로,교차로내,승용차,소형,보행자,보행자,1108783,1797949,128.7096014,36.17254255
2015,2015-02-21,야,토,1,1,0,0,0,제주,제주시,차대사람,횡단중,횡단중,운전자법규위반,안전운전 의무 불이행,단일로,기타단일로,승용차,경형,보행자,보행자,911317,1498178,126.5455701,33.47173594
2015,2015-02-21,야,토,1,2,0,1,0,서울,영등포구,차대차,정면충돌,정면충돌,운전자법규위반,안전운전 의무 불이행,단일로,교량위,이륜차,소형,승용차,소형,945225,1947358,126.8801093,37.52389694
2015,2015-02-21,야,토,1,1,0,0,0,부산,해운대구,차대사람,횡단중,횡단중,운전자법규위반,과속,교차로,교차로내,승용차,중형,보행자,보행자,1148432,1688014,129.1300553,35.17646311
2015,2015-02-21,야,토,1,1,0,0,0,전남,나주시,차대사람,차도통행중,차도통행중,운전자법규위반,안전운전 의무 불이행,단일로,기타단일로,승용차,소형,보행자,보행자,941146,1674784,126.854519,35.06641747
2015,2015-02-22,야,일,1,3,2,0,0,경기,시흥시,차대차,기타,기타,운전자법규위반,안전거리 미확보,교차로,교차로부근,원동기장치자전거,원동기장치자전거,승용차,중형,937043,1938338,126.788291,37.44207744
2015,2015-02-22,주,일,1,1,0,0,0,경기,김포시,차대사람,횡단중,횡단중,운전자법규위반,보행자 보호의무 위반,교차로,교차로부근,승합차,중형,보행자,보행자,929940,1959109,126.7060181,37.62877045
2015,2015-02-22,주,일,1,1,0,0,0,전북,전주시,차대사람,횡단중,횡단중,운전자법규위반,보행자 보호의무 위반,교차로,교차로부근,승용차,중형,보행자,보행자,965377,1756648,127.1167836,35.80567464
2015,2015-02-22,야,일,1,1,0,0,0,전남,담양군,차량단독,기타,기타,운전자법규위반,안전운전 의무 불이행,교차로,교차로부근,화물차,소형,없음,없음,954744,1703214,127.0020876,35.32346734
2015,2015-02-23,야,월,1,3,1,1,0,전남,고흥군,차대차,추돌,진행중 추돌,운전자법규위반,안전운전 의무 불이행,단일로,기타단일로,승용차,소형,화물차,대형,987900,1631211,127.3679196,34.67513815
2015,2015-02-23,야,월,1,2,1,0,0,전남,영암군,차대차,정면충돌,정면충돌,운전자법규위반,중앙선 침범,교차로,교차로부근,승용차,소형,승용차,중형,902274,1642748,126.4319923,34.77456369
2015,2015-02-23,주,월,1,1,0,0,0,충북,청주시,차대차,기타,기타,운전자법규위반,안전운전 의무 불이행,단일로,기타단일로,승용차,중형,화물차,대형,997424,1858508,127.4711521,36.72460513
2015,2015-02-23,주,월,1,1,0,0,0,전북,군산시,차대차,기타,기타,운전자법규위반,중앙선 침범,교차로,교차로부근,자전거,자전거,화물차,소형,930024,1775744,126.7238329,35.97594654
2015,2015-02-23,주,월,1,3,1,1,0,경남,거창군,차대차,정면충돌,정면충돌,운전자법규위반,중앙선 침범,단일로,기타단일로,화물차,소형,화물차,소형,1032037,1745939,127.8541662,35.70920867
2015,2015-02-23,주,월,1,1,0,0,0,경기,안양시,차대사람,횡단중,횡단중,운전자법규위반,안전운전 의무 불이행,교차로,교차로내,승용차,중형,보행자,보행자,952861,1930823,126.9675798,37.3752831
2015,2015-02-23,주,월,1,1,0,0,0,대구,달서구,차대사람,기타,기타,운전자법규위반,안전운전 의무 불이행,교차로,교차로내,화물차,소형,보행자,보행자,1090279,1762769,128.4998654,35.85731299
2015,2015-02-23,주,월,1,1,0,0,0,부산,수영구,차대사람,횡단중,횡단중,운전자법규위반,안전운전 의무 불이행,교차로,교차로내,화물차,소형,보행자,보행자,1147507,1686258,129.1195868,35.16077153
2015,2015-02-23,야,월,1,1,0,0,0,서울,은평구,차대사람,횡단중,횡단중,운전자법규위반,안전운전 의무 불이행,단일로,기타단일로,승용차,중형,보행자,보행자,948170,1954470,126.9129336,37.58816838
2015,2015-02-23,야,월,1,2,1,0,0,충남,서산시,차대차,추돌,진행중 추돌,운전자법규위반,안전운전 의무 불이행,교차로,교차로부근,화물차,대형,승용차,경형,911411,1861598,126.5076256,36.74832631
2015,2015-02-23,야,월,1,1,0,0,0,인천,남구,차대사람,횡단중,횡단중,운전자법규위반,안전운전 의무 불이행,교차로,교차로부근,승용차,대형,보행자,보행자,926865,1939493,126.6731275,37.45173844
2015,2015-02-24,야,화,1,2,1,0,0,제주,제주시,차대사람,횡단중,횡단중,운전자법규위반,과속,단일로,횡단보도상,승용차,중형,보행자,보행자,906554.5,1500908.4,126.4940369,33.49595423
2015,2015-02-24,주,화,1,1,0,0,0,경남,김해시,차대차,측면충돌,측면충돌,운전자법규위반,직진 및 우회전차의 통행방해,교차로,교차로내,자전거,자전거,승용차,중형,1125825,1693301,128.8826668,35.2272093
2015,2015-02-24,주,화,1,1,0,0,0,경기,평택시,차대사람,기타,기타,운전자법규위반,안전운전 의무 불이행,기타/불명,기타/불명,승용차,중형,보행자,보행자,959173,1885112,127.0413665,36.96354907
2015,2015-02-24,주,화,1,1,0,0,0,강원,춘천시,차대사람,길가장자리구역통행중,길가장자리구역통행중,운전자법규위반,신호위반,단일로,횡단보도상,화물차,소형,보행자,보행자,1021167,1986575,127.7406934,37.87875453
2015,2015-02-24,주,화,1,1,0,0,0,대구,동구,차대사람,횡단중,횡단중,운전자법규위반,안전운전 의무 불이행,단일로,기타단일로,승용차,중형,보행자,보행자,1102121,1766035,128.6314159,35.88559104
2015,2015-02-24,야,화,1,1,0,0,0,서울,성북구,차대사람,차도통행중,차도통행중,운전자법규위반,안전운전 의무 불이행,단일로,기타단일로,승용차,대형,보행자,보행자,960278,1957546,127.0499067,37.6164955
2015,2015-02-24,야,화,1,1,0,0,0,경남,함안군,차대사람,횡단중,횡단중,운전자법규위반,안전운전 의무 불이행,단일로,기타단일로,승용차,소형,보행자,보행자,1091765,1703250,128.5095617,35.32060228
2015,2015-02-24,야,화,1,1,0,0,0,서울,광진구,차대차,정면충돌,정면충돌,운전자법규위반,중앙선 침범,교차로,교차로내,승용차,중형,원동기장치자전거,원동기장치자전거,965657,1950492,127.111186,37.55313221
2015,2015-02-24,야,화,1,1,0,0,0,광주,광산구,차량단독,공작물충돌,공작물충돌,운전자법규위반,안전운전 의무 불이행,단일로,기타단일로,원동기장치자전거,원동기장치자전거,없음,없음,935832,1687291,126.7952708,35.17886364
2015,2015-02-25,야,수,1,1,0,0,0,서울,용산구,차대차,기타,기타,운전자법규위반,안전운전 의무 불이행,단일로,기타단일로,승용차,중형,승용차,중형,953769,1946488,126.9768528,37.51652332
2015,2015-02-25,야,수,1,4,3,0,0,울산,북구,차량단독,공작물충돌,공작물충돌,운전자법규위반,안전운전 의무 불이행,교차로,교차로부근,승용차,중형,없음,없음,1168651,1730561,129.3607813,35.55671209
2015,2015-02-25,주,수,1,1,0,0,0,경기,고양시,차대차,기타,기타,운전자법규위반,신호위반,교차로,교차로내,자전거,자전거,승용차,중형,934258,1964113,126.7544988,37.67418899
2015,2015-02-25,주,수,1,2,1,0,0,충북,충주시,차대차,기타,기타,운전자법규위반,신호위반,교차로,교차로내,이륜차,소형,승용차,중형,1036745,1887042,127.9128731,36.98111481
2015,2015-02-25,야,수,1,1,0,0,0,경기,용인시,차대사람,횡단중,횡단중,운전자법규위반,보행자 보호의무 위반,교차로,교차로부근,승용차,중형,보행자,보행자,973199,1904841,127.1982229,37.14189474
2015,2015-02-25,야,수,1,1,0,0,0,강원,강릉시,차대사람,횡단중,횡단중,운전자법규위반,안전운전 의무 불이행,교차로,교차로부근,승용차,중형,보행자,보행자,1119303,1980225,128.8553969,37.81396853