발생년,발생년월일시분,주야,요일,사망자수,사상자수,중상자수,경상자수,부상신고자수,발생지시도,발생지시군구,사고유형_대분류,사고유형_중분류,사고유형,법규위반_대분류,법규위반,도로형태_대분류,도로형태,가해자_당사자종별_대분류,가해자_당사자종별,피해자_당사자종별_대분류,피해자_당사자종별,발생위치X_UTMK,발생위치Y_UTMK,경도,위도
2015,2015-03-09,주,월,1,1,0,0,0,경기,파주시,차대차,기타,기타,운전자법규위반,신호위반,교차로,교차로부근,승합차,대형,자전거,자전거,934266,1968869,126.7541603,37.7170535
2015,2015-03-09,주,월,1,1,0,0,0,경기,수원시,차대차,측면충돌,측면충돌,운전자법규위반,신호위반,교차로,교차로내,이륜차,중형,화물차,소형,956919,1918284,127.0141401,37.26245879
2015,2015-03-09,주,월,1,1,0,0,0,대전,중구,차대차,기타,기타,운전자법규위반,안전운전 의무 불이행,교차로,교차로내,화물차,소형,자전거,자전거,991449,1814698,127.4047254,36.32961703
2015,2015-03-09,주,월,1,1,0,0,0,울산,울주군,차대차,추돌,진행중 추돌,운전자법규위반,안전운전 의무 불이행,단일로,기타단일로,승용차,중형,농기계,농기계,1151905,1726392,129.17531,35.52184757
2015,2015-03-09,주,월,1,1,0,0,0,경남,하동군,차대사람,기타,기타,운전자법규위반,안전운전 의무 불이행,단일로,기타단일로,화물차,중형,보행자,보행자,1035110,1680991,127.885339,35.12349285
2015,2015-03-09,주,월,1,1,0,0,0,서울,강남구,차대사람,기타,기타,운전자법규위반,안전운전 의무 불이행,단일로,기타단일로,승용차,경형,보행자,보행자,960491,1945125,127.0529895,37.5045505
2015,2015-03-09,주,월,1,3,0,2,0,충남,태안군,차대차,정면충돌,정면충돌,운전자법규위반,중앙선 침범,단일로,기타단일로,승용차,대형,건설기계,건설기계,889525,1867784,126.2616087,36.80178181
2015,2015-03-09,주,월,1,1,0,0,0,충북,청주시,차대사람,횡단중,횡단중,운전자법규위반,안전운전 의무 불이행,단일로,기타단일로,승용차,중형,보행자,보행자,997116,1851079,127.4677309,36.65763257
2015,2015-03-09,야,월,1,3,2,0,0,경기,여주시,차대차,추돌,진행중 추돌,운전자법규위반,안전운전 의무 불이행,교차로,교차로내,화물차,소형,화물차,소형,1005471,1909901,127.5616404,37.1878746
2015,2015-03-09,야,월,1,1,0,0,0,전북,군산시,차대차,추돌,진행중 추돌,운전자법규위반,안전운전 의무 불이행,단일로,기타단일로,승용차,소형,농기계,농기계,940229,1771702,126.8373229,35.94018508
2015,2015-03-09,야,월,1,1,0,0,0,경남,김해시,차대차,기타,기타,운전자법규위반,안전운전 의무 불이행,단일로,기타단일로,승용차,경형,화물차,대형,1110788,1698846,128.7182113,35.27897212
2015,2015-03-09,야,월,1,1,0,0,0,전남,곡성군,차량단독,공작물충돌,공작물충돌,운전자법규위반,안전운전 의무 불이행,교차로,교차로내,승용차,중형,없음,없음,981546,1698263,127.2970753,35.27967924
2015,2015-03-09,야,월,1,3,1,1,0,광주,광산구,차대차,정면충돌,정면충돌,운전자법규위반,중앙선 침범,단일로,기타단일로,승용차,중형,승용차,중형,927461,1685442,126.7035059,35.16162272
2015,2015-03-10,야,화,1,1,0,0,0,경기,안산시,차대차,추돌,주정차중 추돌,운전자법규위반,안전운전 의무 불이행,단일로,기타단일로,승용차,중형,건설기계,건설기계,941869,1921477,126.8441681,37.29042048
2015,2015-03-10,주,화,1,1,0,0,0,경북,포항시,차량단독,공작물충돌,공작물충돌,운전자법규위반,안전운전 의무 불이행,단일로,기타단일로,화물차,소형,없음,없음,1167361.2,1785164.1,129.3579845,36.04898754
2015,2015-03-10,주,화,1,1,0,0,0,부산,강서구,차대차,측면충돌,측면충돌,운전자법규위반,안전운전 의무 불이행,단일로,기타단일로,자전거,자전거,화물차,소형,1123902,1682886,128.8599756,35.13356152
2015,2015-03-10,주,화,1,1,0,0,0,경기,광주시,차대사람,길가장자리구역통행중,길가장자리구역통행중,운전자법규위반,안전운전 의무 불이행,단일로,기타단일로,승합차,중형,보행자,보행자,981885,1935141,127.2952875,37.415226
2015,2015-03-10,야,화,1,1,0,0,0,전북,장수군,차량단독,공작물충돌,공작물충돌,운전자법규위반,안전운전 의무 불이행,단일로,기타단일로,화물차,소형,없음,없음,1000913,1737227,127.5100833,35.63117811
2015,2015-03-10,야,화,1,1,0,0,0,대구,달성군,차대사람,횡단중,횡단중,운전자법규위반,과속,교차로,교차로부근,화물차,경형,보행자,보행자,1086220,1747745,128.4532976,35.72223721
2015,2015-03-10,야,화,1,1,0,0,0,울산,동구,차대차,측면충돌,측면충돌,운전자법규위반,과속,교차로,교차로내,승용차,대형,이륜차,소형,1174135,1722965,129.4196269,35.48731127
2015,2015-03-11,야,수,1,1,0,0,0,서울,강남구,차량단독,기타,기타,운전자법규위반,안전운전 의무 불이행,교차로,교차로부근,승용차,중형,없음,없음,962455,1943068,127.0753149,37.48609188
2015,2015-03-11,야,수,1,5,3,1,0,전북,전주시,차대차,측면충돌,측면충돌,운전자법규위반,안전운전 의무 불이행,교차로,교차로내,승용차,중형,승용차,중형,965214,1757465,127.114944,35.81303497
2015,2015-03-11,야,수,1,3,2,0,0,전북,부안군,차대차,측면충돌,측면충돌,운전자법규위반,신호위반,교차로,교차로내,화물차,소형,승용차,중형,931026,1747708,126.7373702,35.72326308
2015,2015-03-11,야,수,1,1,0,0,0,경기,고양시,차대차,기타,기타,운전자법규위반,과속,단일로,기타단일로,승용차,중형,이륜차,소형,933585,1966512,126.7466491,37.69576174
2015,2015-03-11,야,수,1,1,0,0,0,전남,해남군,차량단독,공작물충돌,공작물충돌,운전자법규위반,안전운전 의무 불이행,교차로,교차로내,승용차,중형,없음,없음,917876,1619432,126.6047448,34.5657038
2015,2015-03-11,주,수,1,1,0,0,0,충북,청주시,차대사람,기타,기타,운전자법규위반,과속,단일로,기타단일로,승용차,중형,보행자,보행자,998572.5,1852490,127.4840251,36.67035595
2015,2015-03-11,주,수,1,1,0,0,0,충남,보령시,차대사람,횡단중,횡단중,운전자법규위반,과속,단일로,횡단보도상,승용차,중형,보행자,보행자,917721,1819544,126.5827936,36.36982275
2015,2015-03-11,주,수,1,2,1,0,0,경북,경주시,차대차,기타,기타,운전자법규위반,안전운전 의무 불이행,교차로,교차로내,화물차,소형,승용차,경형,1157645,1767595,129.2466731,35.89228166
2015,2015-03-11,주,수,1,1,0,0,0,경북,경주시,차대사람,기타,기타,운전자법규위반,안전운전 의무 불이행,단일로,기타단일로,화물차,소형,보행자,보행자,1155908,1763096,129.2265553,35.85201485
2015,2015-03-11,야,수,1,1,0,0,0,강원,평창군,차대사람,횡단중,횡단중,운전자법규위반,보행자 보호의무 위반,단일로,횡단보도상,승용차,중형,보행자,보행자,1080009,1933163,128.4038961,37.39411903
2015,2015-03-11,야,수,1,1,0,0,0,전남,해남군,차량단독,전도전복,전도전복,운전자법규위반,기타(운전자법규위반),단일로,기타단일로,화물차,중형,없음,없음,909533,1597510,126.5161292,34.36733458
2015,2015-03-12,야,목,1,2,0,1,0,강원,원주시,차대사람,횡단중,횡단중,운전자법규위반,과속,교차로,교차로부근,승용차,중형,보행자,보행자,1039140,1926483,127.9418473,37.33653621
2015,2015-03-12,야,목,1,2,1,0,0,전남,광양시,차량단독,공작물충돌,공작물충돌,운전자법규위반,중앙선 침범,단일로,기타단일로,승용차,중형,없음,없음,1015031,1657121,127.6645378,34.90874825
2015,2015-03-12,야,목,1,1,0,0,0,경기,평택시,차대사람,횡단중,횡단중,운전자법규위반,안전운전 의무 불이행,단일로,기타단일로,승용차,경형,보행자,보행자,953556,1894748,126.9776757,37.05014793
2015,2015-03-12,주,목,1,2,0,1,0,전남,담양군,차대차,정면충돌,정면충돌,운전자법규위반,중앙선 침범,단일로,기타단일로,이륜차,소형,화물차,소형,948464,1700923,126.9331411,35.3025062
2015,2015-03-12,주,목,1,1,0,0,0,전남,무안군,차량단독,전도전복,전도전복,운전자법규위반,안전운전 의무 불이행,교차로,교차로부근,이륜차,소형,없음,없음,892613,1678920,126.3217749,35.09970518
2015,2015-03-12,주,목,1,1,0,0,0,경남,사천시,차대사람,횡단중,횡단중,운전자법규위반,안전운전 의무 불이행,교차로,교차로부근,화물차,경형,보행자,보행자,1051447,1659387,128.0632963,34.9279877
2015,2015-03-12,주,목,1,1,0,0,0,광주,남구,차대사람,횡단중,횡단중,운전자법규위반,보행자 보호의무 위반,단일로,횡단보도부근,승용차,중형,보행자,보행자,945032,1678975,126.8968584,35.10442625
2015,2015-03-12,주,목,1,1,0,0,0,충남,논산시,차대사람,횡단중,횡단중,운전자법규위반,안전운전 의무 불이행,단일로,기타단일로,승합차,대형,보행자,보행자,956519,1795699,127.0166013,36.15739238
2015,2015-03-12,주,목,1,1,0,0,0,충북,증평군,차대사람,횡단중,횡단중,운전자법규위반,신호위반,교차로,교차로부근,화물차,대형,보행자,보행자,1007771,1865529,127.5870967,36.78786965
2015,2015-03-12,야,목,1,1,0,0,0,전남,광양시,차대사람,횡단중,횡단중,운전자법규위반,안전운전 의무 불이행,교차로,교차로부근,화물차,중형,보행자,보행자,1008488,1664044,127.592985,34.9712524
2015,2015-03-12,야,목,1,1,0,0,0,전북,완주군,차대사람,횡단중,횡단중,운전자법규위반,안전운전 의무 불이행,교차로,교차로부근,승합차,대형,보행자,보행자,963746,1766952,127.0982633,35.89851604
2015,2015-03-12,야,목,1,1,0,0,0,대전,대덕구,차대사람,횡단중,횡단중,운전자법규위반,안전운전 의무 불이행,단일로,기타단일로,승용차,소형,보행자,보행자,993125,1826062,127.4232987,36.43208102
2015,2015-03-12,야,목,1,2,0,1,0,울산,중구,차대차,추돌,진행중 추돌,운전자법규위반,안전운전 의무 불이행,교차로,교차로내,이륜차,중형,화물차,중형,1164062,1731521,129.3103669,35.56613437
2015,2015-03-12,야,목,1,3,0,2,0,경기,김포시,차대차,측면충돌,측면충돌,운전자법규위반,신호위반,교차로,교차로부근,승용차,소형,승용차,중형,926536,1962483,126.6671051,37.65891272
2015,2015-03-13,야,금,1,1,0,0,0,경기,수원시,차대차,기타,기타,운전자법규위반,안전운전 의무 불이행,단일로,기타단일로,화물차,대형,승용차,중형,955334,1924274,126.9959053,37.31637579
2015,2015-03-13,야,금,1,1,0,0,0,대구,서구,차량단독,도로이탈,도로이탈 기타,운전자법규위반,안전운전 의무 불이행,단일로,기타단일로,이륜차,대형,없음,없음,1094712,1763391,128.5490288,35.86250152
2015,2015-03-13,야,금,1,2,0,1,0,대구,수성구,차대차,추돌,주정차중 추돌,운전자법규위반,안전운전 의무 불이행,교차로,교차로부근,승용차,중형,승용차,중형,1100876.2,1761007.4,128.6169907,35.84039919
2015,2015-03-13,주,금,1,1,0,0,0,제주,제주시,차대사람,횡단중,횡단중,운전자법규위반,과속,단일로,기타단일로,화물차,소형,보행자,보행자,884261,1484831,126.2561561,33.34879364
2015,2015-03-13,주,금,1,1,0,0,0,전남,순천시,차대차,측면충돌,측면충돌,운전자법규위반,안전운전 의무 불이행,교차로,교차로내,원동기장치자전거,원동기장치자전거,승용차,대형,1003877,1658037,127.5424441,34.91711231
2015,2015-03-13,주,금,1,8,6,1,0,경남,진주시,차량단독,공작물충돌,공작물충돌,운전자법규위반,안전운전 의무 불이행,단일로,기타단일로,화물차,중형,없음,없음,1054216,1696028,128.096012,35.25822851
2015,2015-03-13,야,금,1,1,0,0,0,경기,안성시,차대사람,횡단중,횡단중,운전자법규위반,안전운전 의무 불이행,단일로,기타단일로,승용차,소형,보행자,보행자,981008,1892588,127.286461,37.03163457
2015,2015-03-13,야,금,1,2,1,0,0,경기,의정부시,차대차,정면충돌,정면충돌,운전자법규위반,중앙선 침범,단일로,기타단일로,승합차,경형,원동기장치자전거,원동기장치자전거,960097,1969516,127.0472007,37.72437475
2015,2015-03-14,야,토,1,1,0,0,0,경남,김해시,차대차,기타,기타,운전자법규위반,안전운전 의무 불이행,단일로,기타단일로,승용차,중형,화물차,대형,1132170,1703279,128.9539779,35.31633589
2015,2015-03-14,야,토,1,1,0,0,0,전남,영암군,차대사람,차도통행중,차도통행중,운전자법규위반,안전운전 의무 불이행,단일로,기타단일로,승용차,중형,보행자,보행자,926040,1655311,126.6905868,34.88984304
2015,2015-03-14,주,토,1,2,1,0,0,경기,화성시,차대차,기타,기타,운전자법규위반,중앙선 침범,단일로,기타단일로,화물차,소형,화물차,소형,944477,1901405,126.8750831,37.10965915
2015,2015-03-14,주,토,1,1,0,0,0,경기,고양시,차대사람,차도통행중,차도통행중,운전자법규위반,안전운전 의무 불이행,단일로,기타단일로,승용차,소형,보행자,보행자,936096,1964118,126.7753394,37.67436395
2015,2015-03-14,주,토,1,2,1,0,0,충북,음성군,차대차,기타,기타,운전자법규위반,신호위반,교차로,교차로내,이륜차,중형,승용차,소형,997693.4,1886281.9,127.4740847,36.97497802
2015,2015-03-14,주,토,1,1,0,0,0,서울,강동구,차대사람,기타,기타,운전자법규위반,보행자 보호의무 위반,교차로,교차로부근,건설기계,건설기계,보행자,보행자,967743,1948664,127.1348826,37.5367311
2015,2015-03-14,주,토,1,1,0,0,0,강원,인제군,차량단독,도로이탈,도로이탈 추락,운전자법규위반,안전운전 의무 불이행,단일로,기타단일로,승용차,중형,없음,없음,1078790,1994035,128.3967029,37.94282082
2015,2015-03-14,야,토,1,1,0,0,0,전남,영광군,차대사람,횡단중,횡단중,운전자법규위반,안전운전 의무 불이행,교차로,교차로내,승용차,중형,보행자,보행자,909540,1697711,126.5054046,35.27078368
2015,2015-03-14,야,토,1,1,0,0,0,전남,순천시,차대차,기타,기타,운전자법규위반,안전운전 의무 불이행,단일로,기타단일로,승용차,경형,자전거,자전거,999406,1666206,127.4934913,34.99078359
2015,2015-03-14,야,토,1,1,0,0,0,경북,군위군,차대사람,길가장자리구역통행중,길가장자리구역통행중,운전자법규위반,안전운전 의무 불이행,단일로,기타단일로,승용차,중형,보행자,보행자,1097793,1794251,128.5869599,36.14038068
2015,2015-03-14,야,토,1,1,0,0,0,대구,수성구,차대사람,횡단중,횡단중,운전자법규위반,안전운전 의무 불이행,교차로,교차로내,승용차,중형,보행자,보행자,1100858.5,1759808.3,128.6166433,35.82959176
2015,2015-03-14,야,토,2,2,0,0,0,인천,서구,차대사람,횡단중,횡단중,운전자법규위반,안전운전 의무 불이행,교차로,교차로부근,승용차,중형,보행자,보행자,926460,1945230,126.6679759,37.50341246
2015,2015-03-15,주,일,1,2,1,0,0,경기,성남시,차대차,추돌,진행중 추돌,운전자법규위반,신호위반,교차로,교차로내,승용차,중형,승합차,대형,968335,1934235,127.1422038,37.40669535
2015,2015-03-15,주,일,1,2,1,0,0,경남,창원시(통합),차량단독,도로이탈,도로이탈 추락,운전자법규위반,안전운전 의무 불이행,단일로,기타단일로,화물차,소형,없음,없음,1091421,1696866,128.5050659,35.26307814
2015,2015-03-15,주,일,1,4,0,3,0,광주,남구,차대차,추돌,주정차중 추돌,운전자법규위반,안전운전 의무 불이행,단일로,기타단일로,승용차,중형,승용차,중형,945519.2,1682206.8,126.9019911,35.13359313
2015,2015-03-15,주,일,1,6,1,4,0,경기,김포시,차대차,추돌,주정차중 추돌,운전자법규위반,안전운전 의무 불이행,단일로,기타단일로,승용차,중형,승합차,대형,930461,1958722,126.7119588,37.62532215
2015,2015-03-15,주,일,1,1,0,0,0,경남,진주시,차량단독,기타,기타,운전자법규위반,안전운전 의무 불이행,단일로,기타단일로,농기계,농기계,없음,없음,1059097,1684478,128.1488384,35.15381113
2015,2015-03-15,주,일,1,2,1,0,0,전북,익산시,차량단독,공작물충돌,공작물충돌,운전자법규위반,안전운전 의무 불이행,단일로,기타단일로,승용차,중형,없음,없음,950339,1777632,126.9490353,35.99421389
2015,2015-03-15,주,일,1,3,0,2,0,충남,서산시,차대차,추돌,진행중 추돌,운전자법규위반,안전운전 의무 불이행,단일로,기타단일로,이륜차,대형,승용차,중형,911683,1865573,126.5102117,36.7841801
2015,2015-03-15,주,일,1,2,0,1,0,경기,양평군,차량단독,공작물충돌,공작물충돌,운전자법규위반,안전운전 의무 불이행,단일로,기타단일로,승용차,중형,없음,없음,1020630,1941621,127.7333149,37.47358199
2015,2015-03-15,주,일,1,1,0,0,0,충남,홍성군,차량단독,공작물충돌,공작물충돌,운전자법규위반,안전운전 의무 불이행,교차로,교차로부근,농기계,농기계,없음,없음,919624,1834208,126.6024841,36.50216763
2015,2015-03-15,야,일,1,1,0,0,0,경북,영천시,차대사람,보도통행중,보도통행중,운전자법규위반,보행자 보호의무 위반,단일로,기타단일로,승용차,중형,보행자,보행자,1128601,1775121,128.9261892,35.9643642
2015,2015-03-15,야,일,1,1,0,0,0,충남,아산시,차대사람,횡단중,횡단중,운전자법규위반,안전운전 의무 불이행,교차로,교차로부근,승용차,경형,보행자,보행자,961555,1864185,127.0691847,36.77500564
2015,2015-03-15,야,일,1,1,0,0,0,대구,동구,차량단독,공작물충돌,공작물충돌,운전자법규위반,안전운전 의무 불이행,단일로,기타단일로,승용차,중형,없음,없음,1106206,1773737,128.6776948,35.95458326
2015,2015-03-16,야,월,1,1,0,0,0,경북,경주시,차대사람,기타,기타,운전자법규위반,안전운전 의무 불이행,단일로,기타단일로,승용차,중형,보행자,보행자,1155089,1762334,129.2173411,35.84527759
2015,2015-03-16,야,월,1,2,1,0,0,제주,제주시,차량단독,공작물충돌,공작물충돌,운전자법규위반,안전운전 의무 불이행,교차로,교차로내,승용차,소형,없음,없음,906404,1500674,126.4924414,33.49382719
2015,2015-03-16,주,월,1,1,0,0,0,경북,안동시,차대차,기타,기타,운전자법규위반,안전운전 의무 불이행,교차로,교차로내,승용차,중형,자전거,자전거,1108631,1841116,128.7139415,36.5616398
2015,2015-03-16,주,월,1,1,0,0,0,충남,당진시,차대사람,보도통행중,보도통행중,운전자법규위반,안전운전 의무 불이행,단일로,기타단일로,화물차,소형,보행자,보행자,933659,1873830,126.7557593,36.8604025
2015,2015-03-16,주,월,1,1,0,0,0,전북,고창군,차대차,측면충돌,측면충돌,운전자법규위반,부당한 회전,단일로,기타단일로,이륜차,소형,화물차,소형,918118,1705280,126.5989513,35.33976333
2015,2015-03-16,주,월,1,1,0,0,0,경기,평택시,차대차,기타,기타,운전자법규위반,안전운전 의무 불이행,단일로,기타단일로,화물차,대형,승용차,소형,955205,1891799,126.9963958,37.02364577
2015,2015-03-16,주,월,1,1,0,0,0,충북,보은군,차대사람,차도통행중,차도통행중,운전자법규위반,안전운전 의무 불이행,교차로,교차로내,승합차,대형,보행자,보행자,1019863,1832448,127.7217658,36.48947095
2015,2015-03-16,주,월,1,1,0,0,0,전남,화순군,차대사람,길가장자리구역통행중,길가장자리구역통행중,운전자법규위반,안전운전 의무 불이행,기타/불명,기타/불명,건설기계,건설기계,보행자,보행자,953843,1674526,126.9937822,35.0647522
2015,2015-03-16,주,월,1,1,0,0,0,경북,경주시,차량단독,전도전복,전도전복,운전자법규위반,안전운전 의무 불이행,단일로,기타단일로,승용차,중형,없음,없음,1150449,1778790,129.1690948,35.99430616
2015,2015-03-16,야,월,1,1,0,0,0,충남,금산군,차대차,추돌,진행중 추돌,운전자법규위반,안전운전 의무 불이행,단일로,기타단일로,승용차,중형,농기계,농기계,999106,1785975,127.4900719,36.0706983
2015,2015-03-16,야,월,1,1,0,0,0,전남,여수시,차대사람,길가장자리구역통행중,길가장자리구역통행중,운전자법규위반,안전운전 의무 불이행,단일로,기타단일로,승합차,중형,보행자,보행자,1010318,1633719,127.6126592,34.69777455
2015,2015-03-16,야,월,1,1,0,0,0,경기,평택시,차대사람,기타,기타,운전자법규위반,안전운전 의무 불이행,교차로,교차로부근,승용차,중형,보행자,보행자,950006,1888834,126.9381457,36.99665689
2015,2015-03-17,야,화,1,2,1,0,0,부산,남구,차대차,측면충돌,측면충돌,운전자법규위반,안전거리 미확보,단일로,기타단일로,승용차,중형,이륜차,중형,1146813.5,1680803.8,129.1110061,35.11171076
2015,2015-03-17,야,화,1,1,0,0,0,전북,전주시,차대차,측면충돌,측면충돌,운전자법규위반,안전운전 의무 불이행,단일로,기타단일로,이륜차,중형,승용차,중형,967545.4,1760773.5,127.1406159,35.84294438
2015,2015-03-17,야,화,1,4,0,3,0,서울,마포구,차대차,추돌,진행중 추돌,운전자법규위반,안전운전 의무 불이행,단일로,기타단일로,화물차,소형,화물차,대형,943625,1952509,126.8616072,37.57022665
2015,2015-03-17,주,화,1,2,1,0,0,경기,안성시,차대차,추돌,주정차중 추돌,운전자법규위반,안전운전 의무 불이행,단일로,기타단일로,화물차,중형,화물차,중형,995622,1898634,127.45074,37.08631717
2015,2015-03-17,주,화,1,1,0,0,0,경기,안성시,차대차,기타,기타,운전자법규위반,교차로 통행방법 위반,교차로,교차로내,승용차,소형,이륜차,소형,993790,1897231,127.4301385,37.07365976
2015,2015-03-17,주,화,1,1,0,0,0,경기,포천시,차량단독,공작물충돌,공작물충돌,운전자법규위반,기타(운전자법규위반),단일로,기타단일로,승합차,중형,없음,없음,974447,1979030,127.2096999,37.81063874
2015,2015-03-17,주,화,1,2,1,0,0,전북,익산시,차대차,측면충돌,측면충돌,운전자법규위반,안전운전 의무 불이행,단일로,기타단일로,이륜차,소형,화물차,소형,962716,1784722,127.0860141,36.05868703
2015,2015-03-17,주,화,1,2,0,1,0,전남,보성군,차대차,추돌,진행중 추돌,운전자법규위반,안전운전 의무 불이행,교차로,교차로내,원동기장치자전거,원동기장치자전거,자전거,자전거,963285,1643784,127.0986849,34.78792946
2015,2015-03-17,주,화,1,1,0,0,0,전북,전주시,차대차,측면충돌,측면충돌,운전자법규위반,안전거리 미확보,단일로,기타단일로,자전거,자전거,승합차,대형,967730,1757347,127.1427985,35.81205706
2015,2015-03-17,야,화,1,1,0,0,0,전북,임실군,차대차,추돌,진행중 추돌,운전자법규위반,안전운전 의무 불이행,단일로,기타단일로,승용차,중형,자전거,자전거,979769,1742605,127.2764308,35.67946149
2015,2015-03-17,야,화,1,1,0,0,0,전남,광양시,차대사람,길가장자리구역통행중,길가장자리구역통행중,운전자법규위반,안전운전 의무 불이행,단일로,기타단일로,승용차,중형,보행자,보행자,1009427,1666808,127.6033029,34.99616832
2015,2015-03-17,야,화,1,1,0,0,0,전북,김제시,차대사람,횡단중,횡단중,운전자법규위반,안전운전 의무 불이행,교차로,교차로내,승용차,대형,보행자,보행자,945565,1757135,126.8974749,35.80916638
2015,2015-03-17,야,화,1,1,0,0,0,충남,천안시,차대사람,보도통행중,보도통행중,운전자법규위반,안전운전 의무 불이행,교차로,교차로부근,승용차,중형,보행자,보행자,965179,1868659,127.1095898,36.81547679
2015,2015-03-17,야,화,1,1,0,0,0,경북,구미시,차대사람,횡단중,횡단중,운전자법규위반,안전운전 의무 불이행,기타/불명,기타/불명,승용차,소형,보행자,보행자,1079016,1790791,128.3779326,36.11090206
2015,2015-03-17,야,화,1,1,0,0,0,경남,창원시(통합),차대사람,기타,기타,운전자법규위반,안전운전 의무 불이행,교차로,교차로내,승용차,소형,보행자,보행자,1103685,1696580,128.6398357,35.25930482
2015,2015-03-17,야,화,1,1,0,0,0,충남,예산군,차대사람,차도통행중,차도통행중,운전자법규위반,안전운전 의무 불이행,단일로,기타단일로,승용차,소형,보행자,보행자,930328,1854691,126.7201433,36.68764497
2015,2015-03-17,야,화,1,1,0,0,0,경남,고성군,차대사람,기타,기타,운전자법규위반,안전운전 의무 불이행,단일로,기타단일로,승용차,중형,보행자,보행자,1075574,1669936,128.3284009,35.0215914
2015,2015-03-18,주,수,1,1,0,0,0,경남,창원시(통합),차대사람,차도통행중,차도통행중,운전자법규위반,안전운전 의무 불이행,교차로,교차로부근,승용차,중형,보행자,보행자,1097750,1690768,128.5739104,35.20750369
2015,2015-03-18,주,수,1,1,0,0,0,경남,통영시,차량단독,전도전복,전도전복,운전자법규위반,안전운전 의무 불이행,단일로,기타단일로,승용차,중형,없음,없음,1078567,1658813,128.3601562,34.9210729
2015,2015-03-18,주,수,1,2,1,0,0,대구,북구,차대사람,횡단중,횡단중,운전자법규위반,신호위반,교차로,교차로내,화물차,소형,보행자,보행자,1098298,1765357,128.5889835,35.8798707
2015,2015-03-18,주,수,1,1,0,0,0,전남,영광군,차량단독,전도전복,전도전복,운전자법규위반,안전운전 의무 불이행,단일로,기타단일로,원동기장치자전거,원동기장치자전거,없음,없음,904566,1700447,126.4504058,35.29498819
2015,2015-03-18,주,수,1,1,0,0,0,충남,공주시,차량단독,공작물충돌,공작물충돌,운전자법규위반,안전운전 의무 불이행,단일로,기타단일로,승용차,중형,없음,없음,966974,1833736,127.1312195,36.50071865
2015,2015-03-18,주,수,1,2,1,0,0,경북,경산시,차량단독,전도전복,전도전복,운전자법규위반,안전운전 의무 불이행,교차로,교차로부근,화물차,소형,없음,없음,1113931,1774471,128.7634429,35.96032835
2015,2015-03-18,주,수,1,1,0,0,0,경기,남양주시,차대사람,횡단중,횡단중,운전자법규위반,안전운전 의무 불이행,단일로,기타단일로,승용차,중형,보행자,보행자,968222,1960868,127.1397745,37.64674663
2015,2015-03-18,야,수,1,1,0,0,0,경북,경산시,차대사람,길가장자리구역통행중,길가장자리구역통행중,운전자법규위반,안전운전 의무 불이행,단일로,기타단일로,승용차,대형,보행자,보행자,1115241,1764271,128.7764889,35.86823351
2015,2015-03-18,야,수,1,1,0,0,0,대구,수성구,차대차,기타,기타,운전자법규위반,중앙선 침범,단일로,기타단일로,자전거,자전거,승용차,경형,1100395,1760422,128.6115897,35.83517152
2015,2015-03-18,야,수,1,1,0,0,0,경북,포항시,차대사람,기타,기타,운전자법규위반,안전운전 의무 불이행,교차로,교차로부근,승합차,대형,보행자,보행자,1170687,1773244,129.3923201,35.94099756
2015,2015-03-18,야,수,1,1,0,0,0,대구,북구,차대사람,기타,기타,운전자법규위반,안전운전 의무 불이행,단일로,횡단보도상,화물차,소형,보행자,보행자,1094235,1770147,128.5445461,35.9234502
2015,2015-03-19,야,목,1,1,0,0,0,인천,서구,차대사람,횡단중,횡단중,운전자법규위반,과속,단일로,기타단일로,승용차,중형,보행자,보행자,927545,1946969,126.6800789,37.51917141
2015,2015-03-19,주,목,1,1,0,0,0,경기,화성시,차대사람,횡단중,횡단중,운전자법규위반,안전운전 의무 불이행,교차로,교차로부근,화물차,소형,보행자,보행자,959140,1913445,127.0394529,37.2189413
2015,2015-03-19,주,목,1,6,5,0,0,경기,양평군,차대차,정면충돌,정면충돌,운전자법규위반,중앙선 침범,단일로,기타단일로,승용차,대형,승용차,대형,987451,1950793,127.3579201,37.55639999
2015,2015-03-19,주,목,1,1,0,0,0,부산,수영구,차량단독,공작물충돌,공작물충돌,운전자법규위반,안전운전 의무 불이행,단일로,기타단일로,승용차,중형,없음,없음,1145876,1685214,129.1015007,35.1515993
2015,2015-03-19,주,목,1,4,0,3,0,전북,군산시,차대차,측면충돌,측면충돌,운전자법규위반,신호위반,교차로,교차로내,이륜차,소형,승용차,중형,932617,1778242,126.7523795,35.99864908
2015,2015-03-19,주,목,1,1,0,0,0,경기,안산시,차대사람,차도통행중,차도통행중,운전자법규위반,안전운전 의무 불이행,교차로,교차로내,승용차,중형,보행자,보행자,941833,1923319,126.8436177,37.30702088