발생년,발생년월일시분,주야,요일,사망자수,사상자수,중상자수,경상자수,부상신고자수,발생지시도,발생지시군구,사고유형_대분류,사고유형_중분류,사고유형,법규위반_대분류,법규위반,도로형태_대분류,도로형태,가해자_당사자종별_대분류,가해자_당사자종별,피해자_당사자종별_대분류,피해자_당사자종별,발생위치X_UTMK,발생위치Y_UTMK,경도,위도
2015,2015-03-30,야,월,1,1,0,0,0,대구,중구,차대사람,횡단중,횡단중,운전자법규위반,안전운전 의무 불이행,단일로,기타단일로,화물차,소형,보행자,보행자,1098976,1764933,128.5964408,35.87598024
2015,2015-03-30,주,월,1,1,0,0,0,강원,정선군,차대사람,횡단중,횡단중,운전자법규위반,안전운전 의무 불이행,교차로,교차로내,화물차,소형,보행자,보행자,1103275,1932015,128.6665376,37.38147218
2015,2015-03-30,주,월,1,4,0,3,0,경기,의정부시,차대차,추돌,주정차중 추돌,운전자법규위반,안전운전 의무 불이행,교차로,교차로내,건설기계,건설기계,건설기계,건설기계,960617,1967347,127.0532187,37.70484794
2015,2015-03-30,주,월,1,1,0,0,0,경기,연천군,차대차,추돌,진행중 추돌,운전자법규위반,안전운전 의무 불이행,단일로,기타단일로,승용차,중형,자전거,자전거,962129,2005076,127.0683917,38.04495701
2015,2015-03-30,주,월,1,1,0,0,0,전남,순천시,차량단독,전도전복,전도전복,운전자법규위반,안전운전 의무 불이행,단일로,기타단일로,화물차,소형,없음,없음,997795,1667665,127.4758349,35.00393781
2015,2015-03-30,주,월,4,5,1,0,0,충남,홍성군,차량단독,공작물충돌,공작물충돌,운전자법규위반,안전운전 의무 불이행,단일로,기타단일로,승용차,중형,없음,없음,914746,1845362,126.5467867,36.60228605
2015,2015-03-30,주,월,1,2,0,1,0,경북,영주시,차대차,추돌,주정차중 추돌,운전자법규위반,과속,단일로,기타단일로,건설기계,건설기계,승용차,경형,1087654,1875830,128.4835417,36.87669169
2015,2015-03-30,주,월,1,4,1,2,0,경남,창원시(통합),차대차,추돌,주정차중 추돌,운전자법규위반,안전운전 의무 불이행,교차로,교차로부근,특수차,중형,특수차,중형,1117402,1677208,128.7878411,35.08315395
2015,2015-03-30,주,월,1,1,0,0,0,전북,남원시,차량단독,기타,기타,운전자법규위반,안전운전 의무 불이행,단일로,기타단일로,농기계,농기계,없음,없음,1008634,1726998,127.5952461,35.53891045
2015,2015-03-30,주,월,1,1,0,0,0,경북,포항시,차대차,기타,기타,운전자법규위반,신호위반,교차로,교차로내,화물차,소형,원동기장치자전거,원동기장치자전거,1168021.6,1806932.7,129.3699644,36.24502882
2015,2015-03-30,주,월,1,1,0,0,0,경기,용인시,차대사람,기타,기타,운전자법규위반,기타(운전자법규위반),교차로,교차로부근,승합차,경형,보행자,보행자,969048,1919865,127.1508603,37.27719201
2015,2015-03-30,야,월,1,1,0,0,0,경북,영양군,차대차,정면충돌,정면충돌,운전자법규위반,중앙선 침범,단일로,기타단일로,승용차,대형,건설기계,건설기계,1144915,1855402,129.1219791,36.68555963
2015,2015-03-30,야,월,1,1,0,0,0,경남,남해군,차대차,추돌,진행중 추돌,운전자법규위반,안전운전 의무 불이행,단일로,기타단일로,승용차,소형,자전거,자전거,1046542,1653348,128.0092569,34.87376974
2015,2015-03-30,야,월,1,1,0,0,0,강원,강릉시,차량단독,공작물충돌,공작물충돌,운전자법규위반,안전운전 의무 불이행,단일로,기타단일로,이륜차,소형,없음,없음,1120880,1978967,128.8730985,37.8024257
2015,2015-03-30,야,월,1,1,0,0,0,경북,구미시,차대차,기타,기타,운전자법규위반,안전운전 의무 불이행,단일로,기타단일로,이륜차,중형,승합차,대형,1082655,1794362,128.4187354,36.14279008
2015,2015-03-31,야,화,1,2,1,0,0,경기,포천시,차대차,정면충돌,정면충돌,운전자법규위반,신호위반,교차로,교차로내,승용차,대형,건설기계,건설기계,967556,1978486,127.131439,37.80551673
2015,2015-03-31,야,화,1,2,1,0,0,경기,파주시,차대차,추돌,진행중 추돌,운전자법규위반,안전운전 의무 불이행,교차로,교차로부근,승용차,중형,승용차,중형,932500,1970842,126.7339412,37.73470673
2015,2015-03-31,야,화,2,4,1,1,0,경기,하남시,차대차,측면충돌,측면충돌,운전자법규위반,안전운전 의무 불이행,단일로,기타단일로,화물차,중형,승용차,대형,973697,1948070,127.2022963,37.53156622
2015,2015-03-31,주,화,1,1,0,0,0,전남,해남군,차량단독,공작물충돌,공작물충돌,운전자법규위반,안전운전 의무 불이행,단일로,기타단일로,승합차,소형,없음,없음,914619,1604770,126.5707117,34.43323112
2015,2015-03-31,주,화,1,2,1,0,0,충남,금산군,차대차,정면충돌,정면충돌,운전자법규위반,중앙선 침범,단일로,기타단일로,화물차,중형,건설기계,건설기계,989533,1799351,127.383583,36.19123673
2015,2015-03-31,주,화,1,2,0,1,0,전남,여수시,차대차,측면충돌,측면충돌,운전자법규위반,중앙선 침범,단일로,기타단일로,승용차,소형,화물차,소형,1016687,1637947,127.6822839,34.73581775
2015,2015-03-31,주,화,1,1,0,0,0,전북,김제시,차량단독,공작물충돌,공작물충돌,운전자법규위반,안전운전 의무 불이행,기타/불명,기타/불명,원동기장치자전거,원동기장치자전거,없음,없음,951632,1751106,126.9649903,35.75512746
2015,2015-03-31,주,화,1,4,3,0,0,경북,영덕군,차대차,측면충돌,측면충돌,운전자법규위반,중앙선 침범,단일로,기타단일로,건설기계,건설기계,승용차,중형,1148914,1834078,129.1625937,36.49278594
2015,2015-03-31,주,화,1,1,0,0,0,경북,포항시,차대차,추돌,진행중 추돌,운전자법규위반,직진 및 우회전차의 통행방해,교차로,교차로내,화물차,소형,이륜차,중형,1165844,1778641,129.3397817,35.99046606
2015,2015-03-31,주,화,1,3,1,1,0,전북,임실군,차대차,추돌,주정차중 추돌,운전자법규위반,안전운전 의무 불이행,교차로,교차로부근,승용차,경형,승용차,중형,983366,1732515,127.3163886,35.58855279
2015,2015-03-31,주,화,1,1,0,0,0,강원,정선군,차량단독,공작물충돌,공작물충돌,운전자법규위반,안전운전 의무 불이행,단일로,기타단일로,이륜차,중형,없음,없음,1096142,1935079,128.5863794,37.40985283
2015,2015-03-31,주,화,1,1,0,0,0,경남,창원시(통합),차량단독,공작물충돌,공작물충돌,운전자법규위반,안전운전 의무 불이행,단일로,기타단일로,승용차,중형,없음,없음,1109353,1681848,128.7001785,35.12589043
2015,2015-03-31,야,화,1,1,0,0,0,서울,마포구,차대사람,차도통행중,차도통행중,운전자법규위반,안전운전 의무 불이행,단일로,기타단일로,승용차,중형,보행자,보행자,946985,1952025,126.899689,37.56606394
2015,2015-03-31,야,화,1,1,0,0,0,대구,남구,차대사람,횡단중,횡단중,운전자법규위반,안전운전 의무 불이행,단일로,횡단보도상,승합차,소형,보행자,보행자,1095807,1760736,128.5608363,35.83846121
2015,2015-04-01,야,수,1,2,0,1,0,광주,서구,차대사람,횡단중,횡단중,운전자법규위반,안전운전 의무 불이행,단일로,기타단일로,승용차,중형,보행자,보행자,941420,1683705,126.8568924,35.14687153
2015,2015-04-01,주,수,1,1,0,0,0,전북,전주시,차대사람,횡단중,횡단중,운전자법규위반,안전운전 의무 불이행,단일로,기타단일로,화물차,소형,보행자,보행자,968224,1758729,127.1482116,35.82453336
2015,2015-04-01,주,수,1,1,0,0,0,전남,여수시,차대사람,횡단중,횡단중,운전자법규위반,안전운전 의무 불이행,단일로,기타단일로,승용차,중형,보행자,보행자,1020883,1639443,127.7281566,34.74923109
2015,2015-04-01,주,수,1,3,2,0,0,강원,춘천시,차대차,측면충돌,측면충돌,운전자법규위반,안전운전 의무 불이행,교차로,교차로내,승합차,소형,승용차,중형,1020596,1983538,127.7341139,37.85139504
2015,2015-04-01,주,수,1,1,0,0,0,전남,영광군,차대사람,횡단중,횡단중,운전자법규위반,안전운전 의무 불이행,단일로,기타단일로,승합차,대형,보행자,보행자,909245.3,1698291.3,126.5021007,35.27598879
2015,2015-04-01,주,수,1,1,0,0,0,충북,청주시,차량단독,전도전복,전도전복,운전자법규위반,안전운전 의무 불이행,단일로,기타단일로,이륜차,소형,없음,없음,1001275,1851070.3,127.514266,36.65755766
2015,2015-04-01,주,수,1,2,1,0,0,충북,음성군,차대차,측면충돌,측면충돌,운전자법규위반,중앙선 침범,단일로,고가도로위,화물차,소형,화물차,중형,1016677,1879083,127.6872118,36.90993873
2015,2015-04-01,주,수,1,4,2,1,0,충남,홍성군,차대차,측면충돌,측면충돌,운전자법규위반,중앙선 침범,단일로,기타단일로,승용차,소형,화물차,소형,923821,1845627,126.648216,36.6054431
2015,2015-04-01,주,수,1,1,0,0,0,경기,용인시,차대사람,길가장자리구역통행중,길가장자리구역통행중,운전자법규위반,안전운전 의무 불이행,단일로,기타단일로,화물차,대형,보행자,보행자,985011,1909501,127.3311309,37.18416463
2015,2015-04-01,야,수,1,1,0,0,0,전남,목포시,차대사람,횡단중,횡단중,운전자법규위반,안전운전 의무 불이행,단일로,기타단일로,승용차,중형,보행자,보행자,896819,1646509,126.371925,34.80793533
2015,2015-04-01,야,수,1,1,0,0,0,서울,구로구,차대사람,횡단중,횡단중,운전자법규위반,안전거리 미확보,교차로,교차로부근,승합차,대형,보행자,보행자,943088.2,1943358.1,126.8562381,37.48771609
2015,2015-04-02,야,목,1,1,0,0,0,서울,강동구,차대사람,기타,기타,운전자법규위반,안전운전 의무 불이행,단일로,기타단일로,승용차,중형,보행자,보행자,967520,1949053,127.1323412,37.54022949
2015,2015-04-02,야,목,1,3,1,1,0,경기,부천시,차대사람,횡단중,횡단중,운전자법규위반,안전운전 의무 불이행,단일로,횡단보도부근,승용차,소형,보행자,보행자,936746,1943906,126.7844556,37.49224163
2015,2015-04-02,야,목,1,1,0,0,0,경기,고양시,차대차,추돌,진행중 추돌,운전자법규위반,안전운전 의무 불이행,단일로,기타단일로,승용차,중형,화물차,대형,942079,1963468,126.843233,37.66890296
2015,2015-04-02,주,목,1,1,0,0,0,울산,동구,차량단독,공작물충돌,공작물충돌,운전자법규위반,안전운전 의무 불이행,단일로,기타단일로,원동기장치자전거,원동기장치자전거,없음,없음,1174736,1723454,129.426354,35.49161238
2015,2015-04-02,주,목,2,3,1,0,0,광주,서구,차대사람,길가장자리구역통행중,길가장자리구역통행중,운전자법규위반,과속,단일로,기타단일로,승용차,중형,보행자,보행자,941487,1680975,126.8578212,35.12225991
2015,2015-04-02,주,목,1,2,0,1,0,전남,무안군,차대차,측면충돌,측면충돌,운전자법규위반,신호위반,교차로,교차로내,승용차,경형,이륜차,소형,905410,1646497,126.4658374,34.80866154
2015,2015-04-02,야,목,1,1,0,0,0,경북,경산시,차대사람,횡단중,횡단중,운전자법규위반,안전운전 의무 불이행,단일로,기타단일로,화물차,소형,보행자,보행자,1113563,1758285,128.7570545,35.81447171
2015,2015-04-02,야,목,1,1,0,0,0,서울,서초구,차대사람,차도통행중,차도통행중,운전자법규위반,안전운전 의무 불이행,단일로,횡단보도부근,승합차,대형,보행자,보행자,958889,1942799,127.0349948,37.4835154
2015,2015-04-02,야,목,1,2,0,1,0,부산,서구,차량단독,공작물충돌,공작물충돌,운전자법규위반,안전운전 의무 불이행,단일로,기타단일로,승용차,대형,없음,없음,1137633,1680427,129.0102366,35.10961104
2015,2015-04-03,야,금,1,1,0,0,0,전남,영암군,차대사람,차도통행중,차도통행중,운전자법규위반,안전운전 의무 불이행,단일로,기타단일로,승용차,중형,보행자,보행자,897176,1639827,126.3766444,34.74772632
2015,2015-04-03,야,금,1,1,0,0,0,경기,시흥시,차량단독,공작물충돌,공작물충돌,운전자법규위반,안전운전 의무 불이행,단일로,기타단일로,화물차,소형,없음,없음,935777,1928600,126.7748265,37.35422085
2015,2015-04-03,주,금,1,4,1,2,0,경북,영주시,차대차,측면충돌,측면충돌,운전자법규위반,안전운전 의무 불이행,교차로,교차로내,화물차,소형,승용차,중형,1099598,1870245,128.6168078,36.82516981
2015,2015-04-03,주,금,1,1,0,0,0,경북,경주시,차대차,측면충돌,측면충돌,운전자법규위반,교차로 통행방법 위반,교차로,교차로내,승합차,대형,원동기장치자전거,원동기장치자전거,1165810,1754300,129.3343385,35.77112348
2015,2015-04-03,주,금,1,1,0,0,0,경기,평택시,차대사람,기타,기타,운전자법규위반,안전운전 의무 불이행,단일로,터널안,화물차,소형,보행자,보행자,954328,1890066,126.9866417,37.00798218
2015,2015-04-03,주,금,1,2,0,1,0,경북,구미시,차대차,정면충돌,정면충돌,운전자법규위반,신호위반,교차로,교차로내,승용차,경형,승합차,대형,1072404,1806025,128.3058801,36.24874901
2015,2015-04-03,주,금,2,5,3,0,0,부산,해운대구,차대사람,기타,기타,운전자법규위반,안전운전 의무 불이행,단일로,기타단일로,승용차,중형,보행자,보행자,1148030,1688850,129.1257923,35.18405774
2015,2015-04-03,주,금,1,2,0,0,1,경북,안동시,차대차,기타,기타,운전자법규위반,안전운전 의무 불이행,단일로,기타단일로,승합차,소형,농기계,농기계,1112149,1867092,128.7570503,36.79534826
2015,2015-04-03,야,금,1,1,0,0,0,경기,부천시,차대사람,기타,기타,운전자법규위반,안전운전 의무 불이행,단일로,기타단일로,승합차,중형,보행자,보행자,934326,1943494,126.7571188,37.48835933
2015,2015-04-03,야,금,1,1,0,0,0,경북,칠곡군,차량단독,도로이탈,도로이탈 기타,운전자법규위반,안전운전 의무 불이행,단일로,기타단일로,승용차,중형,없음,없음,1079990,1777998,128.3874577,35.99549622
2015,2015-04-03,야,금,1,1,0,0,0,인천,남구,차대사람,차도통행중,차도통행중,운전자법규위반,과속,교차로,교차로부근,화물차,소형,보행자,보행자,924803,1938534,126.6499145,37.44292981
2015,2015-04-04,야,토,1,1,0,0,0,서울,동대문구,차대차,측면충돌,측면충돌,운전자법규위반,신호위반,교차로,교차로내,승용차,대형,이륜차,중형,960938,1953047,127.0576251,37.57597318
2015,2015-04-04,주,토,1,2,1,0,0,경북,청도군,차대차,추돌,진행중 추돌,운전자법규위반,안전운전 의무 불이행,단일로,기타단일로,승용차,중형,농기계,농기계,1103905,1738797,128.6476451,35.63986679
2015,2015-04-04,주,토,1,1,0,0,0,전북,정읍시,차대차,측면충돌,측면충돌,운전자법규위반,중앙선 침범,단일로,기타단일로,원동기장치자전거,원동기장치자전거,승합차,경형,953050,1744308,126.9810722,35.69390552
2015,2015-04-04,주,토,1,1,0,0,0,전남,영암군,차량단독,공작물충돌,공작물충돌,운전자법규위반,안전운전 의무 불이행,단일로,기타단일로,승용차,중형,없음,없음,899275,1638480,126.3997333,34.73579091
2015,2015-04-04,야,토,1,1,0,0,0,대구,달서구,차대사람,횡단중,횡단중,운전자법규위반,보행자 보호의무 위반,교차로,교차로부근,승용차,중형,보행자,보행자,1094557,1761276,128.5470616,35.8434505
2015,2015-04-04,야,토,1,1,0,0,0,경남,양산시,차대사람,횡단중,횡단중,운전자법규위반,보행자 보호의무 위반,교차로,교차로부근,승용차,중형,보행자,보행자,1138956,1706225,129.0291065,35.34196977
2015,2015-04-04,야,토,1,1,0,0,0,경남,거창군,차대차,추돌,주정차중 추돌,운전자법규위반,안전운전 의무 불이행,단일로,기타단일로,원동기장치자전거,원동기장치자전거,화물차,중형,1037658,1742876,127.916161,35.68139327
2015,2015-04-04,야,토,1,1,0,0,0,경기,양주시,차량단독,기타,기타,운전자법규위반,안전운전 의무 불이행,교차로,교차로부근,이륜차,소형,없음,없음,955869,1978247,126.9986943,37.80287251
2015,2015-04-04,야,토,1,1,0,0,0,충북,청주시,차대차,기타,기타,운전자법규위반,안전운전 의무 불이행,단일로,기타단일로,승용차,중형,승용차,중형,993982,1836180,127.4327811,36.52330274
2015,2015-04-05,야,일,1,1,0,0,0,강원,태백시,차량단독,공작물충돌,공작물충돌,운전자법규위반,안전운전 의무 불이행,단일로,기타단일로,승용차,중형,없음,없음,1129033,1904627,128.9526609,37.13144808
2015,2015-04-05,야,일,1,1,0,0,0,경기,하남시,차대사람,차도통행중,차도통행중,운전자법규위반,안전운전 의무 불이행,단일로,기타단일로,승용차,대형,보행자,보행자,976326,1944525,127.2321659,37.49968446
2015,2015-04-05,주,일,1,5,3,1,0,충남,논산시,차대차,정면충돌,정면충돌,운전자법규위반,앞지르기 금지위반,교차로,교차로내,승용차,소형,승용차,소형,962368,1800196,127.0814101,36.19817963
2015,2015-04-05,주,일,1,4,1,2,0,충남,예산군,차대차,측면충돌,측면충돌,운전자법규위반,안전운전 의무 불이행,교차로,교차로내,승용차,소형,승용차,중형,924618,1854949,126.6562105,36.68953484
2015,2015-04-05,주,일,2,2,0,0,0,강원,정선군,차대차,추돌,진행중 추돌,운전자법규위반,안전운전 의무 불이행,기타/불명,기타/불명,승용차,소형,화물차,소형,1113395,1916486,128.7784505,37.24034676
2015,2015-04-05,주,일,1,2,0,1,0,충북,충주시,차대차,기타,기타,운전자법규위반,안전운전 의무 불이행,교차로,교차로내,승용차,소형,승용차,소형,1034051,1888279.1,127.8826594,36.99236775
2015,2015-04-05,주,일,1,1,0,0,0,전북,전주시,차량단독,공작물충돌,공작물충돌,운전자법규위반,안전운전 의무 불이행,단일로,기타단일로,승용차,중형,없음,없음,965915,1752112,127.1229314,35.76479657
2015,2015-04-05,야,일,1,1,0,0,0,충남,논산시,차대사람,횡단중,횡단중,운전자법규위반,안전운전 의무 불이행,단일로,기타단일로,승용차,대형,보행자,보행자,972621,1801222,127.1954191,36.20777404
2015,2015-04-05,야,일,1,1,0,0,0,충북,음성군,차대사람,길가장자리구역통행중,길가장자리구역통행중,운전자법규위반,안전운전 의무 불이행,단일로,횡단보도부근,승합차,중형,보행자,보행자,1016509,1881000,127.6853677,36.9272225
2015,2015-04-05,야,일,1,1,0,0,0,충남,당진시,차대사람,기타,기타,운전자법규위반,안전운전 의무 불이행,단일로,기타단일로,승용차,대형,보행자,보행자,934614,1885454,126.765468,36.96524575
2015,2015-04-05,야,일,1,1,0,0,0,경남,진주시,차대사람,차도통행중,차도통행중,운전자법규위반,안전운전 의무 불이행,단일로,기타단일로,승용차,대형,보행자,보행자,1047886,1681568,128.0255869,35.12816872
2015,2015-04-05,야,일,1,1,0,0,0,전북,익산시,차대차,추돌,주정차중 추돌,운전자법규위반,안전운전 의무 불이행,교차로,교차로부근,승용차,중형,화물차,중형,948745,1772962,126.9316534,35.9520288
2015,2015-04-06,야,월,1,1,0,0,0,전남,순천시,차대사람,기타,기타,운전자법규위반,안전운전 의무 불이행,단일로,기타단일로,승용차,중형,보행자,보행자,1001639,1662565,127.5179521,34.9579498
2015,2015-04-06,주,월,1,1,0,0,0,강원,평창군,차대차,측면충돌,측면충돌,운전자법규위반,안전운전 의무 불이행,단일로,기타단일로,승용차,대형,이륜차,소형,1084313,1948229,128.4542384,37.5295193
2015,2015-04-06,주,월,1,2,1,0,0,충북,음성군,차대차,기타,기타,운전자법규위반,안전운전 의무 불이행,교차로,교차로내,화물차,대형,화물차,대형,1016813.9,1879483.9,127.6887575,36.91355022
2015,2015-04-06,주,월,1,1,0,0,0,경남,통영시,차대차,기타,기타,운전자법규위반,신호위반,단일로,기타단일로,승용차,대형,이륜차,소형,1086028,1652120,128.4411419,34.86012063
2015,2015-04-06,주,월,1,3,2,0,0,경북,성주군,차대차,정면충돌,정면충돌,운전자법규위반,중앙선 침범,기타/불명,기타/불명,화물차,소형,화물차,소형,1067405,1755362,128.2459269,35.79237674
2015,2015-04-06,야,월,1,1,0,0,0,경기,동두천시,차대사람,기타,기타,운전자법규위반,안전운전 의무 불이행,단일로,기타단일로,승합차,대형,보행자,보행자,961027,1991371,127.0565767,37.92139179
2015,2015-04-06,야,월,1,4,3,0,0,경기,평택시,차대차,측면충돌,측면충돌,운전자법규위반,중앙선 침범,단일로,기타단일로,승용차,소형,승용차,경형,961893,1891629,127.0715916,37.02240862
2015,2015-04-07,야,화,2,2,0,0,0,경기,시흥시,차대차,추돌,주정차중 추돌,운전자법규위반,안전운전 의무 불이행,단일로,기타단일로,승용차,중형,화물차,중형,936853,1929102,126.7869325,37.35881933
2015,2015-04-07,야,화,1,1,0,0,0,대구,수성구,차대사람,횡단중,횡단중,운전자법규위반,안전운전 의무 불이행,교차로,교차로내,화물차,중형,보행자,보행자,1101660,1763099,128.6259347,35.85917279
2015,2015-04-07,주,화,1,1,0,0,0,서울,동대문구,차대차,측면충돌,측면충돌,운전자법규위반,안전운전 의무 불이행,기타/불명,기타/불명,승용차,중형,자전거,자전거,960896,1953184,127.0571422,37.57720621
2015,2015-04-07,주,화,1,1,0,0,0,충북,영동군,차대차,추돌,진행중 추돌,운전자법규위반,안전운전 의무 불이행,단일로,기타단일로,화물차,중형,농기계,농기계,1044361,1802244,127.9935518,36.2163578
2015,2015-04-07,주,화,1,1,0,0,0,전북,고창군,차대사람,길가장자리구역통행중,길가장자리구역통행중,운전자법규위반,안전운전 의무 불이행,단일로,기타단일로,승용차,경형,보행자,보행자,921167,1714577,126.6316019,35.42382896
2015,2015-04-07,야,화,1,1,0,0,0,전남,담양군,차대차,추돌,진행중 추돌,운전자법규위반,차로위반(진로변경 위반),단일로,기타단일로,승용차,중형,이륜차,중형,950474,1694620,126.9556292,35.24577602
2015,2015-04-07,야,화,1,1,0,0,0,인천,서구,차대사람,횡단중,횡단중,운전자법규위반,안전운전 의무 불이행,단일로,횡단보도상,승용차,중형,보행자,보행자,927408,1945968,126.6786276,37.5101389
2015,2015-04-07,야,화,1,1,0,0,0,광주,북구,차대사람,횡단중,횡단중,운전자법규위반,안전운전 의무 불이행,단일로,기타단일로,화물차,소형,보행자,보행자,945225.4,1687451.1,126.8984183,35.1808635
2015,2015-04-07,야,화,1,1,0,0,0,강원,춘천시,차대차,측면충돌,측면충돌,운전자법규위반,신호위반,교차로,교차로내,이륜차,중형,승합차,소형,1020122,1987043,127.7288237,37.88299631
2015,2015-04-08,야,수,1,2,0,1,0,경북,상주시,차대차,정면충돌,정면충돌,운전자법규위반,중앙선 침범,단일로,기타단일로,화물차,중형,화물차,중형,1059979,1830728,128.1694999,36.47229289
2015,2015-04-08,야,수,1,3,0,2,0,인천,남구,차대차,측면충돌,측면충돌,운전자법규위반,신호위반,교차로,교차로내,승용차,중형,이륜차,중형,924832,1940988,126.649992,37.46504944
2015,2015-04-08,야,수,1,2,1,0,0,충남,아산시,차대차,정면충돌,정면충돌,운전자법규위반,중앙선 침범,단일로,기타단일로,승용차,대형,승용차,중형,944827,1871660,126.8811969,36.84156027
2015,2015-04-08,주,수,1,2,0,1,0,전남,여수시,차대차,정면충돌,정면충돌,운전자법규위반,중앙선 침범,교차로,교차로부근,화물차,소형,승용차,중형,1014582,1640735,127.6593378,34.76099156
2015,2015-04-08,주,수,1,1,0,0,0,대구,달서구,차대차,측면충돌,측면충돌,운전자법규위반,안전운전 의무 불이행,단일로,기타단일로,승용차,소형,원동기장치자전거,원동기장치자전거,1090501,1758493,128.501839,35.8187452
2015,2015-04-08,주,수,1,2,1,0,0,전남,장성군,차대차,정면충돌,정면충돌,운전자법규위반,중앙선 침범,단일로,기타단일로,자전거,자전거,이륜차,소형,932107,1701595,126.7531822,35.30758805
2015,2015-04-08,주,수,1,2,1,0,0,경남,진주시,차대사람,기타,기타,운전자법규위반,부당한 회전,교차로,교차로부근,화물차,중형,보행자,보행자,1053220,1687235,128.0844946,35.17899859
2015,2015-04-08,주,수,1,3,1,1,0,경기,이천시,차대차,추돌,주정차중 추돌,운전자법규위반,중앙선 침범,교차로,교차로부근,승용차,대형,화물차,대형,1009581,1903505,127.6078648,37.13018682
2015,2015-04-08,주,수,1,1,0,0,0,부산,동구,차량단독,공작물충돌,공작물충돌,운전자법규위반,안전운전 의무 불이행,단일로,고가도로위,특수차,대형,없음,없음,1142660,1682669,129.0657662,35.12912053
2015,2015-04-08,주,수,1,1,0,0,0,제주,서귀포시,차대차,측면충돌,측면충돌,운전자법규위반,안전운전 의무 불이행,교차로,교차로내,승용차,중형,원동기장치자전거,원동기장치자전거,879344,1475882,126.2045188,33.2675545
2015,2015-04-08,주,수,1,5,3,1,0,경기,포천시,차대차,기타,기타,운전자법규위반,중앙선 침범,단일로,기타단일로,승용차,경형,승용차,중형,984664,1997943,127.3253693,37.9813308
2015,2015-04-08,주,수,1,1,0,0,0,경기,남양주시,차량단독,공작물충돌,공작물충돌,운전자법규위반,안전운전 의무 불이행,단일로,기타단일로,화물차,중형,없음,없음,972983,1956052,127.193921,37.60349081
2015,2015-04-08,야,수,1,3,0,2,0,경기,포천시,차대차,추돌,주정차중 추돌,운전자법규위반,안전운전 의무 불이행,단일로,기타단일로,승용차,경형,승용차,경형,967551,1978448,127.1313839,37.80517406
2015,2015-04-08,야,수,1,1,0,0,0,경기,포천시,차대차,측면충돌,측면충돌,운전자법규위반,신호위반,교차로,교차로내,원동기장치자전거,원동기장치자전거,승용차,중형,972909,1983219,127.1920705,37.84834998
2015,2015-04-09,야,목,1,1,0,0,0,경기,화성시,차대차,기타,기타,운전자법규위반,안전운전 의무 불이행,단일로,기타단일로,승용차,경형,화물차,대형,947105,1903489,126.9045129,37.12859603
2015,2015-04-09,야,목,1,1,0,0,0,대구,중구,차대사람,횡단중,횡단중,운전자법규위반,안전운전 의무 불이행,교차로,교차로부근,승합차,소형,보행자,보행자,1098841,1764827,128.5949323,35.87503834
2015,2015-04-09,주,목,1,2,1,0,0,경기,여주시,차량단독,전도전복,전도전복,운전자법규위반,안전운전 의무 불이행,단일로,기타단일로,화물차,대형,없음,없음,1008115,1914705,127.591482,37.23115909
2015,2015-04-09,주,목,1,1,0,0,0,서울,은평구,차대차,측면충돌,측면충돌,운전자법규위반,안전운전 의무 불이행,단일로,기타단일로,건설기계,건설기계,이륜차,소형,950193,1955833,126.9357539,37.60056495
2015,2015-04-09,주,목,1,1,0,0,0,전남,신안군,차량단독,기타,기타,운전자법규위반,안전운전 의무 불이행,기타/불명,기타/불명,농기계,농기계,없음,없음,874609,1653140,126.1281684,34.86522155
2015,2015-04-09,주,목,1,2,1,0,0,경북,봉화군,차량단독,도로이탈,도로이탈 추락,운전자법규위반,안전운전 의무 불이행,단일로,기타단일로,화물차,중형,없음,없음,1133134,1887485,128.9957805,36.97640234
2015,2015-04-09,주,목,1,1,0,0,0,서울,노원구,차대차,기타,기타,운전자법규위반,중앙선 침범,교차로,교차로내,자전거,자전거,승용차,중형,961539,1958837,127.0641268,37.6281852
2015,2015-04-09,야,목,1,4,3,0,0,경기,고양시,차량단독,공작물충돌,공작물충돌,운전자법규위반,안전운전 의무 불이행,교차로,교차로부근,승용차,중형,없음,없음,944959,1954226,126.8765836,37.58578271
2015,2015-04-09,야,목,1,1,0,0,0,울산,울주군,차량단독,도로이탈,도로이탈 추락,운전자법규위반,안전운전 의무 불이행,단일로,기타단일로,이륜차,대형,없음,없음,1165698,1712608,129.3245544,35.39541556
2015,2015-04-09,야,목,1,3,2,0,0,강원,동해시,차대차,측면충돌,측면충돌,운전자법규위반,신호위반,교차로,교차로내,승용차,소형,승용차,중형,1143384,1944608,129.1218915,37.48960143
2015,2015-04-09,야,목,1,1,0,0,0,전남,해남군,차량단독,공작물충돌,공작물충돌,운전자법규위반,안전운전 의무 불이행,단일로,기타단일로,승용차,중형,없음,없음,917992.8,1619412.7,126.6060198,34.5655391
2015,2015-04-10,야,금,1,2,1,0,0,제주,서귀포시,차대차,추돌,주정차중 추돌,운전자법규위반,안전운전 의무 불이행,단일로,기타단일로,승용차,대형,건설기계,건설기계,905698,1473694,126.4876651,33.25044814