발생년,발생년월일시분,주야,요일,사망자수,사상자수,중상자수,경상자수,부상신고자수,발생지시도,발생지시군구,사고유형_대분류,사고유형_중분류,사고유형,법규위반_대분류,법규위반,도로형태_대분류,도로형태,가해자_당사자종별_대분류,가해자_당사자종별,피해자_당사자종별_대분류,피해자_당사자종별,발생위치X_UTMK,발생위치Y_UTMK,경도,위도
2015,2015-04-20,주,월,1,1,0,0,0,서울,구로구,차대차,기타,기타,운전자법규위반,안전운전 의무 불이행,교차로,교차로부근,승용차,중형,원동기장치자전거,원동기장치자전거,947083,1942791,126.901464,37.48284229
2015,2015-04-20,주,월,1,1,0,0,0,서울,광진구,차대차,측면충돌,측면충돌,운전자법규위반,안전거리 미확보,단일로,기타단일로,승합차,경형,원동기장치자전거,원동기장치자전거,962615,1951818,127.0766792,37.56496546
2015,2015-04-20,주,월,1,3,0,2,0,전남,해남군,차대차,정면충돌,정면충돌,운전자법규위반,중앙선 침범,단일로,기타단일로,승용차,중형,화물차,소형,924212,1607059,126.674909,34.45462061
2015,2015-04-20,주,월,1,1,0,0,0,강원,횡성군,차량단독,도로이탈,도로이탈 추락,운전자법규위반,안전운전 의무 불이행,단일로,기타단일로,건설기계,건설기계,없음,없음,1068707,1954352,128.278203,37.58599937
2015,2015-04-20,야,월,1,1,0,0,0,경기,수원시,차량단독,기타,기타,운전자법규위반,안전운전 의무 불이행,단일로,기타단일로,자전거,자전거,없음,없음,956136,1921164,127.00514,37.28838161
2015,2015-04-21,야,화,1,1,0,0,0,광주,북구,차대사람,횡단중,횡단중,운전자법규위반,안전운전 의무 불이행,단일로,횡단보도상,화물차,소형,보행자,보행자,945362,1685041,126.9000782,35.15913981
2015,2015-04-21,주,화,1,1,0,0,0,경북,상주시,차량단독,공작물충돌,공작물충돌,운전자법규위반,안전운전 의무 불이행,단일로,기타단일로,승용차,소형,없음,없음,1061714,1827741,128.188627,36.44525607
2015,2015-04-21,주,화,1,1,0,0,0,울산,울주군,차대차,추돌,진행중 추돌,운전자법규위반,안전거리 미확보,단일로,기타단일로,승용차,대형,농기계,농기계,1168501,1708523,129.354562,35.35813093
2015,2015-04-21,주,화,1,1,0,0,0,강원,철원군,차량단독,공작물충돌,공작물충돌,운전자법규위반,안전운전 의무 불이행,단일로,기타단일로,승용차,중형,없음,없음,1003702,2030465,127.5423236,38.27456394
2015,2015-04-21,주,화,1,1,0,0,0,충북,충주시,차대사람,기타,기타,운전자법규위반,안전운전 의무 불이행,단일로,기타단일로,화물차,소형,보행자,보행자,1038065,1893760,127.928044,37.04161944
2015,2015-04-21,주,화,1,2,0,1,0,경남,고성군,차대차,측면충돌,측면충돌,운전자법규위반,안전거리 미확보,교차로,교차로부근,화물차,소형,승용차,경형,1071682,1665195,128.285334,34.97912744
2015,2015-04-21,주,화,1,2,1,0,0,경기,광명시,차대차,추돌,진행중 추돌,운전자법규위반,안전운전 의무 불이행,단일로,기타단일로,화물차,경형,특수차,경형,944488,1939041,126.8723965,37.44889054
2015,2015-04-21,야,화,1,1,0,0,0,전남,영암군,차대차,기타,기타,운전자법규위반,안전운전 의무 불이행,단일로,기타단일로,승용차,중형,화물차,소형,930380,1643606,126.7390515,34.78460736
2015,2015-04-21,야,화,1,1,0,0,0,경기,부천시,차대차,측면충돌,측면충돌,운전자법규위반,신호위반,교차로,교차로내,이륜차,소형,승용차,중형,936014,1945171,126.7760655,37.50359257
2015,2015-04-21,야,화,1,1,0,0,0,경북,상주시,차대차,기타,기타,운전자법규위반,중앙선 침범,단일로,기타단일로,화물차,중형,화물차,중형,1058308,1822500,128.1502299,36.39822308
2015,2015-04-21,야,화,1,2,0,1,0,경남,김해시,차대차,추돌,진행중 추돌,운전자법규위반,안전운전 의무 불이행,단일로,기타단일로,화물차,대형,화물차,대형,1116138,1693381,128.776254,35.2290995
2015,2015-04-21,야,화,1,1,0,0,0,충북,청주시,차량단독,공작물충돌,공작물충돌,운전자법규위반,안전운전 의무 불이행,단일로,기타단일로,승용차,대형,없음,없음,993214,1855685,127.4240306,36.69913542
2015,2015-04-21,야,화,1,1,0,0,0,광주,남구,차대사람,기타,기타,운전자법규위반,보행자 보호의무 위반,단일로,횡단보도상,승용차,소형,보행자,보행자,944202,1683128,126.8874713,35.14182713
2015,2015-04-22,주,수,1,2,0,1,0,경남,진주시,차대사람,횡단중,횡단중,운전자법규위반,보행자 보호의무 위반,교차로,교차로부근,화물차,중형,보행자,보행자,1053112,1689066,128.0834265,35.19551387
2015,2015-04-22,주,수,1,2,0,1,0,대구,서구,차대차,측면충돌,측면충돌,운전자법규위반,신호위반,단일로,기타단일로,승용차,소형,이륜차,소형,1095200,1762752,128.5543568,35.85669387
2015,2015-04-22,주,수,1,2,1,0,0,강원,인제군,차대차,정면충돌,정면충돌,운전자법규위반,중앙선 침범,단일로,기타단일로,이륜차,중형,화물차,소형,1057698,1994030,128.1566732,37.94436026
2015,2015-04-22,야,수,1,1,0,0,0,경기,화성시,차대사람,횡단중,횡단중,운전자법규위반,안전운전 의무 불이행,단일로,기타단일로,승용차,중형,보행자,보행자,959518,1912636,127.0437572,37.21166561
2015,2015-04-23,야,목,1,2,1,0,0,경기,안양시,차대사람,횡단중,횡단중,운전자법규위반,신호위반,교차로,교차로부근,화물차,중형,보행자,보행자,950899,1932097,126.945336,37.38666437
2015,2015-04-23,야,목,1,1,0,0,0,충남,천안시,차량단독,공작물충돌,공작물충돌,운전자법규위반,안전운전 의무 불이행,단일로,기타단일로,승용차,소형,없음,없음,967066,1859445,127.1311444,36.73248397
2015,2015-04-23,주,목,1,1,0,0,0,경기,화성시,차대차,기타,기타,운전자법규위반,안전운전 의무 불이행,단일로,기타단일로,원동기장치자전거,원동기장치자전거,건설기계,건설기계,937752,1893773,126.8000301,37.04044398
2015,2015-04-23,주,목,1,1,0,0,0,충남,천안시,차대사람,횡단중,횡단중,운전자법규위반,안전운전 의무 불이행,교차로,교차로내,승용차,소형,보행자,보행자,966753,1867216,127.1273001,36.80252545
2015,2015-04-23,주,목,2,3,1,0,0,강원,원주시,차대차,측면충돌,측면충돌,운전자법규위반,기타(운전자법규위반),단일로,기타단일로,승합차,중형,자전거,자전거,1038530,1933247,127.9353134,37.39752978
2015,2015-04-23,주,목,1,2,0,1,0,경기,안성시,차대차,기타,기타,운전자법규위반,안전거리 미확보,교차로,교차로부근,화물차,경형,화물차,중형,987761,1893937,127.362367,37.04390727
2015,2015-04-23,주,목,1,1,0,0,0,전북,남원시,차량단독,전도전복,전도전복,운전자법규위반,안전운전 의무 불이행,기타/불명,기타/불명,이륜차,대형,없음,없음,997179,1717417,127.4689134,35.45255504
2015,2015-04-23,주,목,1,2,1,0,0,경북,청송군,차대차,정면충돌,정면충돌,운전자법규위반,중앙선 침범,단일로,기타단일로,화물차,경형,승용차,소형,1140149,1825219,129.0631651,36.41427299
2015,2015-04-23,주,목,1,3,2,0,0,충남,공주시,차량단독,전도전복,전도전복,운전자법규위반,안전운전 의무 불이행,단일로,기타단일로,승용차,대형,없음,없음,968745,1827057,127.1512646,36.44056651
2015,2015-04-23,주,목,1,1,0,0,0,전북,군산시,차대차,정면충돌,정면충돌,운전자법규위반,부당한 회전,교차로,교차로내,자전거,자전거,승용차,소형,929270,1773921,126.7156329,35.95945754
2015,2015-04-23,주,목,1,1,0,0,0,경북,경주시,차대사람,횡단중,횡단중,운전자법규위반,안전운전 의무 불이행,단일로,횡단보도상,건설기계,건설기계,보행자,보행자,1162935,1754451,129.3025776,35.7729651
2015,2015-04-23,야,목,1,1,0,0,0,경기,의정부시,차대사람,기타,기타,운전자법규위반,안전운전 의무 불이행,교차로,교차로부근,승용차,중형,보행자,보행자,960961,1970289,127.0569632,37.73137909
2015,2015-04-23,야,목,1,1,0,0,0,경기,시흥시,차대사람,횡단중,횡단중,운전자법규위반,안전운전 의무 불이행,단일로,기타단일로,화물차,중형,보행자,보행자,937370,1937981,126.7920177,37.43888198
2015,2015-04-23,야,목,1,1,0,0,0,강원,원주시,차대사람,횡단중,횡단중,운전자법규위반,안전운전 의무 불이행,교차로,교차로부근,승용차,중형,보행자,보행자,1040569,1934885,127.9584394,37.41220687
2015,2015-04-24,야,금,1,3,0,2,0,서울,송파구,차대차,측면충돌,측면충돌,운전자법규위반,신호위반,교차로,교차로내,이륜차,중형,승용차,중형,967651,1944404,127.1340288,37.49833055
2015,2015-04-24,야,금,1,1,0,0,0,대전,서구,차대차,추돌,진행중 추돌,운전자법규위반,안전운전 의무 불이행,단일로,기타단일로,승용차,중형,화물차,대형,983094,1811685,127.3117003,36.30234312
2015,2015-04-24,주,금,1,1,0,0,0,전남,구례군,차대사람,기타,기타,운전자법규위반,안전운전 의무 불이행,단일로,기타단일로,화물차,소형,보행자,보행자,997385,1690601,127.4712691,35.21075718
2015,2015-04-24,주,금,1,1,0,0,0,서울,용산구,차대차,정면충돌,정면충돌,운전자법규위반,안전운전 의무 불이행,단일로,기타단일로,불명,불명,승용차,중형,955279,1947015,126.9939071,37.52134776
2015,2015-04-24,주,금,1,1,0,0,0,전북,정읍시,차대차,측면충돌,측면충돌,운전자법규위반,직진 및 우회전차의 통행방해,교차로,교차로내,이륜차,중형,화물차,소형,935918,1724748,126.7932798,35.51659036
2015,2015-04-24,주,금,1,1,0,0,0,전북,군산시,차대차,측면충돌,측면충돌,운전자법규위반,직진 및 우회전차의 통행방해,교차로,교차로내,화물차,경형,이륜차,소형,930781,1775819,126.7322223,35.97667669
2015,2015-04-24,야,금,1,1,0,0,0,경북,김천시,차량단독,전도전복,전도전복,운전자법규위반,안전운전 의무 불이행,단일로,기타단일로,원동기장치자전거,원동기장치자전거,없음,없음,1049502,1794140,128.0502362,36.14304861
2015,2015-04-24,야,금,1,1,0,0,0,충남,보령시,차대사람,횡단중,횡단중,운전자법규위반,안전운전 의무 불이행,단일로,기타단일로,승합차,소형,보행자,보행자,919505,1814361,126.6032145,36.32325258
2015,2015-04-24,야,금,1,4,0,1,2,인천,부평구,차대차,정면충돌,정면충돌,운전자법규위반,중앙선 침범,단일로,기타단일로,화물차,소형,승합차,대형,931890,1943559,126.7295598,37.4887687
2015,2015-04-25,야,토,1,2,1,0,0,울산,동구,차대차,기타,기타,운전자법규위반,직진 및 우회전차의 통행방해,교차로,교차로내,이륜차,중형,승용차,중형,1173550,1722908,129.413169,35.48690001
2015,2015-04-25,야,토,1,2,0,1,0,부산,사하구,차대차,정면충돌,정면충돌,운전자법규위반,중앙선 침범,단일로,기타단일로,이륜차,중형,승용차,중형,1134714,1678502,128.9779029,35.09265331
2015,2015-04-25,야,토,1,3,2,0,0,부산,기장군,차량단독,공작물충돌,공작물충돌,운전자법규위반,안전운전 의무 불이행,단일로,기타단일로,승용차,중형,없음,없음,1155450,1691513,129.2077561,35.20693855
2015,2015-04-25,야,토,1,1,0,0,0,대구,수성구,차량단독,공작물충돌,공작물충돌,운전자법규위반,안전운전 의무 불이행,단일로,기타단일로,승용차,중형,없음,없음,1100827,1757631,128.6160198,35.80996773
2015,2015-04-25,주,토,1,1,0,0,0,강원,춘천시,차대사람,횡단중,횡단중,운전자법규위반,보행자 보호의무 위반,단일로,기타단일로,승용차,중형,보행자,보행자,1020293,1984492,127.7306966,37.86000029
2015,2015-04-25,주,토,2,6,3,1,0,강원,횡성군,차대차,측면충돌,측면충돌,운전자법규위반,직진 및 우회전차의 통행방해,교차로,교차로내,승용차,중형,승용차,대형,1050695,1939260,128.0731615,37.45114109
2015,2015-04-25,주,토,1,2,0,0,1,대구,중구,차대차,기타,기타,운전자법규위반,안전운전 의무 불이행,기타/불명,기타/불명,자전거,자전거,자전거,자전거,1100545,1764071,128.6137102,35.86804991
2015,2015-04-25,야,토,1,1,0,0,0,강원,태백시,차대사람,기타,기타,운전자법규위반,안전운전 의무 불이행,단일로,기타단일로,승용차,중형,보행자,보행자,1134024.9,1901240.8,129.008237,37.10023271
2015,2015-04-25,야,토,1,1,0,0,0,서울,양천구,차대사람,횡단중,횡단중,운전자법규위반,보행자 보호의무 위반,단일로,횡단보도부근,승용차,중형,보행자,보행자,945175,1949906,126.8793531,37.5468593
2015,2015-04-25,야,토,1,1,0,0,0,강원,철원군,차대사람,횡단중,횡단중,운전자법규위반,과속,단일로,기타단일로,승용차,중형,보행자,보행자,993389,2021984,127.424498,38.19811197
2015,2015-04-25,야,토,1,3,2,0,0,대전,서구,차대차,측면충돌,측면충돌,운전자법규위반,중앙선 침범,단일로,기타단일로,승용차,중형,승용차,중형,989664,1813103,127.3848582,36.3152199
2015,2015-04-25,야,토,1,1,0,0,0,강원,원주시,차대사람,횡단중,횡단중,운전자법규위반,안전운전 의무 불이행,단일로,기타단일로,승용차,중형,보행자,보행자,1040687,1925199,127.9592403,37.32489619
2015,2015-04-26,야,일,1,1,0,0,0,충북,충주시,차량단독,공작물충돌,공작물충돌,운전자법규위반,안전운전 의무 불이행,단일로,기타단일로,화물차,소형,없음,없음,1048839,1871109,128.0477307,36.83694194
2015,2015-04-26,야,일,1,1,0,0,0,강원,원주시,차대사람,횡단중,횡단중,운전자법규위반,안전운전 의무 불이행,단일로,기타단일로,승용차,중형,보행자,보행자,1039574,1927555,127.9468038,37.34618042
2015,2015-04-26,주,일,2,2,0,0,0,경기,안산시,차대차,측면충돌,측면충돌,운전자법규위반,안전운전 의무 불이행,교차로,교차로내,원동기장치자전거,원동기장치자전거,승합차,대형,940459,1924911,126.8279861,37.32128309
2015,2015-04-26,주,일,1,1,0,0,0,경북,영주시,차대차,측면충돌,측면충돌,운전자법규위반,안전운전 의무 불이행,교차로,교차로내,농기계,농기계,이륜차,중형,1094875,1872820,128.5641781,36.8488642
2015,2015-04-26,주,일,1,1,0,0,0,경기,양평군,차량단독,기타,기타,운전자법규위반,안전운전 의무 불이행,단일로,기타단일로,자전거,자전거,없음,없음,986998,1956079,127.3526975,37.60403915
2015,2015-04-26,야,일,1,1,0,0,0,경기,구리시,차대사람,보도통행중,보도통행중,운전자법규위반,기타(운전자법규위반),단일로,횡단보도상,화물차,소형,보행자,보행자,968433,1959280,127.1422349,37.63244083
2015,2015-04-26,야,일,1,1,0,0,0,강원,속초시,차량단독,전도전복,전도전복,운전자법규위반,안전운전 의무 불이행,단일로,기타단일로,원동기장치자전거,원동기장치자전거,없음,없음,1091298,2023039,128.5427397,38.20301363
2015,2015-04-26,야,일,1,1,0,0,0,강원,양양군,차대사람,횡단중,횡단중,운전자법규위반,과속,교차로,교차로부근,화물차,중형,보행자,보행자,1099191,2008715,128.6308782,38.07310593
2015,2015-04-26,야,일,1,1,0,0,0,서울,강북구,차대사람,기타,기타,운전자법규위반,안전운전 의무 불이행,단일로,기타단일로,화물차,경형,보행자,보행자,956915,1960810,127.011609,37.64576289
2015,2015-04-26,야,일,1,1,0,0,0,전북,군산시,차량단독,도로이탈,도로이탈 추락,운전자법규위반,안전운전 의무 불이행,단일로,기타단일로,화물차,소형,없음,없음,937425,1768805,126.8064652,35.91389185
2015,2015-04-26,야,일,1,1,0,0,0,충남,청양군,차대차,정면충돌,정면충돌,운전자법규위반,중앙선 침범,단일로,기타단일로,이륜차,중형,승용차,중형,930173,1826027,126.7210068,36.42924879
2015,2015-04-26,야,일,1,1,0,0,0,경기,수원시,차대차,측면충돌,측면충돌,운전자법규위반,교차로 통행방법 위반,교차로,교차로내,이륜차,소형,화물차,소형,957302,1920437,127.0183358,37.28188293
2015,2015-04-27,야,월,1,1,0,0,0,경기,안양시,차대사람,횡단중,횡단중,운전자법규위반,안전운전 의무 불이행,단일로,기타단일로,승용차,중형,보행자,보행자,952050,1929793,126.9584869,37.36595765
2015,2015-04-27,주,월,1,1,0,0,0,인천,연수구,차대사람,기타,기타,운전자법규위반,기타(운전자법규위반),단일로,기타단일로,특수차,대형,보행자,보행자,923681,1936240,126.6374691,37.42216267
2015,2015-04-27,주,월,1,1,0,0,0,전남,목포시,차대사람,횡단중,횡단중,운전자법규위반,안전운전 의무 불이행,교차로,교차로부근,승합차,대형,보행자,보행자,901620,1646267,126.4244342,34.80622865
2015,2015-04-27,주,월,1,1,0,0,0,경남,거제시,차대사람,차도통행중,차도통행중,운전자법규위반,중앙선 침범,교차로,교차로부근,화물차,중형,보행자,보행자,1105654,1658318,128.656597,34.91414939
2015,2015-04-27,주,월,1,3,1,1,0,강원,평창군,차대사람,기타,기타,운전자법규위반,안전운전 의무 불이행,단일로,기타단일로,승합차,소형,보행자,보행자,1092944.3,1961520.8,128.5535987,37.64847542
2015,2015-04-27,주,월,1,1,0,0,0,충남,천안시,차대차,정면충돌,정면충돌,운전자법규위반,안전운전 의무 불이행,기타/불명,기타/불명,승용차,소형,자전거,자전거,967017,1865910,127.1303161,36.79076168
2015,2015-04-27,야,월,1,1,0,0,0,대구,달성군,차대사람,기타,기타,운전자법규위반,안전운전 의무 불이행,교차로,교차로부근,승용차,중형,보행자,보행자,1088586,1756519,128.4804241,35.80112458
2015,2015-04-27,야,월,1,1,0,0,0,전남,여수시,차대사람,횡단중,횡단중,운전자법규위반,안전운전 의무 불이행,단일로,횡단보도상,승용차,중형,보행자,보행자,1010205,1649619,127.6116183,34.84115818
2015,2015-04-27,야,월,1,1,0,0,0,전북,전주시,차대사람,횡단중,횡단중,운전자법규위반,안전운전 의무 불이행,단일로,기타단일로,화물차,소형,보행자,보행자,967873,1758529,127.1443339,35.82271871
2015,2015-04-27,야,월,2,2,0,0,0,강원,춘천시,차대차,추돌,진행중 추돌,운전자법규위반,과속,단일로,기타단일로,승용차,중형,승용차,중형,1024240,1991744,127.7758105,37.92526582
2015,2015-04-27,야,월,1,1,0,0,0,대구,북구,차대사람,횡단중,횡단중,운전자법규위반,안전운전 의무 불이행,단일로,기타단일로,승용차,소형,보행자,보행자,1098920,1767522,128.5961421,35.89932433
2015,2015-04-28,주,화,2,15,1,12,0,부산,북구,차대차,추돌,주정차중 추돌,운전자법규위반,안전운전 의무 불이행,단일로,기타단일로,승용차,중형,승합차,대형,1139246,1691663,129.0298259,35.2106704
2015,2015-04-28,주,화,1,2,1,0,0,전북,완주군,차대차,기타,기타,운전자법규위반,신호위반,교차로,교차로내,승용차,대형,원동기장치자전거,원동기장치자전거,973752,1776118,127.208837,35.98147566
2015,2015-04-28,주,화,1,1,0,0,0,경남,거창군,차대차,정면충돌,정면충돌,운전자법규위반,중앙선 침범,단일로,기타단일로,이륜차,중형,화물차,소형,1028474,1754107,127.8150682,35.78296236
2015,2015-04-28,주,화,1,31,8,22,0,서울,양천구,차대차,추돌,주정차중 추돌,운전자법규위반,안전운전 의무 불이행,단일로,기타단일로,승합차,대형,승합차,대형,944829,1950719,126.8753753,37.55416626
2015,2015-04-28,주,화,1,1,0,0,0,대구,달성군,차대차,측면충돌,측면충돌,운전자법규위반,기타(운전자법규위반),단일로,기타단일로,승용차,대형,자전거,자전거,1090615,1756536,128.5028789,35.80109262
2015,2015-04-28,주,화,1,1,0,0,0,부산,강서구,차대사람,차도통행중,차도통행중,운전자법규위반,안전운전 의무 불이행,교차로,교차로내,승용차,경형,보행자,보행자,1130243,1680062,128.9291123,35.10730378
2015,2015-04-28,주,화,1,1,0,0,0,경기,화성시,차대사람,보도통행중,보도통행중,운전자법규위반,보행자 보호의무 위반,단일로,기타단일로,승합차,대형,보행자,보행자,962514,1913378,127.0774848,37.21847913
2015,2015-04-28,주,화,1,1,0,0,0,전북,전주시,차대사람,차도통행중,차도통행중,운전자법규위반,안전거리 미확보,교차로,교차로부근,승용차,중형,보행자,보행자,968136,1757186,127.1472989,35.81061874
2015,2015-04-28,야,화,1,1,0,0,0,경기,파주시,차대사람,횡단중,횡단중,운전자법규위반,보행자 보호의무 위반,단일로,기타단일로,승용차,소형,보행자,보행자,930459,1969856,126.7108741,37.72566765
2015,2015-04-28,야,화,1,1,0,0,0,충남,홍성군,차대사람,차도통행중,차도통행중,운전자법규위반,안전운전 의무 불이행,단일로,기타단일로,승합차,소형,보행자,보행자,914562,1848070,126.5444285,36.62667883
2015,2015-04-28,야,화,1,1,0,0,0,경기,파주시,차대사람,기타,기타,운전자법규위반,안전운전 의무 불이행,단일로,기타단일로,승합차,대형,보행자,보행자,929646,1969609,126.7016732,37.72337946
2015,2015-04-28,야,화,1,2,1,0,0,부산,남구,차대차,추돌,진행중 추돌,운전자법규위반,안전운전 의무 불이행,교차로,교차로내,승용차,중형,특수차,대형,1143863,1681777,129.0788101,35.12090892
2015,2015-04-29,야,수,1,2,1,0,0,경북,구미시,차량단독,공작물충돌,공작물충돌,운전자법규위반,안전운전 의무 불이행,단일로,기타단일로,승용차,경형,없음,없음,1082215,1793741,128.4137803,36.13722944
2015,2015-04-29,야,수,1,1,0,0,0,서울,서초구,차대사람,기타,기타,운전자법규위반,안전운전 의무 불이행,단일로,기타단일로,승용차,중형,보행자,보행자,962214,1939937,127.0727496,37.45786091
2015,2015-04-29,야,수,1,1,0,0,0,경북,영양군,차량단독,공작물충돌,공작물충돌,운전자법규위반,안전운전 의무 불이행,단일로,기타단일로,화물차,소형,없음,없음,1141522,1840819,129.0813289,36.55465527
2015,2015-04-29,주,수,1,2,1,0,0,충남,홍성군,차대차,추돌,주정차중 추돌,운전자법규위반,안전운전 의무 불이행,단일로,기타단일로,화물차,소형,화물차,소형,931605,1847936,126.7350386,36.62684718
2015,2015-04-29,주,수,1,1,0,0,0,충남,서산시,차량단독,공작물충돌,공작물충돌,운전자법규위반,안전운전 의무 불이행,단일로,기타단일로,화물차,소형,없음,없음,901127,1858327,126.3928661,36.71782791
2015,2015-04-29,주,수,1,1,0,0,0,경기,남양주시,차량단독,공작물충돌,공작물충돌,운전자법규위반,안전운전 의무 불이행,단일로,기타단일로,승용차,중형,없음,없음,966682,1961482,127.1222898,37.65222617
2015,2015-04-29,주,수,1,1,0,0,0,전북,김제시,차대사람,길가장자리구역통행중,길가장자리구역통행중,운전자법규위반,안전운전 의무 불이행,단일로,기타단일로,승용차,중형,보행자,보행자,938450,1762662,126.8182997,35.85857486
2015,2015-04-29,주,수,1,1,0,0,0,경기,평택시,차대사람,기타,기타,운전자법규위반,안전운전 의무 불이행,단일로,기타단일로,승용차,소형,보행자,보행자,957375,1891112,127.02083,37.01755411
2015,2015-04-29,주,수,1,5,0,4,0,전북,전주시,차대차,측면충돌,측면충돌,운전자법규위반,안전운전 의무 불이행,교차로,교차로부근,승용차,중형,승합차,대형,963761,1758812,127.0987995,35.82512692
2015,2015-04-29,야,수,1,1,0,0,0,전남,보성군,차량단독,공작물충돌,공작물충돌,운전자법규위반,안전운전 의무 불이행,단일로,기타단일로,승용차,중형,없음,없음,985732,1649019,127.3439525,34.83569869
2015,2015-04-29,야,수,1,1,0,0,0,경남,김해시,차대차,측면충돌,측면충돌,운전자법규위반,안전운전 의무 불이행,교차로,교차로내,화물차,중형,이륜차,소형,1118246,1704166,128.8009679,35.3260766
2015,2015-04-29,야,수,1,1,0,0,0,강원,태백시,차대차,추돌,주정차중 추돌,운전자법규위반,안전운전 의무 불이행,단일로,기타단일로,원동기장치자전거,원동기장치자전거,화물차,중형,1132694,1906375,128.9941738,37.14668739
2015,2015-04-29,야,수,1,1,0,0,0,경북,영천시,차대사람,길가장자리구역통행중,길가장자리구역통행중,운전자법규위반,안전운전 의무 불이행,단일로,기타단일로,승합차,소형,보행자,보행자,1121967,1777856,128.8530576,35.98986774
2015,2015-04-29,야,수,1,2,1,0,0,경북,구미시,차대차,기타,기타,운전자법규위반,중앙선 침범,단일로,교량위,화물차,중형,화물차,중형,1075654,1809050,128.342343,36.27576895
2015,2015-04-29,야,수,1,1,0,0,0,전남,목포시,차대차,측면충돌,측면충돌,운전자법규위반,안전운전 의무 불이행,교차로,교차로부근,승합차,중형,자전거,자전거,902949,1645943,126.4389991,34.80343495
2015,2015-04-29,야,수,1,1,0,0,0,경남,통영시,차대사람,차도통행중,차도통행중,운전자법규위반,안전운전 의무 불이행,단일로,기타단일로,승용차,대형,보행자,보행자,1086862,1654333,128.4504943,34.88000295
2015,2015-04-30,주,목,1,1,0,0,0,인천,중구,차량단독,공작물충돌,공작물충돌,운전자법규위반,안전운전 의무 불이행,교차로,교차로내,승용차,중형,없음,없음,900465,1941382,126.3744367,37.4662971
2015,2015-04-30,주,목,1,5,1,3,0,경기,여주시,차대차,추돌,진행중 추돌,운전자법규위반,안전거리 미확보,단일로,기타단일로,화물차,소형,화물차,대형,1009881,1911985,127.6113544,37.20662374
2015,2015-04-30,주,목,1,1,0,0,0,충남,공주시,차량단독,공작물충돌,공작물충돌,운전자법규위반,안전운전 의무 불이행,단일로,기타단일로,승용차,중형,없음,없음,978857,1816403,127.2643807,36.34479404
2015,2015-04-30,주,목,1,1,0,0,0,경북,경산시,차대차,기타,기타,운전자법규위반,부당한 회전,교차로,교차로내,자전거,자전거,승용차,소형,1120360,1770002,128.8340434,35.91927497
2015,2015-04-30,주,목,1,1,0,0,0,광주,북구,차대차,측면충돌,측면충돌,운전자법규위반,교차로 통행방법 위반,교차로,교차로내,승용차,소형,이륜차,소형,946057,1686227,126.9076313,35.16987118
2015,2015-04-30,주,목,1,1,0,0,0,경남,창원시(통합),차대사람,횡단중,횡단중,운전자법규위반,안전운전 의무 불이행,단일로,기타단일로,특수차,대형,보행자,보행자,1098797,1692392,128.5856061,35.22204229
2015,2015-04-30,주,목,1,1,0,0,0,충남,보령시,차대사람,횡단중,횡단중,운전자법규위반,신호위반,교차로,교차로내,승용차,대형,보행자,보행자,914493,1813989,126.5474239,36.31946735
2015,2015-04-30,야,목,1,1,0,0,0,경기,파주시,차대사람,기타,기타,운전자법규위반,안전운전 의무 불이행,단일로,기타단일로,승용차,중형,보행자,보행자,937634,1977480,126.7916324,37.79489641
2015,2015-04-30,야,목,1,1,0,0,0,경기,화성시,차대사람,차도통행중,차도통행중,운전자법규위반,안전운전 의무 불이행,단일로,기타단일로,승용차,중형,보행자,보행자,930571.2,1910752.7,126.7177164,37.19298519
2015,2015-04-30,야,목,1,5,0,4,0,강원,춘천시,차대차,측면충돌,측면충돌,운전자법규위반,신호위반,교차로,교차로내,승용차,중형,승합차,대형,1017814,1979622,127.7023948,37.81615837
2015,2015-04-30,야,목,1,4,3,0,0,전북,완주군,차대차,측면충돌,측면충돌,운전자법규위반,신호위반,교차로,교차로내,승용차,중형,승용차,중형,966204,1773247,127.1252326,35.95535891
2015,2015-04-30,야,목,1,1,0,0,0,경기,포천시,차대사람,기타,기타,운전자법규위반,안전운전 의무 불이행,단일로,기타단일로,승용차,중형,보행자,보행자,980251,2010693,127.2747672,38.0961583
2015,2015-05-01,주,금,1,2,0,1,0,충북,단양군,차대차,추돌,진행중 추돌,운전자법규위반,안전거리 미확보,기타/불명,기타/불명,승용차,중형,화물차,대형,1082097,1879095,128.4215494,36.90662018
2015,2015-05-01,주,금,1,1,0,0,0,전남,함평군,차대차,추돌,진행중 추돌,운전자법규위반,중앙선 침범,교차로,교차로부근,화물차,소형,원동기장치자전거,원동기장치자전거,903987,1681633,126.446233,35.12531335
2015,2015-05-01,주,금,1,2,1,0,0,경남,의령군,차량단독,공작물충돌,공작물충돌,운전자법규위반,안전운전 의무 불이행,교차로,교차로내,승용차,소형,없음,없음,1068101,1716136,128.2503181,35.43867717