발생년,발생년월일시분,주야,요일,사망자수,사상자수,중상자수,경상자수,부상신고자수,발생지시도,발생지시군구,사고유형_대분류,사고유형_중분류,사고유형,법규위반_대분류,법규위반,도로형태_대분류,도로형태,가해자_당사자종별_대분류,가해자_당사자종별,피해자_당사자종별_대분류,피해자_당사자종별,발생위치X_UTMK,발생위치Y_UTMK,경도,위도
2015,2015-05-01,주,금,1,1,0,0,0,광주,광산구,차대차,측면충돌,측면충돌,운전자법규위반,안전거리 미확보,교차로,교차로내,원동기장치자전거,원동기장치자전거,승합차,소형,938737,1691780,126.8268393,35.21952023
2015,2015-05-01,주,금,1,2,0,1,0,경북,영덕군,차량단독,공작물충돌,공작물충돌,운전자법규위반,안전운전 의무 불이행,교차로,교차로부근,농기계,농기계,없음,없음,1169134,1842851,129.3901645,36.56847407
2015,2015-05-01,주,금,1,7,4,2,0,강원,횡성군,차대차,추돌,진행중 추돌,운전자법규위반,안전운전 의무 불이행,단일로,터널안,승용차,대형,승용차,경형,1069895.3,1948377.3,128.2910914,37.53206161
2015,2015-05-01,주,금,2,4,2,0,0,충남,청양군,차량단독,도로이탈,도로이탈 기타,운전자법규위반,안전운전 의무 불이행,단일로,기타단일로,승용차,대형,없음,없음,941919,1838707,126.8510847,36.54433733
2015,2015-05-01,야,금,1,1,0,0,0,경기,연천군,차량단독,공작물충돌,공작물충돌,운전자법규위반,안전운전 의무 불이행,단일로,기타단일로,승용차,소형,없음,없음,958237,2003613,127.024122,38.03160046
2015,2015-05-02,야,토,1,1,0,0,0,서울,강남구,차량단독,기타,기타,운전자법규위반,안전운전 의무 불이행,단일로,기타단일로,이륜차,소형,없음,없음,960148,1942870,127.049231,37.48421054
2015,2015-05-02,야,토,1,1,0,0,0,전북,전주시,차대사람,길가장자리구역통행중,길가장자리구역통행중,운전자법규위반,안전운전 의무 불이행,단일로,기타단일로,승용차,소형,보행자,보행자,969078,1761362,127.157564,35.84829986
2015,2015-05-02,주,토,1,1,0,0,0,대구,달서구,차대사람,횡단중,횡단중,운전자법규위반,기타(운전자법규위반),단일로,기타단일로,승용차,중형,보행자,보행자,1094929,1757357,128.5507145,35.80808599
2015,2015-05-02,주,토,1,2,0,1,0,경남,사천시,차대차,정면충돌,정면충돌,운전자법규위반,중앙선 침범,단일로,기타단일로,화물차,소형,원동기장치자전거,원동기장치자전거,1050297,1659460,128.0507098,34.92870367
2015,2015-05-02,주,토,1,2,1,0,0,경기,용인시,차대차,측면충돌,측면충돌,운전자법규위반,신호위반,교차로,교차로내,원동기장치자전거,원동기장치자전거,원동기장치자전거,원동기장치자전거,966357,1925925,127.1202317,37.33172202
2015,2015-05-02,주,토,1,3,1,1,0,세종,세종,차대차,정면충돌,정면충돌,운전자법규위반,중앙선 침범,단일로,기타단일로,승용차,중형,화물차,중형,980388,1825472,127.2812132,36.42658619
2015,2015-05-02,주,토,1,1,0,0,0,경남,사천시,차량단독,전도전복,전도전복,운전자법규위반,안전운전 의무 불이행,단일로,기타단일로,승용차,경형,없음,없음,1037567,1681721,127.9123376,35.12998655
2015,2015-05-02,주,토,1,1,0,0,0,전남,보성군,차대사람,횡단중,횡단중,운전자법규위반,안전운전 의무 불이행,단일로,기타단일로,화물차,소형,보행자,보행자,961609,1641474,127.0804712,34.76703719
2015,2015-05-02,야,토,1,1,0,0,0,전북,익산시,차량단독,도로이탈,도로이탈 추락,운전자법규위반,안전운전 의무 불이행,교차로,교차로내,승용차,중형,없음,없음,947914.7,1785341.1,126.9216323,36.06358828
2015,2015-05-02,야,토,1,2,0,1,0,경기,시흥시,차대차,추돌,진행중 추돌,운전자법규위반,안전운전 의무 불이행,교차로,교차로부근,화물차,소형,화물차,중형,932244,1930226,126.734788,37.36862484
2015,2015-05-02,야,토,1,1,0,0,0,전남,보성군,차대사람,횡단중,횡단중,운전자법규위반,안전운전 의무 불이행,단일로,기타단일로,화물차,소형,보행자,보행자,961099,1630141,127.0754208,34.66482122
2015,2015-05-03,야,일,1,2,1,0,0,경기,이천시,차대차,추돌,주정차중 추돌,운전자법규위반,안전운전 의무 불이행,교차로,교차로부근,승용차,경형,화물차,대형,997552,1918268,127.4723915,37.26330827
2015,2015-05-03,야,일,1,3,1,1,0,전남,나주시,차량단독,공작물충돌,공작물충돌,운전자법규위반,안전운전 의무 불이행,단일로,기타단일로,승용차,소형,없음,없음,930717,1677622,126.73991,35.09134379
2015,2015-05-03,야,일,1,4,1,1,1,충북,충주시,차량단독,공작물충돌,공작물충돌,운전자법규위반,안전운전 의무 불이행,단일로,기타단일로,승용차,대형,없음,없음,1034371.2,1901621.8,127.8868677,37.11262911
2015,2015-05-03,주,일,1,14,4,9,0,경남,김해시,차대차,기타,기타,운전자법규위반,안전운전 의무 불이행,단일로,기타단일로,화물차,중형,승합차,대형,1120166,1688850,128.8198466,35.18777901
2015,2015-05-03,주,일,2,3,1,0,0,울산,울주군,차대사람,길가장자리구역통행중,길가장자리구역통행중,운전자법규위반,안전운전 의무 불이행,단일로,기타단일로,승용차,대형,보행자,보행자,1155984,1722592,129.2195477,35.48696652
2015,2015-05-03,주,일,1,1,0,0,0,경북,경산시,차량단독,기타,기타,운전자법규위반,안전운전 의무 불이행,단일로,기타단일로,화물차,소형,없음,없음,1118438,1765203,128.8120313,35.87625289
2015,2015-05-03,주,일,1,1,0,0,0,경북,경주시,차량단독,기타,기타,운전자법규위반,안전운전 의무 불이행,단일로,기타단일로,원동기장치자전거,원동기장치자전거,없음,없음,1159065,1762637,129.2614103,35.84737102
2015,2015-05-03,주,일,1,4,2,0,1,전남,여수시,차대차,정면충돌,정면충돌,운전자법규위반,중앙선 침범,단일로,기타단일로,승용차,중형,승용차,경형,1007725,1643518,127.5844369,34.786163
2015,2015-05-03,야,일,1,5,2,2,0,대구,수성구,차대차,추돌,주정차중 추돌,운전자법규위반,안전운전 의무 불이행,단일로,기타단일로,승용차,대형,승용차,중형,1101598,1761716,128.625072,35.84671227
2015,2015-05-04,야,월,1,1,0,0,0,경기,가평군,차대차,기타,기타,운전자법규위반,안전운전 의무 불이행,기타/불명,기타/불명,화물차,소형,화물차,중형,981989,1985574,127.2952187,37.86980038
2015,2015-05-04,주,월,1,3,0,2,0,경북,포항시,차대차,기타,기타,운전자법규위반,직진 및 우회전차의 통행방해,교차로,교차로내,승용차,소형,화물차,소형,1171701,1777155,129.4044024,35.97606192
2015,2015-05-04,주,월,1,1,0,0,0,부산,서구,차대사람,차도통행중,차도통행중,운전자법규위반,중앙선 침범,단일로,기타단일로,승용차,중형,보행자,보행자,1138158,1681565,129.0161856,35.1197972
2015,2015-05-04,주,월,1,2,0,1,0,전남,담양군,차대차,정면충돌,정면충돌,운전자법규위반,중앙선 침범,단일로,기타단일로,승용차,소형,승용차,중형,961353,1697807,127.0750536,35.27499136
2015,2015-05-04,주,월,1,1,0,0,0,강원,양구군,차량단독,공작물충돌,공작물충돌,운전자법규위반,안전운전 의무 불이행,단일로,기타단일로,승용차,중형,없음,없음,1044870,2018694,128.0122281,38.16736765
2015,2015-05-04,주,월,1,1,0,0,0,충남,서산시,차량단독,도로이탈,도로이탈 추락,운전자법규위반,안전운전 의무 불이행,교차로,교차로부근,농기계,농기계,없음,없음,912126,1870393,126.5146193,36.82766583
2015,2015-05-04,야,월,1,1,0,0,0,전남,여수시,차대사람,횡단중,횡단중,운전자법규위반,보행자 보호의무 위반,단일로,횡단보도상,승용차,중형,보행자,보행자,1020203,1637926,127.7206909,34.73556484
2015,2015-05-04,야,월,1,1,0,0,0,경남,산청군,차대차,측면충돌,측면충돌,운전자법규위반,안전운전 의무 불이행,단일로,기타단일로,승용차,중형,화물차,대형,1042657,1698259,127.9690609,35.27890401
2015,2015-05-05,야,화,1,1,0,0,0,서울,광진구,차대차,추돌,진행중 추돌,운전자법규위반,안전운전 의무 불이행,단일로,기타단일로,이륜차,소형,승합차,소형,964401,1949872,127.0969966,37.54749624
2015,2015-05-05,야,화,1,1,0,0,0,제주,제주시,차대사람,기타,기타,운전자법규위반,안전운전 의무 불이행,단일로,기타단일로,승합차,소형,보행자,보행자,906014,1500365,126.4882761,33.49100634
2015,2015-05-05,주,화,1,3,2,0,0,경남,합천군,차량단독,도로이탈,도로이탈 추락,운전자법규위반,안전운전 의무 불이행,단일로,기타단일로,화물차,소형,없음,없음,1071294,1729370,128.2866573,35.55776916
2015,2015-05-05,주,화,1,1,0,0,0,전북,진안군,차대차,기타,기타,운전자법규위반,과속,단일로,기타단일로,화물차,소형,원동기장치자전거,원동기장치자전거,986821,1748368,127.3542664,35.73154225
2015,2015-05-05,주,화,1,1,0,0,0,전북,완주군,차대차,기타,기타,운전자법규위반,신호위반,교차로,교차로내,건설기계,건설기계,원동기장치자전거,원동기장치자전거,973641,1775639,127.2076216,35.97715407
2015,2015-05-05,주,화,1,1,0,0,0,경남,김해시,차대차,기타,기타,운전자법규위반,안전운전 의무 불이행,단일로,교량위,승용차,중형,자전거,자전거,1119820,1689937,128.8162053,35.19761941
2015,2015-05-05,야,화,1,1,0,0,0,대전,유성구,차대차,측면충돌,측면충돌,운전자법규위반,안전운전 의무 불이행,단일로,기타단일로,승용차,중형,자전거,자전거,985382,1814998,127.3371219,36.33224866
2015,2015-05-05,야,화,1,1,0,0,0,경기,양평군,차대사람,기타,기타,운전자법규위반,안전운전 의무 불이행,단일로,기타단일로,승용차,중형,보행자,보행자,1005730,1942145,127.5648077,37.47851775
2015,2015-05-05,야,화,1,1,0,0,0,경기,평택시,차대차,추돌,진행중 추돌,운전자법규위반,안전운전 의무 불이행,단일로,기타단일로,화물차,중형,농기계,농기계,948001,1882295,126.916064,36.93760548
2015,2015-05-06,야,수,1,1,0,0,0,광주,서구,차대차,측면충돌,측면충돌,운전자법규위반,중앙선 침범,단일로,기타단일로,자전거,자전거,승용차,중형,943859.3,1685420.8,126.8835536,35.16248152
2015,2015-05-06,주,수,1,1,0,0,0,충남,천안시,차대차,측면충돌,측면충돌,운전자법규위반,교차로 통행방법 위반,교차로,교차로내,승용차,소형,원동기장치자전거,원동기장치자전거,978573,1864750,127.2598707,36.78063669
2015,2015-05-06,주,수,1,2,0,1,0,경기,남양주시,차대차,정면충돌,정면충돌,운전자법규위반,신호위반,교차로,교차로내,승용차,소형,특수차,대형,969389,1963641,127.1528866,37.67178005
2015,2015-05-06,주,수,1,2,1,0,0,경기,화성시,차대차,기타,기타,운전자법규위반,중앙선 침범,단일로,기타단일로,승용차,소형,화물차,대형,945021,1901768,126.8811789,37.11296325
2015,2015-05-06,주,수,1,1,0,0,0,충남,태안군,차대사람,길가장자리구역통행중,길가장자리구역통행중,운전자법규위반,안전운전 의무 불이행,교차로,교차로부근,승합차,대형,보행자,보행자,896645,1836196,126.3456657,36.51788009
2015,2015-05-06,주,수,1,1,0,0,0,전북,무주군,차량단독,도로이탈,도로이탈 추락,운전자법규위반,안전운전 의무 불이행,단일로,기타단일로,농기계,농기계,없음,없음,1015992,1761408,127.6771003,35.84907202
2015,2015-05-06,주,수,1,1,0,0,0,강원,원주시,차대차,추돌,진행중 추돌,운전자법규위반,안전운전 의무 불이행,교차로,교차로부근,화물차,경형,농기계,농기계,1047008,1937925,128.0313926,37.43930306
2015,2015-05-06,주,수,1,1,0,0,0,경남,창녕군,차대사람,기타,기타,운전자법규위반,안전운전 의무 불이행,단일로,기타단일로,화물차,중형,보행자,보행자,1091079,1712647,128.5030631,35.40538386
2015,2015-05-06,야,수,1,1,0,0,0,제주,제주시,차량단독,공작물충돌,공작물충돌,운전자법규위반,안전운전 의무 불이행,단일로,기타단일로,승용차,중형,없음,없음,922355,1500581,126.664144,33.49426565
2015,2015-05-06,야,수,1,1,0,0,0,서울,성북구,차대차,측면충돌,측면충돌,운전자법규위반,신호위반,교차로,교차로내,이륜차,소형,자전거,자전거,955948,1956615,127.0009008,37.60790692
2015,2015-05-06,야,수,1,1,0,0,0,충남,천안시,차대사람,횡단중,횡단중,운전자법규위반,안전운전 의무 불이행,단일로,기타단일로,승용차,대형,보행자,보행자,973816,1863720,127.2065956,36.77123204
2015,2015-05-06,야,수,1,1,0,0,0,전남,여수시,차대사람,횡단중,횡단중,운전자법규위반,안전운전 의무 불이행,단일로,기타단일로,승용차,소형,보행자,보행자,1013513,1640722,127.6476567,34.76088905
2015,2015-05-06,야,수,1,1,0,0,0,전남,해남군,차대사람,기타,기타,운전자법규위반,안전운전 의무 불이행,단일로,기타단일로,화물차,소형,보행자,보행자,905692,1595789,126.4745513,34.35147353
2015,2015-05-06,야,수,1,3,2,0,0,경기,안산시,차량단독,공작물충돌,공작물충돌,운전자법규위반,안전운전 의무 불이행,단일로,기타단일로,승용차,중형,없음,없음,942257,1922919,126.8484331,37.30344196
2015,2015-05-07,야,목,1,1,0,0,0,경기,용인시,차대사람,차도통행중,차도통행중,운전자법규위반,안전운전 의무 불이행,단일로,기타단일로,화물차,중형,보행자,보행자,969939,1921007,127.1608644,37.28751503
2015,2015-05-07,야,목,1,8,0,7,0,충남,서산시,차량단독,공작물충돌,공작물충돌,정비불량,정비불량 제차의 운전금지위반,단일로,기타단일로,승합차,소형,없음,없음,915934,1855781,126.5589259,36.69630575
2015,2015-05-07,주,목,1,4,2,1,0,충남,천안시,차대차,추돌,진행중 추돌,운전자법규위반,안전운전 의무 불이행,교차로,교차로내,화물차,소형,승용차,중형,967265,1883420,127.1323401,36.94861317
2015,2015-05-07,주,목,1,1,0,0,0,전남,곡성군,차대사람,길가장자리구역통행중,길가장자리구역통행중,운전자법규위반,보행자 보호의무 위반,단일로,횡단보도상,화물차,소형,보행자,보행자,977551,1681876,127.2535924,35.13183515
2015,2015-05-07,주,목,1,1,0,0,0,대전,동구,차대사람,횡단중,횡단중,운전자법규위반,보행자 보호의무 위반,단일로,횡단보도상,승용차,중형,보행자,보행자,994255,1815911,127.4359807,36.34057358
2015,2015-05-07,주,목,1,1,0,0,0,경기,시흥시,차대사람,기타,기타,운전자법규위반,안전운전 의무 불이행,기타/불명,기타/불명,승용차,소형,보행자,보행자,931066,1929137,126.7215866,37.35872282
2015,2015-05-07,주,목,1,5,0,4,0,전남,해남군,차대차,기타,기타,운전자법규위반,안전운전 의무 불이행,단일로,기타단일로,화물차,소형,승용차,대형,919569,1627203,126.6224619,34.63590865
2015,2015-05-07,주,목,1,1,0,0,0,울산,동구,차대사람,기타,기타,운전자법규위반,안전운전 의무 불이행,단일로,기타단일로,승합차,대형,보행자,보행자,1173090,1727697,129.4091222,35.53013715
2015,2015-05-07,주,목,1,1,0,0,0,경남,사천시,차량단독,전도전복,전도전복,운전자법규위반,안전운전 의무 불이행,단일로,기타단일로,이륜차,사발이,없음,없음,1049524,1672152,128.0430016,35.04318622
2015,2015-05-07,주,목,1,1,0,0,0,서울,광진구,차대사람,기타,기타,운전자법규위반,신호위반,단일로,횡단보도부근,승용차,대형,보행자,보행자,963455,1952327,127.0861652,37.56958696
2015,2015-05-07,야,목,1,4,2,0,1,경북,성주군,차대차,기타,기타,운전자법규위반,중앙선 침범,단일로,기타단일로,특수차,대형,승용차,대형,1074654,1760512,128.3266208,35.83828105
2015,2015-05-07,야,목,1,1,0,0,0,전남,영암군,차량단독,도로이탈,도로이탈 추락,운전자법규위반,안전운전 의무 불이행,단일로,기타단일로,이륜차,사발이,없음,없음,916242,1652174,126.5836835,34.86079716
2015,2015-05-07,야,목,1,2,0,1,0,경북,상주시,차대차,측면충돌,측면충돌,운전자법규위반,교차로 통행방법 위반,단일로,기타단일로,원동기장치자전거,원동기장치자전거,화물차,소형,1063036,1839676,128.2043512,36.55275823
2015,2015-05-07,야,목,1,1,0,0,0,서울,용산구,차대사람,횡단중,횡단중,운전자법규위반,안전운전 의무 불이행,교차로,교차로부근,건설기계,건설기계,보행자,보행자,952976.4,1947971.6,126.9677891,37.5298553
2015,2015-05-08,주,금,1,1,0,0,0,서울,성북구,차대차,측면충돌,측면충돌,운전자법규위반,안전거리 미확보,단일로,기타단일로,원동기장치자전거,원동기장치자전거,승용차,중형,958978,1955332,127.0353008,37.59648316
2015,2015-05-08,주,금,1,1,0,0,0,전북,정읍시,차대차,측면충돌,측면충돌,운전자법규위반,차로위반(진로변경 위반),단일로,기타단일로,자전거,자전거,승용차,소형,942570,1729894,126.8662714,35.56339459
2015,2015-05-08,주,금,1,1,0,0,0,대구,달성군,차대사람,횡단중,횡단중,운전자법규위반,안전운전 의무 불이행,단일로,기타단일로,승용차,중형,보행자,보행자,1090081,1757454,128.4970732,35.80941742
2015,2015-05-08,주,금,1,1,0,0,0,충북,제천시,차량단독,도로이탈,도로이탈 추락,운전자법규위반,안전운전 의무 불이행,교차로,교차로부근,농기계,농기계,없음,없음,1059569,1878986,128.1686797,36.90733003
2015,2015-05-08,주,금,1,1,0,0,0,경남,고성군,차대사람,기타,기타,운전자법규위반,안전운전 의무 불이행,단일로,기타단일로,승용차,소형,보행자,보행자,1067817,1673401,128.2436627,35.05338459
2015,2015-05-08,주,금,1,1,0,0,0,대구,북구,차대차,측면충돌,측면충돌,운전자법규위반,신호위반,단일로,기타단일로,자전거,자전거,승합차,대형,1094452,1767966,128.5466921,35.90376848
2015,2015-05-08,야,금,1,1,0,0,0,경기,안산시,차대차,기타,기타,운전자법규위반,부당한 회전,교차로,교차로내,자전거,자전거,승용차,소형,938442,1922526,126.8054204,37.29965491
2015,2015-05-08,야,금,1,1,0,0,0,충북,괴산군,차대사람,길가장자리구역통행중,길가장자리구역통행중,운전자법규위반,안전운전 의무 불이행,교차로,교차로부근,승합차,대형,보행자,보행자,1025547,1853913,127.7859386,36.68284195
2015,2015-05-09,야,토,1,3,1,1,0,전남,순천시,차량단독,전도전복,전도전복,운전자법규위반,안전운전 의무 불이행,단일로,기타단일로,승합차,소형,없음,없음,997591,1654874,127.4736362,34.88859424
2015,2015-05-09,주,토,1,1,0,0,0,경기,용인시,차대차,추돌,진행중 추돌,운전자법규위반,교차로 통행방법 위반,교차로,교차로내,화물차,경형,이륜차,소형,988810,1907423,127.3739622,37.16548652
2015,2015-05-09,주,토,1,2,0,1,0,부산,서구,차대사람,횡단중,횡단중,운전자법규위반,안전운전 의무 불이행,교차로,교차로부근,승합차,소형,보행자,보행자,1138654,1680660,129.0214755,35.11157125
2015,2015-05-09,주,토,2,2,0,0,0,경기,용인시,차대사람,차도통행중,차도통행중,운전자법규위반,안전운전 의무 불이행,단일로,기타단일로,승용차,대형,보행자,보행자,965171,1917424,127.1072427,37.25505224
2015,2015-05-09,주,토,1,1,0,0,0,충남,논산시,차대사람,횡단중,횡단중,운전자법규위반,안전운전 의무 불이행,교차로,교차로부근,승용차,소형,보행자,보행자,962527,1801140,127.0831335,36.20669633
2015,2015-05-09,주,토,3,12,9,0,0,경남,창녕군,차량단독,공작물충돌,공작물충돌,운전자법규위반,안전운전 의무 불이행,단일로,기타단일로,승합차,소형,없음,없음,1102150,1715372,128.625311,35.42887599
2015,2015-05-09,주,토,1,1,0,0,0,서울,강서구,차대사람,횡단중,횡단중,운전자법규위반,보행자 보호의무 위반,교차로,교차로부근,승용차,중형,보행자,보행자,942027,1951298,126.8436082,37.5592127
2015,2015-05-09,주,토,1,2,0,1,0,경북,영천시,차대차,정면충돌,정면충돌,운전자법규위반,중앙선 침범,단일로,기타단일로,이륜차,대형,승용차,중형,1137920,1788096,129.0317673,36.08003122
2015,2015-05-09,주,토,1,1,0,0,0,서울,중랑구,차량단독,공작물충돌,공작물충돌,운전자법규위반,안전운전 의무 불이행,단일로,터널안,승용차,소형,없음,없음,964169,1953531,127.0941914,37.58046707
2015,2015-05-09,야,토,1,1,0,0,0,강원,양양군,차량단독,공작물충돌,공작물충돌,운전자법규위반,과속,단일로,기타단일로,이륜차,중형,없음,없음,1095417,2008360,128.5878107,38.07031307
2015,2015-05-09,야,토,1,1,0,0,0,경남,통영시,차량단독,전도전복,전도전복,운전자법규위반,안전운전 의무 불이행,단일로,기타단일로,승용차,경형,없음,없음,1065670,1650457,128.218314,34.84664509
2015,2015-05-09,야,토,1,1,0,0,0,인천,계양구,차대사람,횡단중,횡단중,운전자법규위반,안전운전 의무 불이행,교차로,교차로부근,승용차,중형,보행자,보행자,931299,1948108,126.72245,37.52972424
2015,2015-05-09,야,토,1,1,0,0,0,경기,포천시,차량단독,전도전복,전도전복,운전자법규위반,안전운전 의무 불이행,단일로,기타단일로,이륜차,소형,없음,없음,975393,1985354,127.2202318,37.8676632
2015,2015-05-10,야,일,1,2,1,0,0,전북,전주시,차량단독,공작물충돌,공작물충돌,운전자법규위반,안전운전 의무 불이행,단일로,기타단일로,승용차,소형,없음,없음,967407,1757342,127.1392235,35.8120013
2015,2015-05-10,야,일,1,2,1,0,0,경북,포항시,차대차,추돌,주정차중 추돌,운전자법규위반,안전운전 의무 불이행,교차로,교차로내,화물차,소형,화물차,소형,1167107,1804968,129.359371,36.2274839
2015,2015-05-10,야,일,1,1,0,0,0,경기,시흥시,차량단독,공작물충돌,공작물충돌,운전자법규위반,안전운전 의무 불이행,단일로,기타단일로,승용차,소형,없음,없음,943009,1931384,126.8562672,37.37978629
2015,2015-05-10,주,일,1,1,0,0,0,서울,구로구,차대사람,기타,기타,운전자법규위반,안전운전 의무 불이행,단일로,기타단일로,승합차,대형,보행자,보행자,946372,1942334,126.8934557,37.47868225
2015,2015-05-10,주,일,1,1,0,0,0,서울,노원구,차량단독,기타,기타,운전자법규위반,안전운전 의무 불이행,단일로,지하차도(도로)내,자전거,자전거,없음,없음,961392,1957405,127.0625366,37.61527211
2015,2015-05-10,주,일,1,1,0,0,0,경남,밀양시,차대사람,횡단중,횡단중,운전자법규위반,안전운전 의무 불이행,단일로,기타단일로,승용차,중형,보행자,보행자,1124428,1725238,128.8721845,35.51527347
2015,2015-05-10,야,일,1,1,0,0,0,대구,달서구,차대차,측면충돌,측면충돌,운전자법규위반,안전운전 의무 불이행,교차로,교차로부근,승용차,중형,이륜차,중형,1092580,1758008,128.5247939,35.81417903
2015,2015-05-10,야,일,1,3,2,0,0,경기,김포시,차대사람,횡단중,횡단중,운전자법규위반,안전운전 의무 불이행,교차로,교차로부근,승용차,중형,보행자,보행자,921850,1965406,126.6136702,37.68486867
2015,2015-05-10,야,일,1,1,0,0,0,대구,서구,차대사람,기타,기타,운전자법규위반,신호위반,교차로,교차로내,승합차,중형,보행자,보행자,1095234,1764265,128.5549141,35.87032968
2015,2015-05-11,야,월,1,1,0,0,0,경기,고양시,차대사람,횡단중,횡단중,운전자법규위반,신호위반,교차로,교차로내,승용차,경형,보행자,보행자,941683,1966612,126.8384914,37.69721406
2015,2015-05-11,야,월,1,1,0,0,0,전북,익산시,차량단독,공작물충돌,공작물충돌,운전자법규위반,안전운전 의무 불이행,단일로,기타단일로,승용차,중형,없음,없음,948740,1768713,126.9318721,35.91372125
2015,2015-05-11,주,월,1,1,0,0,0,전남,광양시,차대차,측면충돌,측면충돌,운전자법규위반,신호위반,교차로,교차로내,건설기계,건설기계,승용차,경형,1017276,1660527,127.6891832,34.93942612
2015,2015-05-11,주,월,1,3,0,2,0,광주,동구,차대차,측면충돌,측면충돌,운전자법규위반,안전운전 의무 불이행,교차로,교차로내,승용차,대형,승용차,중형,947551,1684222,126.9241642,35.15187172
2015,2015-05-11,주,월,1,3,1,1,0,강원,횡성군,차대차,추돌,진행중 추돌,운전자법규위반,안전운전 의무 불이행,단일로,기타단일로,화물차,소형,화물차,대형,1066072.2,1946361.6,128.2476428,37.51417631
2015,2015-05-11,주,월,1,2,1,0,0,충남,당진시,차대차,측면충돌,측면충돌,운전자법규위반,교차로 통행방법 위반,교차로,교차로내,승용차,중형,화물차,소형,933813,1867539,126.7580347,36.80370669
2015,2015-05-11,주,월,1,1,0,0,0,서울,도봉구,차대사람,기타,기타,운전자법규위반,안전운전 의무 불이행,교차로,교차로부근,승용차,중형,보행자,보행자,958444,1962708,127.0288323,37.66294028
2015,2015-05-11,주,월,1,1,0,0,0,경북,안동시,차대사람,횡단중,횡단중,운전자법규위반,신호위반,단일로,기타단일로,원동기장치자전거,원동기장치자전거,보행자,보행자,1111634,1841129,128.7474945,36.56141059
2015,2015-05-11,야,월,1,1,0,0,0,경기,남양주시,차대사람,횡단중,횡단중,운전자법규위반,안전운전 의무 불이행,단일로,기타단일로,승용차,중형,보행자,보행자,976848,1961218,127.2375439,37.65015935
2015,2015-05-11,야,월,1,1,0,0,0,제주,제주시,차량단독,전도전복,전도전복,운전자법규위반,안전운전 의무 불이행,단일로,기타단일로,승용차,소형,없음,없음,888429.4,1495365.1,126.2996396,33.44422884
2015,2015-05-11,야,월,1,1,0,0,0,경기,김포시,차대차,추돌,주정차중 추돌,운전자법규위반,안전운전 의무 불이행,단일로,기타단일로,화물차,소형,승합차,대형,923890,1964168,126.6369335,37.67388297
2015,2015-05-12,야,화,1,2,0,1,0,서울,마포구,차량단독,공작물충돌,공작물충돌,운전자법규위반,안전운전 의무 불이행,단일로,기타단일로,화물차,대형,없음,없음,948960,1949506,126.922227,37.54347148
2015,2015-05-12,야,화,1,2,1,0,0,경기,화성시,차량단독,공작물충돌,공작물충돌,운전자법규위반,안전운전 의무 불이행,단일로,기타단일로,승용차,중형,없음,없음,939857,1910939,126.8223212,37.19530904
2015,2015-05-12,주,화,1,5,1,3,0,광주,북구,차대차,정면충돌,정면충돌,운전자법규위반,중앙선 침범,단일로,기타단일로,승용차,중형,승용차,중형,943773,1686741,126.8825161,35.1743805
2015,2015-05-12,주,화,1,1,0,0,0,충북,제천시,차대사람,기타,기타,운전자법규위반,안전운전 의무 불이행,단일로,기타단일로,화물차,중형,보행자,보행자,1063188,1904814,128.2114691,37.13990027
2015,2015-05-12,주,화,1,1,0,0,0,부산,사하구,차량단독,공작물충돌,공작물충돌,운전자법규위반,안전운전 의무 불이행,단일로,기타단일로,이륜차,중형,없음,없음,1132940.7,1680891.5,128.9588381,35.11442865
2015,2015-05-12,주,화,2,3,1,0,0,전북,완주군,차대차,측면충돌,측면충돌,운전자법규위반,신호위반,교차로,교차로내,건설기계,건설기계,승합차,소형,958098,1758737,127.0361103,35.82422512
2015,2015-05-12,주,화,1,1,0,0,0,충남,논산시,차대차,측면충돌,측면충돌,운전자법규위반,교차로 통행방법 위반,교차로,교차로내,화물차,소형,이륜차,소형,963058,1800505,127.0890704,36.20099198
2015,2015-05-12,야,화,1,1,0,0,0,전남,강진군,차량단독,공작물충돌,공작물충돌,운전자법규위반,안전운전 의무 불이행,단일로,기타단일로,화물차,소형,없음,없음,934613,1630955,126.7862962,34.6708119
2015,2015-05-12,야,화,1,1,0,0,0,서울,금천구,차대사람,횡단중,횡단중,운전자법규위반,안전운전 의무 불이행,단일로,기타단일로,승용차,중형,보행자,보행자,947188,1937481,126.9030321,37.434988
2015,2015-05-12,야,화,1,1,0,0,0,경기,안산시,차대사람,기타,기타,운전자법규위반,안전운전 의무 불이행,단일로,기타단일로,승용차,중형,보행자,보행자,943079,1922958,126.857705,37.30384419
2015,2015-05-13,야,수,1,1,0,0,0,서울,관악구,차대사람,기타,기타,운전자법규위반,안전운전 의무 불이행,단일로,기타단일로,화물차,대형,보행자,보행자,951489,1943167,126.9512726,37.48647322
2015,2015-05-13,야,수,1,1,0,0,0,울산,울주군,차대사람,길가장자리구역통행중,길가장자리구역통행중,운전자법규위반,안전운전 의무 불이행,단일로,기타단일로,승용차,중형,보행자,보행자,1159247,1730527,129.2570621,35.55796216