발생년,발생년월일시분,주야,요일,사망자수,사상자수,중상자수,경상자수,부상신고자수,발생지시도,발생지시군구,사고유형_대분류,사고유형_중분류,사고유형,법규위반_대분류,법규위반,도로형태_대분류,도로형태,가해자_당사자종별_대분류,가해자_당사자종별,피해자_당사자종별_대분류,피해자_당사자종별,발생위치X_UTMK,발생위치Y_UTMK,경도,위도
2015,2015-05-23,주,토,1,1,0,0,0,전북,익산시,차대차,측면충돌,측면충돌,운전자법규위반,안전운전 의무 불이행,단일로,기타단일로,승용차,중형,농기계,농기계,948468,1771287,126.9286907,35.93691312
2015,2015-05-23,주,토,1,2,1,0,0,충남,천안시,차대차,추돌,진행중 추돌,운전자법규위반,안전운전 의무 불이행,단일로,기타단일로,승용차,소형,승용차,중형,971046,1885163,127.1747385,36.96444906
2015,2015-05-23,주,토,1,1,0,0,0,경북,경주시,차대차,기타,기타,운전자법규위반,앞지르기 금지위반,교차로,교차로내,이륜차,대형,승용차,중형,1138847,1752334,129.0358143,35.75758327
2015,2015-05-23,주,토,1,1,0,0,0,경북,성주군,차량단독,기타,기타,운전자법규위반,안전운전 의무 불이행,기타/불명,기타/불명,승용차,소형,없음,없음,1060684,1765227,128.1723048,35.8817537
2015,2015-05-23,주,토,1,1,0,0,0,인천,계양구,차대사람,차도통행중,차도통행중,운전자법규위반,부당한 회전,단일로,기타단일로,승용차,중형,보행자,보행자,930122,1948216,126.7091197,37.53060916
2015,2015-05-23,주,토,1,1,0,0,0,경기,안산시,차량단독,도로이탈,도로이탈 추락,운전자법규위반,안전운전 의무 불이행,교차로,교차로부근,원동기장치자전거,원동기장치자전거,없음,없음,939586,1927217,126.8179457,37.34201135
2015,2015-05-23,주,토,1,3,0,2,0,경남,진주시,차대차,추돌,진행중 추돌,운전자법규위반,과속,교차로,교차로내,승용차,중형,승용차,대형,1055934,1689841,128.1144768,35.20234845
2015,2015-05-23,야,토,1,2,1,0,0,경북,포항시,차대사람,횡단중,횡단중,운전자법규위반,안전운전 의무 불이행,단일로,기타단일로,승용차,대형,보행자,보행자,1184466,1774928,129.5453879,35.95366597
2015,2015-05-23,야,토,1,1,0,0,0,경기,안양시,차대사람,길가장자리구역통행중,길가장자리구역통행중,운전자법규위반,안전운전 의무 불이행,단일로,기타단일로,승합차,중형,보행자,보행자,949662,1933741,126.931251,37.40141601
2015,2015-05-23,야,토,1,1,0,0,0,강원,양양군,차대사람,횡단중,횡단중,운전자법규위반,안전운전 의무 불이행,단일로,기타단일로,승용차,소형,보행자,보행자,1099038,2010086,128.6293242,38.08547681
2015,2015-05-24,야,일,1,1,0,0,0,부산,부산진구,차대사람,횡단중,횡단중,운전자법규위반,안전운전 의무 불이행,단일로,기타단일로,승용차,중형,보행자,보행자,1140066,1685498,129.0377846,35.15498549
2015,2015-05-24,야,일,1,2,0,1,0,서울,노원구,차대차,측면충돌,측면충돌,운전자법규위반,중앙선 침범,교차로,교차로내,승합차,대형,이륜차,대형,960516,1958611,127.0525459,37.62610482
2015,2015-05-24,야,일,1,1,0,0,0,경기,과천시,차대사람,기타,기타,운전자법규위반,안전운전 의무 불이행,단일로,기타단일로,승용차,경형,보행자,보행자,955745,1936480,126.9998137,37.42641448
2015,2015-05-24,야,일,1,1,0,0,0,전남,순천시,차대사람,기타,기타,운전자법규위반,안전운전 의무 불이행,단일로,기타단일로,화물차,경형,보행자,보행자,989743,1650193,127.3878059,34.84633379
2015,2015-05-24,야,일,1,3,0,2,0,대구,달서구,차대사람,차도통행중,차도통행중,운전자법규위반,안전운전 의무 불이행,단일로,기타단일로,승용차,중형,보행자,보행자,1094595,1759288,128.5472468,35.82552565
2015,2015-05-24,주,일,1,2,1,0,0,경남,진주시,차대차,정면충돌,정면충돌,운전자법규위반,중앙선 침범,단일로,기타단일로,원동기장치자전거,원동기장치자전거,승용차,소형,1065628,1680633,128.2202334,35.1187374
2015,2015-05-24,주,일,1,6,5,0,0,강원,양양군,차대차,추돌,진행중 추돌,운전자법규위반,직진 및 우회전차의 통행방해,교차로,교차로내,승용차,중형,승용차,중형,1083692,2009014,128.4542336,38.07736773
2015,2015-05-24,주,일,1,1,0,0,0,제주,서귀포시,차량단독,공작물충돌,공작물충돌,운전자법규위반,안전운전 의무 불이행,단일로,기타단일로,이륜차,대형,없음,없음,916432,1481758,126.6021373,33.32406072
2015,2015-05-24,주,일,1,5,1,3,0,광주,북구,차대차,측면충돌,측면충돌,운전자법규위반,신호위반,교차로,교차로내,승용차,소형,승용차,중형,942772,1690948,126.8712315,35.21225684
2015,2015-05-24,야,일,1,3,2,0,0,경북,영주시,차대차,정면충돌,정면충돌,운전자법규위반,중앙선 침범,단일로,기타단일로,승용차,대형,승용차,중형,1095013,1879835,128.5666048,36.91207685
2015,2015-05-24,야,일,1,1,0,0,0,전남,영암군,차대사람,횡단중,횡단중,운전자법규위반,안전운전 의무 불이행,단일로,기타단일로,승합차,소형,보행자,보행자,926711,1647063,126.698651,34.81552135
2015,2015-05-24,야,일,1,1,0,0,0,충남,천안시,차량단독,기타,기타,운전자법규위반,기타(운전자법규위반),단일로,기타단일로,승용차,중형,없음,없음,976412,1863419,127.2356941,36.7685868
2015,2015-05-25,야,월,1,1,0,0,0,경북,포항시,차대사람,횡단중,횡단중,운전자법규위반,안전운전 의무 불이행,교차로,교차로내,승용차,소형,보행자,보행자,1168305,1808484,129.3734507,36.25895783
2015,2015-05-25,야,월,1,2,1,0,0,대전,서구,차대차,측면충돌,측면충돌,운전자법규위반,안전운전 의무 불이행,단일로,기타단일로,승용차,중형,이륜차,소형,989691,1813908,127.3851484,36.32247762
2015,2015-05-25,야,월,1,2,1,0,0,대전,서구,차대차,측면충돌,측면충돌,운전자법규위반,신호위반,교차로,교차로내,이륜차,소형,승용차,중형,990595,1817814,127.3951726,36.35770109
2015,2015-05-25,야,월,1,3,2,0,0,강원,속초시,차량단독,공작물충돌,공작물충돌,운전자법규위반,안전운전 의무 불이행,단일로,기타단일로,이륜차,소형,없음,없음,1097042,2019228,128.6078123,38.16807204
2015,2015-05-25,주,월,1,3,0,1,1,경남,함양군,차대차,측면충돌,측면충돌,운전자법규위반,안전운전 의무 불이행,단일로,기타단일로,승용차,중형,승합차,대형,1017333,1720770,127.6910759,35.48264092
2015,2015-05-25,야,월,1,2,0,0,1,서울,마포구,차대차,기타,기타,운전자법규위반,중앙선 침범,단일로,기타단일로,승용차,중형,승용차,중형,950102,1950693,126.9350731,37.55423264
2015,2015-05-25,야,월,1,1,0,0,0,경북,영천시,차량단독,공작물충돌,공작물충돌,운전자법규위반,안전운전 의무 불이행,교차로,교차로부근,화물차,소형,없음,없음,1115976,1783973,128.7875077,36.04573527
2015,2015-05-25,야,월,1,1,0,0,0,전북,전주시,차대사람,차도통행중,차도통행중,운전자법규위반,안전운전 의무 불이행,교차로,교차로부근,승용차,중형,보행자,보행자,968135,1763414,127.1470392,35.86677045
2015,2015-05-25,야,월,1,1,0,0,0,인천,서구,차대사람,횡단중,횡단중,운전자법규위반,과속,교차로,교차로부근,승합차,대형,보행자,보행자,927472,1942852,126.6796589,37.48206022
2015,2015-05-25,야,월,2,2,0,0,0,대전,유성구,차량단독,전도전복,전도전복,운전자법규위반,안전운전 의무 불이행,단일로,기타단일로,원동기장치자전거,원동기장치자전거,없음,없음,989361,1819657,127.3813933,36.37430356
2015,2015-05-26,야,화,1,1,0,0,0,충남,천안시,차대차,기타,기타,운전자법규위반,차로위반(진로변경 위반),단일로,기타단일로,승용차,중형,화물차,대형,966250,1865422,127.1217411,36.78633555
2015,2015-05-26,야,화,1,1,0,0,0,충북,증평군,차대차,측면충돌,측면충돌,운전자법규위반,신호위반,교차로,교차로내,승용차,중형,농기계,농기계,1010230,1870230,127.6147202,36.8302244
2015,2015-05-26,야,화,1,1,0,0,0,경북,김천시,차량단독,전도전복,전도전복,운전자법규위반,안전운전 의무 불이행,단일로,기타단일로,승용차,중형,없음,없음,1052547.5,1792130.2,128.0839525,36.12476941
2015,2015-05-26,주,화,1,1,0,0,0,서울,강동구,차대사람,기타,기타,운전자법규위반,안전운전 의무 불이행,단일로,기타단일로,승용차,중형,보행자,보행자,970841,1949619,127.1699104,37.54544216
2015,2015-05-26,주,화,1,4,0,3,0,제주,제주시,차대차,추돌,진행중 추돌,운전자법규위반,안전운전 의무 불이행,단일로,기타단일로,화물차,소형,화물차,소형,937351,1505048,126.8252538,33.5355373
2015,2015-05-26,주,화,1,1,0,0,0,경기,하남시,차대사람,횡단중,횡단중,운전자법규위반,안전운전 의무 불이행,교차로,교차로내,승용차,대형,보행자,보행자,975709,1948929,127.2250399,37.53936403
2015,2015-05-26,주,화,1,2,1,0,0,부산,중구,차대차,측면충돌,측면충돌,운전자법규위반,안전운전 의무 불이행,단일로,기타단일로,이륜차,중형,건설기계,건설기계,1139901,1679188,129.0349059,35.09813009
2015,2015-05-26,주,화,1,1,0,0,0,경기,양주시,차대차,측면충돌,측면충돌,운전자법규위반,부당한 회전,단일로,기타단일로,화물차,소형,원동기장치자전거,원동기장치자전거,957770,1976534,127.0203878,37.78752332
2015,2015-05-26,주,화,1,2,0,1,0,경남,창녕군,차대차,정면충돌,정면충돌,운전자법규위반,중앙선 침범,단일로,기타단일로,승용차,경형,승합차,중형,1091610,1718563,128.5095758,35.45867023
2015,2015-05-26,주,화,3,4,1,0,0,전남,순천시,차대차,기타,기타,운전자법규위반,중앙선 침범,단일로,기타단일로,승용차,중형,화물차,소형,972929,1676905,127.203023,35.0868971
2015,2015-05-26,주,화,1,2,0,1,0,전북,정읍시,차대차,정면충돌,정면충돌,운전자법규위반,중앙선 침범,단일로,기타단일로,이륜차,소형,화물차,소형,932013,1735927,126.7492776,35.61711822
2015,2015-05-26,야,화,1,1,0,0,0,경북,김천시,차량단독,공작물충돌,공작물충돌,운전자법규위반,안전운전 의무 불이행,단일로,기타단일로,농기계,농기계,없음,없음,1055954,1796781,128.1221375,36.16650675
2015,2015-05-26,야,화,1,1,0,0,0,경기,양주시,차대차,추돌,진행중 추돌,운전자법규위반,안전운전 의무 불이행,단일로,기타단일로,승용차,소형,자전거,자전거,960598,1974161,127.0526338,37.76626191
2015,2015-05-26,야,화,1,1,0,0,0,경남,거제시,차대차,추돌,진행중 추돌,운전자법규위반,안전거리 미확보,단일로,기타단일로,승용차,중형,승용차,중형,1102307,1655724,128.6196461,34.89110542
2015,2015-05-26,야,화,1,1,0,0,0,대구,북구,차대차,추돌,진행중 추돌,운전자법규위반,안전운전 의무 불이행,단일로,기타단일로,화물차,소형,자전거,자전거,1098374,1769091,128.5902869,35.91352307
2015,2015-05-26,야,화,1,1,0,0,0,전북,익산시,차대차,추돌,진행중 추돌,운전자법규위반,안전운전 의무 불이행,단일로,기타단일로,화물차,소형,자전거,자전거,955516,1778694,127.00641,36.0040385
2015,2015-05-26,야,화,1,2,0,1,0,서울,동작구,차대차,측면충돌,측면충돌,운전자법규위반,신호위반,교차로,교차로내,이륜차,중형,이륜차,소형,950892,1945244,126.9443813,37.50516219
2015,2015-05-26,야,화,1,1,0,0,0,서울,구로구,차대사람,차도통행중,차도통행중,운전자법규위반,안전운전 의무 불이행,단일로,기타단일로,승합차,대형,보행자,보행자,946297,1942355,126.8926059,37.47886717
2015,2015-05-26,야,화,1,2,0,1,0,경기,시흥시,차대차,정면충돌,정면충돌,운전자법규위반,중앙선 침범,단일로,기타단일로,화물차,소형,승합차,대형,940093,1934741,126.82306,37.40985973
2015,2015-05-27,야,수,1,3,1,1,0,전남,나주시,차대차,정면충돌,정면충돌,운전자법규위반,중앙선 침범,단일로,기타단일로,승용차,중형,승용차,중형,924090,1668683,126.6680308,35.01026857
2015,2015-05-27,야,수,1,2,0,0,1,대구,북구,차량단독,공작물충돌,공작물충돌,운전자법규위반,안전운전 의무 불이행,단일로,기타단일로,이륜차,중형,없음,없음,1100843,1767397,128.6174316,35.89800116
2015,2015-05-27,주,수,1,1,0,0,0,전북,무주군,차량단독,전도전복,전도전복,운전자법규위반,안전운전 의무 불이행,단일로,기타단일로,농기계,농기계,없음,없음,1019189,1780363,127.7129626,36.01991254
2015,2015-05-27,주,수,1,1,0,0,0,경남,창녕군,차대사람,차도통행중,차도통행중,운전자법규위반,안전운전 의무 불이행,단일로,기타단일로,승합차,경형,보행자,보행자,1088445,1710987,128.4738784,35.39065546
2015,2015-05-27,주,수,1,1,0,0,0,경남,하동군,차량단독,공작물충돌,공작물충돌,운전자법규위반,안전운전 의무 불이행,단일로,기타단일로,승용차,중형,없음,없음,1012271,1686733,127.6347631,35.17580728
2015,2015-05-27,주,수,2,2,0,0,0,전남,해남군,차량단독,공작물충돌,공작물충돌,운전자법규위반,안전운전 의무 불이행,단일로,기타단일로,승용차,경형,없음,없음,923556,1608777,126.6676142,34.4700639
2015,2015-05-27,주,수,1,1,0,0,0,서울,양천구,차량단독,전도전복,전도전복,운전자법규위반,안전운전 의무 불이행,단일로,기타단일로,원동기장치자전거,원동기장치자전거,없음,없음,945003,1946553,126.8776573,37.51662818
2015,2015-05-27,주,수,1,1,0,0,0,경기,평택시,차대차,측면충돌,측면충돌,운전자법규위반,직진 및 우회전차의 통행방해,교차로,교차로내,화물차,소형,이륜차,중형,965708,1889456,127.1145788,37.00296783
2015,2015-05-27,주,수,2,5,3,0,0,충남,태안군,차대차,정면충돌,정면충돌,운전자법규위반,중앙선 침범,교차로,교차로부근,승용차,중형,건설기계,건설기계,891681,1855749,126.2874799,36.6935621
2015,2015-05-27,주,수,1,1,0,0,0,경남,창원시(통합),차대차,기타,기타,운전자법규위반,중앙선 침범,단일로,기타단일로,원동기장치자전거,원동기장치자전거,화물차,소형,1109883,1706876,128.7093393,35.35146204
2015,2015-05-27,주,수,1,1,0,0,0,경기,의정부시,차대차,기타,기타,운전자법규위반,교차로 통행방법 위반,교차로,교차로내,승용차,중형,자전거,자전거,959598,1970794,127.0414675,37.73587152
2015,2015-05-27,야,수,2,7,5,0,0,충남,금산군,차대차,정면충돌,정면충돌,운전자법규위반,중앙선 침범,단일로,기타단일로,승합차,소형,화물차,소형,997627,1791732,127.4736298,36.12259976
2015,2015-05-27,야,수,1,1,0,0,0,경기,여주시,차대사람,횡단중,횡단중,운전자법규위반,신호위반,단일로,횡단보도부근,화물차,소형,보행자,보행자,1013330,1916451,127.6503028,37.24683759
2015,2015-05-27,야,수,1,1,0,0,0,경기,평택시,차대사람,기타,기타,운전자법규위반,안전운전 의무 불이행,단일로,기타단일로,승용차,중형,보행자,보행자,959627,1882363,127.0466133,36.93878857
2015,2015-05-27,야,수,1,1,0,0,0,경기,양주시,차대차,정면충돌,정면충돌,운전자법규위반,신호위반,교차로,교차로내,승용차,중형,자전거,자전거,954082,1988711,126.9777308,37.89709386
2015,2015-05-27,야,수,1,1,0,0,0,충북,진천군,차대사람,횡단중,횡단중,운전자법규위반,안전운전 의무 불이행,단일로,기타단일로,승용차,중형,보행자,보행자,993957.5,1873615,127.4322119,36.86077505
2015,2015-05-28,야,목,1,1,0,0,0,대구,달서구,차량단독,공작물충돌,공작물충돌,운전자법규위반,안전운전 의무 불이행,단일로,기타단일로,이륜차,소형,없음,없음,1093730,1758587,128.5375896,35.81928937
2015,2015-05-28,주,목,1,1,0,0,0,서울,성북구,차대사람,횡단중,횡단중,운전자법규위반,안전운전 의무 불이행,단일로,기타단일로,화물차,중형,보행자,보행자,957066,1955976,127.0136045,37.60220039
2015,2015-05-28,주,목,1,1,0,0,0,전북,부안군,차대차,기타,기타,운전자법규위반,안전운전 의무 불이행,단일로,기타단일로,화물차,중형,화물차,소형,935993,1750310,126.7920777,35.74705732
2015,2015-05-28,주,목,1,1,0,0,0,경남,산청군,차대사람,횡단중,횡단중,운전자법규위반,안전운전 의무 불이행,교차로,교차로내,화물차,소형,보행자,보행자,1031123,1697872,127.8422195,35.27583975
2015,2015-05-28,주,목,1,1,0,0,0,전북,순창군,차대차,추돌,진행중 추돌,운전자법규위반,교차로 통행방법 위반,단일로,기타단일로,이륜차,소형,승용차,중형,967515,1707713,127.1424141,35.36453068
2015,2015-05-28,주,목,1,4,0,3,0,부산,강서구,차대차,추돌,주정차중 추돌,운전자법규위반,안전운전 의무 불이행,교차로,교차로내,승용차,중형,화물차,소형,1125593,1680571,128.87818,35.11248294
2015,2015-05-28,주,목,1,1,0,0,0,강원,고성군,차대차,측면충돌,측면충돌,운전자법규위반,교차로 통행방법 위반,교차로,교차로내,원동기장치자전거,원동기장치자전거,승용차,중형,1082364,2049387,128.4437891,38.44130214
2015,2015-05-28,주,목,1,1,0,0,0,경기,수원시,차량단독,전도전복,전도전복,운전자법규위반,안전운전 의무 불이행,단일로,기타단일로,이륜차,대형,없음,없음,962033,1918687,127.0717928,37.26631397
2015,2015-05-29,야,금,1,1,0,0,0,경기,시흥시,차대사람,횡단중,횡단중,운전자법규위반,안전운전 의무 불이행,교차로,교차로부근,승용차,중형,보행자,보행자,932726,1927233,126.740503,37.34168374
2015,2015-05-29,야,금,1,2,0,1,0,경남,거제시,차대차,추돌,주정차중 추돌,운전자법규위반,안전운전 의무 불이행,단일로,기타단일로,승용차,중형,화물차,중형,1101587,1656041,128.6118063,34.89403577
2015,2015-05-29,야,금,1,1,0,0,0,강원,원주시,차량단독,도로이탈,도로이탈 추락,운전자법규위반,안전운전 의무 불이행,단일로,기타단일로,승용차,중형,없음,없음,1030843,1925680,127.8481518,37.32961088
2015,2015-05-29,야,금,1,2,1,0,0,경기,광주시,차대차,측면충돌,측면충돌,운전자법규위반,안전운전 의무 불이행,교차로,교차로내,화물차,대형,이륜차,중형,974540,1927821,127.2125365,37.34907261
2015,2015-05-29,야,금,1,2,1,0,0,충남,금산군,차량단독,공작물충돌,공작물충돌,운전자법규위반,안전운전 의무 불이행,단일로,기타단일로,화물차,소형,없음,없음,997792,1799357,127.4754419,36.19134491
2015,2015-05-29,주,금,1,1,0,0,0,경남,통영시,차대사람,횡단중,횡단중,운전자법규위반,안전운전 의무 불이행,교차로,교차로내,승용차,중형,보행자,보행자,1084052,1650678,128.4193824,34.84728421
2015,2015-05-29,주,금,1,1,0,0,0,경기,의정부시,차대사람,횡단중,횡단중,운전자법규위반,안전운전 의무 불이행,교차로,교차로내,승용차,중형,보행자,보행자,960035,1971657,127.0463795,37.74366894
2015,2015-05-29,주,금,1,1,0,0,0,인천,서구,차대차,측면충돌,측면충돌,운전자법규위반,안전거리 미확보,단일로,기타단일로,화물차,소형,자전거,자전거,926759.2,1942450,126.6716375,37.47838084
2015,2015-05-29,주,금,1,1,0,0,0,경남,함안군,차대차,추돌,진행중 추돌,운전자법규위반,안전운전 의무 불이행,단일로,기타단일로,화물차,중형,화물차,대형,1092201,1699156,128.5138972,35.28365238
2015,2015-05-29,야,금,1,1,0,0,0,부산,부산진구,차대사람,횡단중,횡단중,운전자법규위반,안전운전 의무 불이행,단일로,횡단보도상,승용차,중형,보행자,보행자,1141902,1685985,129.0580192,35.15911775
2015,2015-05-29,야,금,1,1,0,0,0,충남,아산시,차대사람,기타,기타,운전자법규위반,안전운전 의무 불이행,단일로,횡단보도상,승용차,중형,보행자,보행자,956056,1867132,127.0073948,36.80133203
2015,2015-05-29,야,금,1,1,0,0,0,경북,포항시,차대사람,기타,기타,운전자법규위반,안전운전 의무 불이행,교차로,교차로부근,승용차,중형,보행자,보행자,1165914,1788711,129.3426712,36.08119714
2015,2015-05-29,야,금,1,4,1,2,0,충남,당진시,차량단독,공작물충돌,공작물충돌,운전자법규위반,안전운전 의무 불이행,교차로,교차로내,승용차,대형,없음,없음,920438,1872451,126.6076002,36.84695166
2015,2015-05-29,야,금,1,1,0,0,0,전북,남원시,차대사람,기타,기타,운전자법규위반,안전운전 의무 불이행,단일로,기타단일로,화물차,소형,보행자,보행자,989523,1713496,127.3845969,35.41714906
2015,2015-05-30,야,토,1,1,0,0,0,경북,포항시,차대사람,횡단중,횡단중,운전자법규위반,보행자 보호의무 위반,교차로,교차로내,승용차,중형,보행자,보행자,1165771,1782559,129.3397926,36.02578464
2015,2015-05-30,야,토,1,1,0,0,0,울산,북구,차대차,추돌,진행중 추돌,운전자법규위반,과속,단일로,기타단일로,화물차,중형,자전거,자전거,1168779,1733233,129.3627503,35.58076985
2015,2015-05-30,야,토,1,1,0,0,0,울산,울주군,차대차,추돌,진행중 추돌,운전자법규위반,안전운전 의무 불이행,교차로,교차로내,승용차,대형,화물차,대형,1166425,1719353,129.3339338,35.45608155
2015,2015-05-30,주,토,1,2,0,1,0,경남,함양군,차대차,측면충돌,측면충돌,운전자법규위반,중앙선 침범,단일로,기타단일로,이륜차,사발이,화물차,소형,1020090,1723901,127.7215458,35.51082005
2015,2015-05-30,주,토,1,3,0,2,0,경북,영덕군,차대사람,기타,기타,운전자법규위반,중앙선 침범,단일로,기타단일로,화물차,소형,보행자,보행자,1159740,1818999,129.2803071,36.35516487
2015,2015-05-30,주,토,1,1,0,0,0,경기,안산시,차대사람,횡단중,횡단중,운전자법규위반,안전운전 의무 불이행,교차로,교차로부근,승용차,중형,보행자,보행자,942107,1925421,126.8465455,37.32598407
2015,2015-05-30,주,토,1,1,0,0,0,경기,고양시,차대사람,차도통행중,차도통행중,운전자법규위반,안전운전 의무 불이행,단일로,횡단보도부근,승합차,대형,보행자,보행자,933996,1964135,126.7515261,37.67436845
2015,2015-05-30,야,토,1,1,0,0,0,강원,동해시,차대사람,횡단중,횡단중,운전자법규위반,보행자 보호의무 위반,단일로,기타단일로,이륜차,소형,보행자,보행자,1141519,1950340,129.1019069,37.54153509
2015,2015-05-30,야,토,1,1,0,0,0,경남,의령군,차대사람,차도통행중,차도통행중,운전자법규위반,직진 및 우회전차의 통행방해,교차로,교차로내,승용차,대형,보행자,보행자,1063635,1704296,128.2001932,35.33222121
2015,2015-05-30,야,토,1,4,0,3,0,부산,연제구,차대차,측면충돌,측면충돌,운전자법규위반,중앙선 침범,단일로,기타단일로,승용차,중형,이륜차,중형,1144108,1688756,129.0827159,35.18378095
2015,2015-05-30,야,토,1,1,0,0,0,경남,거제시,차대사람,기타,기타,운전자법규위반,신호위반,교차로,교차로내,화물차,중형,보행자,보행자,1110805,1652772,128.7122395,34.86359927
2015,2015-05-30,야,토,1,1,0,0,0,경기,안산시,차량단독,공작물충돌,공작물충돌,운전자법규위반,안전운전 의무 불이행,단일로,기타단일로,원동기장치자전거,원동기장치자전거,없음,없음,944921,1921577,126.8785913,37.2915076
2015,2015-05-31,야,일,1,2,0,1,0,경기,남양주시,차량단독,공작물충돌,공작물충돌,운전자법규위반,안전운전 의무 불이행,교차로,교차로내,승용차,소형,없음,없음,971367,1966179,127.1752161,37.69471953
2015,2015-05-31,야,일,1,1,0,0,0,전북,군산시,차대사람,횡단중,횡단중,운전자법규위반,보행자 보호의무 위반,교차로,교차로부근,승용차,소형,보행자,보행자,926233,1776145,126.6817499,35.97928222
2015,2015-05-31,주,일,1,2,0,0,1,서울,중랑구,차대차,추돌,주정차중 추돌,운전자법규위반,안전운전 의무 불이행,단일로,기타단일로,이륜차,소형,화물차,소형,962196,1955461,127.0717469,37.59778377
2015,2015-05-31,주,일,1,1,0,0,0,충북,청주시,차대사람,횡단중,횡단중,운전자법규위반,안전운전 의무 불이행,단일로,기타단일로,승용차,소형,보행자,보행자,997152,1847052,127.4681486,36.62132937
2015,2015-05-31,주,일,1,1,0,0,0,서울,강동구,차대사람,횡단중,횡단중,운전자법규위반,보행자 보호의무 위반,교차로,교차로부근,승합차,대형,보행자,보행자,966935,1949629,127.1256935,37.54540041
2015,2015-05-31,주,일,1,2,1,0,0,경기,화성시,차대차,측면충돌,측면충돌,운전자법규위반,과속,단일로,기타단일로,이륜차,대형,화물차,경형,946055,1916555,126.8917488,37.24630822
2015,2015-05-31,주,일,1,1,0,0,0,경남,김해시,차량단독,공작물충돌,공작물충돌,운전자법규위반,안전운전 의무 불이행,단일로,기타단일로,승용차,소형,없음,없음,1128808,1695044,128.9157106,35.24254247
2015,2015-05-31,주,일,1,1,0,0,0,전남,보성군,차대차,측면충돌,측면충돌,운전자법규위반,안전운전 의무 불이행,교차로,교차로내,화물차,소형,원동기장치자전거,원동기장치자전거,982504,1653380,127.3085574,34.87497407
2015,2015-05-31,주,일,1,1,0,0,0,경북,문경시,차대사람,횡단중,횡단중,운전자법규위반,안전운전 의무 불이행,단일로,기타단일로,승용차,중형,보행자,보행자,1045060,1843758,128.0037384,36.59057366
2015,2015-05-31,주,일,1,2,0,1,0,경기,화성시,차대차,측면충돌,측면충돌,운전자법규위반,교차로 통행방법 위반,교차로,교차로내,승용차,대형,승용차,소형,943239,1899711,126.8612783,37.09431567
2015,2015-05-31,주,일,1,14,7,6,0,경북,영덕군,차대차,정면충돌,정면충돌,운전자법규위반,중앙선 침범,단일로,기타단일로,승합차,중형,승용차,중형,1153662,1830834,129.2149386,36.46280335
2015,2015-05-31,주,일,1,7,3,3,0,대전,대덕구,차대차,추돌,진행중 추돌,운전자법규위반,안전운전 의무 불이행,단일로,기타단일로,승합차,대형,승용차,대형,992563,1825414,127.4170349,36.42623492
2015,2015-05-31,주,일,1,3,2,0,0,경남,산청군,차대차,정면충돌,정면충돌,운전자법규위반,중앙선 침범,단일로,교량위,승용차,경형,화물차,소형,1042092,1698604,127.962866,35.28203871
2015,2015-05-31,야,일,1,1,0,0,0,경남,함안군,차대사람,횡단중,횡단중,운전자법규위반,안전운전 의무 불이행,단일로,기타단일로,승용차,소형,보행자,보행자,1076338,1699526,128.339511,35.28832458
2015,2015-05-31,야,일,1,1,0,0,0,경기,안양시,차대차,측면충돌,측면충돌,운전자법규위반,안전운전 의무 불이행,교차로,교차로내,승합차,대형,원동기장치자전거,원동기장치자전거,952462,1933237,126.9629182,37.39702118
2015,2015-05-31,야,일,1,1,0,0,0,경남,함안군,차대사람,차도통행중,차도통행중,운전자법규위반,안전운전 의무 불이행,단일로,기타단일로,승용차,소형,보행자,보행자,1093090,1701392,128.5239256,35.30372884
2015,2015-05-31,야,일,1,1,0,0,0,경기,양평군,차량단독,기타,기타,운전자법규위반,안전운전 의무 불이행,기타/불명,기타/불명,농기계,농기계,없음,없음,997495,1945029,127.471658,37.50452757
2015,2015-06-01,야,월,1,1,0,0,0,충남,아산시,차대사람,차도통행중,차도통행중,운전자법규위반,안전운전 의무 불이행,단일로,기타단일로,화물차,소형,보행자,보행자,951107,1865217,126.9520424,36.78382687
2015,2015-06-01,주,월,1,1,0,0,0,경남,창원시(통합),차대차,측면충돌,측면충돌,운전자법규위반,안전운전 의무 불이행,단일로,횡단보도상,승용차,소형,자전거,자전거,1108188,1684232,128.6877069,35.14750882
2015,2015-06-01,주,월,1,1,0,0,0,경기,용인시,차대차,추돌,진행중 추돌,운전자법규위반,안전운전 의무 불이행,단일로,기타단일로,화물차,경형,농기계,농기계,983218,1903824,127.3110581,37.13296086
2015,2015-06-01,주,월,1,1,0,0,0,전남,고흥군,차량단독,공작물충돌,공작물충돌,운전자법규위반,안전운전 의무 불이행,단일로,기타단일로,농기계,농기계,없음,없음,978150,1634064,127.261418,34.70070424
2015,2015-06-01,주,월,1,2,1,0,0,강원,홍천군,차대차,정면충돌,정면충돌,운전자법규위반,중앙선 침범,단일로,기타단일로,화물차,소형,화물차,경형,1057347,1969622,128.1507434,37.72440368