발생년,발생년월일시분,주야,요일,사망자수,사상자수,중상자수,경상자수,부상신고자수,발생지시도,발생지시군구,사고유형_대분류,사고유형_중분류,사고유형,법규위반_대분류,법규위반,도로형태_대분류,도로형태,가해자_당사자종별_대분류,가해자_당사자종별,피해자_당사자종별_대분류,피해자_당사자종별,발생위치X_UTMK,발생위치Y_UTMK,경도,위도
2015,2015-06-11,야,목,1,1,0,0,0,충남,서산시,차대차,추돌,주정차중 추돌,운전자법규위반,안전운전 의무 불이행,단일로,기타단일로,이륜차,소형,화물차,소형,907153,1865871,126.4594141,36.78643281
2015,2015-06-11,야,목,1,1,0,0,0,충남,부여군,차량단독,도로이탈,도로이탈 기타,운전자법규위반,안전운전 의무 불이행,기타/불명,기타/불명,화물차,경형,없음,없음,940294,1802462,126.8357151,36.21749721
2015,2015-06-11,야,목,1,2,1,0,0,경남,김해시,차대사람,기타,기타,운전자법규위반,안전운전 의무 불이행,단일로,기타단일로,승용차,중형,보행자,보행자,1124360,1698447,128.8673511,35.27378069
2015,2015-06-12,야,금,1,1,0,0,0,서울,영등포구,차대사람,횡단중,횡단중,운전자법규위반,안전운전 의무 불이행,교차로,교차로부근,승용차,중형,보행자,보행자,946763,1943328,126.8978058,37.48766398
2015,2015-06-12,야,금,1,3,2,0,0,경북,구미시,차대차,기타,기타,운전자법규위반,신호위반,교차로,교차로내,이륜차,소형,승용차,중형,1079691,1790797,128.3854323,36.11090096
2015,2015-06-12,야,금,1,1,0,0,0,경기,김포시,차대사람,횡단중,횡단중,운전자법규위반,안전운전 의무 불이행,단일로,기타단일로,승용차,소형,보행자,보행자,925338,1960600,126.6537168,37.64184559
2015,2015-06-12,주,금,1,1,0,0,0,강원,영월군,차대사람,횡단중,횡단중,운전자법규위반,안전운전 의무 불이행,단일로,기타단일로,승용차,중형,보행자,보행자,1086741,1909484,128.4771768,37.18010213
2015,2015-06-12,주,금,1,1,0,0,0,전북,고창군,차대차,측면충돌,측면충돌,운전자법규위반,직진 및 우회전차의 통행방해,교차로,교차로내,이륜차,사발이,화물차,소형,917851,1706542,126.5958867,35.35111934
2015,2015-06-12,주,금,1,1,0,0,0,경북,경주시,차량단독,전도전복,전도전복,운전자법규위반,안전운전 의무 불이행,단일로,기타단일로,승용차,소형,없음,없음,1159469,1785032,129.27038,36.04912277
2015,2015-06-12,주,금,1,3,1,0,1,경기,고양시,차량단독,공작물충돌,공작물충돌,운전자법규위반,안전운전 의무 불이행,단일로,기타단일로,승용차,대형,없음,없음,943429,1953390,126.8593198,37.57815507
2015,2015-06-12,주,금,2,3,1,0,0,충남,태안군,차대차,추돌,주정차중 추돌,운전자법규위반,안전운전 의무 불이행,단일로,기타단일로,건설기계,건설기계,특수차,소형,894294,1846128,126.3180502,36.60714195
2015,2015-06-12,주,금,1,1,0,0,0,충남,금산군,차대차,측면충돌,측면충돌,운전자법규위반,안전운전 의무 불이행,단일로,기타단일로,승용차,경형,자전거,자전거,999665,1789587,127.4962782,36.10326377
2015,2015-06-12,주,금,1,1,0,0,0,전남,고흥군,차량단독,도로이탈,도로이탈 추락,운전자법규위반,안전운전 의무 불이행,단일로,기타단일로,이륜차,사발이,없음,없음,985218,1633612,127.3386017,34.69675483
2015,2015-06-12,야,금,1,4,3,0,0,경남,함안군,차대차,측면충돌,측면충돌,운전자법규위반,안전운전 의무 불이행,단일로,기타단일로,승용차,중형,승용차,소형,1091145,1702170,128.5026215,35.31092221
2015,2015-06-13,야,토,1,2,0,0,1,경기,파주시,차량단독,공작물충돌,공작물충돌,운전자법규위반,안전운전 의무 불이행,교차로,교차로내,승용차,소형,없음,없음,936566,1974470,126.7797659,37.76769517
2015,2015-06-13,야,토,1,1,0,0,0,경기,부천시,차대사람,횡단중,횡단중,운전자법규위반,안전운전 의무 불이행,단일로,횡단보도상,승용차,대형,보행자,보행자,936812,1944221,126.7851751,37.49508524
2015,2015-06-13,주,토,1,3,1,1,0,경기,안산시,차대차,추돌,진행중 추돌,운전자법규위반,안전거리 미확보,단일로,기타단일로,승용차,중형,건설기계,건설기계,939668,1924511,126.8190915,37.31762673
2015,2015-06-13,주,토,1,1,0,0,0,경남,창원시(통합),차대차,측면충돌,측면충돌,운전자법규위반,부당한 회전,단일로,횡단보도상,자전거,자전거,승용차,대형,1109672,1691557,128.7049697,35.2133842
2015,2015-06-13,주,토,1,2,1,0,0,울산,울주군,차량단독,공작물충돌,공작물충돌,운전자법규위반,안전운전 의무 불이행,단일로,기타단일로,승용차,경형,없음,없음,1166068,1717294,129.3295815,35.43758519
2015,2015-06-13,주,토,1,2,0,1,0,경기,용인시,차대차,기타,기타,운전자법규위반,안전거리 미확보,단일로,기타단일로,승용차,중형,승합차,대형,966356,1899661,127.1214052,37.09498074
2015,2015-06-13,주,토,1,1,0,0,0,경북,예천군,차대차,추돌,진행중 추돌,운전자법규위반,안전운전 의무 불이행,단일로,기타단일로,화물차,소형,원동기장치자전거,원동기장치자전거,1092026,1845745,128.5289653,36.60510863
2015,2015-06-13,주,토,1,1,0,0,0,경북,울진군,차대차,기타,기타,운전자법규위반,안전운전 의무 불이행,교차로,교차로내,승용차,소형,이륜차,중형,1168297,1899110,129.3932649,37.07550421
2015,2015-06-13,주,토,1,1,0,0,0,전남,강진군,차량단독,도로이탈,도로이탈 추락,운전자법규위반,안전운전 의무 불이행,단일로,기타단일로,이륜차,사발이,없음,없음,932401,1615252,126.763405,34.52906971
2015,2015-06-13,주,토,1,1,0,0,0,대전,동구,차대사람,차도통행중,차도통행중,운전자법규위반,안전운전 의무 불이행,단일로,기타단일로,승용차,중형,보행자,보행자,993948.4,1817256,127.4325536,36.35269744
2015,2015-06-13,주,토,1,1,0,0,0,충북,보은군,차대차,추돌,진행중 추돌,운전자법규위반,안전운전 의무 불이행,교차로,교차로내,화물차,소형,이륜차,소형,1003751.4,1825950.6,127.5418522,36.43109402
2015,2015-06-13,주,토,1,1,0,0,0,충남,아산시,차대사람,횡단중,횡단중,운전자법규위반,보행자 보호의무 위반,단일로,기타단일로,화물차,소형,보행자,보행자,954339,1855633,126.9888362,36.69759358
2015,2015-06-13,야,토,1,2,1,0,0,충남,공주시,차대차,정면충돌,정면충돌,운전자법규위반,중앙선 침범,단일로,기타단일로,원동기장치자전거,원동기장치자전거,승용차,중형,960824,1830756,127.062699,36.47362208
2015,2015-06-14,야,일,1,1,0,0,0,울산,동구,차량단독,기타,기타,운전자법규위반,안전운전 의무 불이행,기타/불명,기타/불명,이륜차,중형,없음,없음,1174476,1722602,129.4233061,35.4839802
2015,2015-06-14,야,일,1,2,0,1,0,강원,강릉시,차대사람,기타,기타,운전자법규위반,안전운전 의무 불이행,단일로,기타단일로,승용차,소형,보행자,보행자,1136365,1961903,129.0457407,37.64649741
2015,2015-06-14,야,일,1,3,2,0,0,경남,진주시,차대사람,보도통행중,보도통행중,운전자법규위반,안전운전 의무 불이행,단일로,기타단일로,승용차,중형,보행자,보행자,1052396,1688406,128.0755197,35.18960049
2015,2015-06-14,주,일,1,1,0,0,0,충남,예산군,차량단독,공작물충돌,공작물충돌,운전자법규위반,안전운전 의무 불이행,단일로,기타단일로,승용차,경형,없음,없음,939918,1854730,126.8274764,36.68865117
2015,2015-06-14,주,일,1,2,0,0,1,강원,영월군,차량단독,도로이탈,도로이탈 기타,운전자법규위반,안전운전 의무 불이행,단일로,기타단일로,화물차,소형,없음,없음,1064536,1918842,128.2278591,37.26624807
2015,2015-06-14,주,일,1,1,0,0,0,경남,창원시(통합),차대사람,횡단중,횡단중,운전자법규위반,안전운전 의무 불이행,교차로,교차로부근,승합차,대형,보행자,보행자,1120323,1678726,128.820096,35.0964941
2015,2015-06-14,주,일,1,1,0,0,0,경기,포천시,차량단독,전도전복,전도전복,운전자법규위반,안전운전 의무 불이행,단일로,기타단일로,이륜차,중형,없음,없음,975162,2001688,127.2170416,38.01487332
2015,2015-06-14,야,일,1,1,0,0,0,경기,파주시,차대사람,차도통행중,차도통행중,운전자법규위반,안전운전 의무 불이행,기타/불명,기타/불명,승용차,소형,보행자,보행자,940484,1971261,126.8245112,37.73903705
2015,2015-06-15,야,월,1,2,1,0,0,전남,무안군,차대차,기타,기타,운전자법규위반,과속,단일로,기타단일로,화물차,소형,승용차,중형,909771,1644482,126.5137267,34.79088933
2015,2015-06-15,주,월,1,1,0,0,0,강원,강릉시,차대차,측면충돌,측면충돌,운전자법규위반,안전운전 의무 불이행,단일로,기타단일로,건설기계,건설기계,이륜차,중형,1120904,1972740,128.8723333,37.74631319
2015,2015-06-15,주,월,1,4,3,0,0,충남,서산시,차량단독,도로이탈,도로이탈 기타,운전자법규위반,안전운전 의무 불이행,단일로,기타단일로,화물차,소형,없음,없음,901455,1852787,126.3972517,36.66792877
2015,2015-06-15,주,월,1,1,0,0,0,서울,중랑구,차대사람,횡단중,횡단중,운전자법규위반,안전운전 의무 불이행,단일로,기타단일로,화물차,소형,보행자,보행자,964086,1955088,127.0931751,37.59449755
2015,2015-06-15,주,월,1,1,0,0,0,부산,사하구,차대사람,기타,기타,운전자법규위반,안전운전 의무 불이행,단일로,기타단일로,화물차,소형,보행자,보행자,1134642,1678197,128.9770637,35.08991357
2015,2015-06-15,주,월,1,1,0,0,0,서울,은평구,차대사람,차도통행중,차도통행중,운전자법규위반,안전운전 의무 불이행,단일로,기타단일로,건설기계,건설기계,보행자,보행자,946479,1953905,126.8938223,37.5829792
2015,2015-06-15,야,월,1,1,0,0,0,경기,평택시,차량단독,공작물충돌,공작물충돌,운전자법규위반,안전운전 의무 불이행,단일로,기타단일로,원동기장치자전거,원동기장치자전거,없음,없음,958516,1901121,127.0331036,37.10782668
2015,2015-06-15,야,월,1,1,0,0,0,경기,평택시,차대사람,횡단중,횡단중,운전자법규위반,신호위반,단일로,기타단일로,승용차,중형,보행자,보행자,959940,1889685,127.0497395,37.00480386
2015,2015-06-15,야,월,1,2,0,1,0,충남,천안시,차대차,추돌,주정차중 추돌,운전자법규위반,안전운전 의무 불이행,기타/불명,기타/불명,승용차,경형,승용차,대형,967453,1866788,127.1351653,36.79869155
2015,2015-06-15,야,월,1,1,0,0,0,경남,창원시(통합),차량단독,전도전복,전도전복,운전자법규위반,안전운전 의무 불이행,단일로,기타단일로,화물차,소형,없음,없음,1079368,1681844,128.3711249,35.12866635
2015,2015-06-15,야,월,1,1,0,0,0,제주,제주시,차량단독,도로이탈,도로이탈 기타,운전자법규위반,안전운전 의무 불이행,단일로,기타단일로,이륜차,사발이,없음,없음,887028,1487791,126.2855163,33.37578066
2015,2015-06-16,주,화,1,1,0,0,0,전남,영광군,차량단독,도로이탈,도로이탈 추락,운전자법규위반,안전운전 의무 불이행,단일로,기타단일로,화물차,경형,없음,없음,901138,1692932,126.4136149,35.22690425
2015,2015-06-16,주,화,1,5,3,1,0,충남,서산시,차대차,정면충돌,정면충돌,운전자법규위반,중앙선 침범,단일로,기타단일로,승용차,중형,승합차,대형,902628,1858987,126.4095868,36.72393177
2015,2015-06-16,주,화,1,1,0,0,0,대전,대덕구,차대차,기타,기타,운전자법규위반,신호위반,교차로,교차로부근,승합차,대형,자전거,자전거,992792,1827894,127.4195665,36.44859455
2015,2015-06-16,주,화,1,1,0,0,0,경북,안동시,차대사람,차도통행중,차도통행중,운전자법규위반,과속,단일로,기타단일로,승용차,중형,보행자,보행자,1102611,1843981,128.647063,36.58812873
2015,2015-06-16,주,화,1,1,0,0,0,경남,함안군,차량단독,공작물충돌,공작물충돌,운전자법규위반,안전운전 의무 불이행,단일로,기타단일로,화물차,소형,없음,없음,1076844,1700053,128.3451245,35.29303728
2015,2015-06-16,주,화,1,1,0,0,0,경북,칠곡군,차대사람,횡단중,횡단중,운전자법규위반,안전운전 의무 불이행,단일로,기타단일로,승용차,중형,보행자,보행자,1089516,1771363,128.4923827,35.93485574
2015,2015-06-16,야,화,1,1,0,0,0,경기,화성시,차대사람,차도통행중,차도통행중,운전자법규위반,안전운전 의무 불이행,단일로,기타단일로,승용차,중형,보행자,보행자,966651,1905936,127.1244454,37.15155444
2015,2015-06-16,야,화,1,2,1,0,0,경기,성남시,차대사람,길가장자리구역통행중,길가장자리구역통행중,운전자법규위반,안전운전 의무 불이행,기타/불명,기타/불명,승용차,중형,보행자,보행자,971691,1937388,127.1800031,37.43522405
2015,2015-06-16,야,화,1,1,0,0,0,전남,나주시,차대사람,횡단중,횡단중,운전자법규위반,안전운전 의무 불이행,단일로,기타단일로,승용차,중형,보행자,보행자,929169,1673128,126.7233126,35.05071598
2015,2015-06-16,야,화,1,1,0,0,0,전북,고창군,차대차,기타,기타,운전자법규위반,안전운전 의무 불이행,단일로,기타단일로,원동기장치자전거,원동기장치자전거,화물차,소형,925574,1728651,126.6788535,35.55105646
2015,2015-06-16,야,화,1,1,0,0,0,전남,영암군,차량단독,공작물충돌,공작물충돌,운전자법규위반,안전운전 의무 불이행,단일로,기타단일로,화물차,소형,없음,없음,928721,1649294,126.7204371,34.83578072
2015,2015-06-17,야,수,1,1,0,0,0,충북,충주시,차량단독,전도전복,전도전복,운전자법규위반,안전운전 의무 불이행,단일로,기타단일로,화물차,경형,없음,없음,1038044.2,1894337.3,127.9278393,37.04682412
2015,2015-06-17,야,수,1,2,1,0,0,대전,유성구,차대차,기타,기타,운전자법규위반,안전운전 의무 불이행,단일로,기타단일로,화물차,대형,승용차,경형,981106,1807437,127.2896608,36.26400854
2015,2015-06-17,야,수,1,1,0,0,0,경기,김포시,차대차,추돌,진행중 추돌,운전자법규위반,안전운전 의무 불이행,단일로,기타단일로,승용차,중형,원동기장치자전거,원동기장치자전거,917872,1967523,126.5683208,37.70359976
2015,2015-06-17,주,수,1,2,1,0,0,서울,은평구,차대차,측면충돌,측면충돌,운전자법규위반,차로위반(진로변경 위반),단일로,기타단일로,이륜차,소형,승합차,대형,945828,1954435,126.8864103,37.58771801
2015,2015-06-17,주,수,1,1,0,0,0,부산,사하구,차대사람,보도통행중,보도통행중,운전자법규위반,보행자 보호의무 위반,교차로,교차로부근,승용차,중형,보행자,보행자,1134634,1679555,128.9771968,35.10215605
2015,2015-06-17,주,수,1,4,3,0,0,경기,포천시,차대차,추돌,주정차중 추돌,운전자법규위반,안전운전 의무 불이행,단일로,기타단일로,화물차,대형,화물차,중형,983243,1995579,127.3092436,37.95999918
2015,2015-06-17,주,수,1,1,0,0,0,전북,군산시,차대차,기타,기타,운전자법규위반,중앙선 침범,교차로,교차로부근,화물차,소형,자전거,자전거,935533,1769760,126.7854197,35.92237858
2015,2015-06-17,주,수,1,1,0,0,0,경북,경주시,차대사람,기타,기타,운전자법규위반,안전운전 의무 불이행,기타/불명,기타/불명,승용차,중형,보행자,보행자,1154610,1764332,129.2124264,35.8633595
2015,2015-06-17,주,수,1,1,0,0,0,경남,진주시,차대차,측면충돌,측면충돌,운전자법규위반,직진 및 우회전차의 통행방해,교차로,교차로내,승용차,중형,원동기장치자전거,원동기장치자전거,1052852,1688966,128.0805642,35.19462593
2015,2015-06-17,야,수,1,1,0,0,0,전북,전주시,차대차,측면충돌,측면충돌,운전자법규위반,안전운전 의무 불이행,교차로,교차로내,승합차,대형,이륜차,소형,963433,1756832,127.095259,35.80726308
2015,2015-06-17,야,수,1,1,0,0,0,경남,진주시,차대사람,기타,기타,운전자법규위반,안전운전 의무 불이행,단일로,기타단일로,승용차,소형,보행자,보행자,1053948,1686947,128.0924707,35.17636294
2015,2015-06-17,야,수,1,1,0,0,0,강원,원주시,차대사람,기타,기타,운전자법규위반,안전운전 의무 불이행,단일로,기타단일로,승용차,중형,보행자,보행자,1037271,1928867,127.9208689,37.35810167
2015,2015-06-17,야,수,1,1,0,0,0,강원,삼척시,차대차,추돌,진행중 추돌,운전자법규위반,안전운전 의무 불이행,단일로,기타단일로,승용차,중형,자전거,자전거,1162742,1916872,129.3346674,37.23651307
2015,2015-06-17,야,수,1,1,0,0,0,울산,북구,차대사람,기타,기타,운전자법규위반,안전운전 의무 불이행,단일로,기타단일로,승용차,소형,보행자,보행자,1166654,1741668,129.3410503,35.65714494
2015,2015-06-17,야,수,1,2,1,0,0,충남,아산시,차대차,측면충돌,측면충돌,운전자법규위반,신호위반,교차로,교차로내,이륜차,중형,승용차,대형,957819,1864297,127.0273141,36.77585629
2015,2015-06-17,야,수,1,1,0,0,0,경남,거제시,차대사람,횡단중,횡단중,운전자법규위반,안전운전 의무 불이행,단일로,기타단일로,승용차,중형,보행자,보행자,1109199,1653130,128.6947195,34.86700075
2015,2015-06-17,야,수,1,1,0,0,0,경남,김해시,차대차,추돌,주정차중 추돌,운전자법규위반,기타(운전자법규위반),교차로,교차로부근,화물차,대형,화물차,소형,1116022,1697172,128.7755147,35.26328817
2015,2015-06-18,야,목,1,3,1,1,0,전북,김제시,차대차,추돌,주정차중 추돌,운전자법규위반,과속,단일로,기타단일로,승용차,대형,특수차,중형,945444,1756585,126.8961732,35.804201
2015,2015-06-18,야,목,1,1,0,0,0,경기,광주시,차대차,추돌,진행중 추돌,운전자법규위반,안전운전 의무 불이행,단일로,기타단일로,원동기장치자전거,원동기장치자전거,화물차,중형,974991,1933876,127.2174239,37.4036631
2015,2015-06-18,주,목,1,1,0,0,0,경남,창녕군,차대차,측면충돌,측면충돌,운전자법규위반,과속,교차로,교차로부근,화물차,중형,이륜차,소형,1081506,1714990,128.3978812,35.42733713
2015,2015-06-18,주,목,1,6,0,4,1,경기,김포시,차대차,기타,기타,운전자법규위반,중앙선 침범,교차로,교차로부근,화물차,소형,승합차,대형,922274,1961554,126.6188889,37.65018917
2015,2015-06-18,주,목,1,1,0,0,0,경북,칠곡군,차대차,측면충돌,측면충돌,운전자법규위반,신호위반,교차로,교차로내,화물차,중형,이륜차,중형,1094171,1790076,128.5462084,36.10310475
2015,2015-06-18,야,목,1,1,0,0,0,전북,진안군,차량단독,전도전복,전도전복,운전자법규위반,안전운전 의무 불이행,단일로,기타단일로,화물차,소형,없음,없음,998634,1757674,127.4848789,35.8155351
2015,2015-06-18,야,목,1,2,1,0,0,경북,군위군,차대차,정면충돌,정면충돌,운전자법규위반,안전운전 의무 불이행,단일로,기타단일로,화물차,중형,화물차,소형,1106858,1798462,128.6882706,36.17738092
2015,2015-06-18,야,목,1,1,0,0,0,경기,화성시,차대사람,횡단중,횡단중,운전자법규위반,안전운전 의무 불이행,교차로,교차로부근,승용차,소형,보행자,보행자,949483,1907207,126.931032,37.16224065
2015,2015-06-18,야,목,1,1,0,0,0,강원,춘천시,차대차,추돌,진행중 추돌,운전자법규위반,안전운전 의무 불이행,단일로,기타단일로,승용차,중형,농기계,농기계,1023781,1983030,127.7703006,37.84673888
2015,2015-06-18,야,목,1,1,0,0,0,울산,북구,차대사람,횡단중,횡단중,운전자법규위반,과속,단일로,기타단일로,승용차,대형,보행자,보행자,1167868,1735985,129.3532724,35.60572534
2015,2015-06-19,야,금,1,1,0,0,0,경기,화성시,차량단독,전도전복,전도전복,운전자법규위반,안전운전 의무 불이행,단일로,기타단일로,승용차,중형,없음,없음,960402,1912248,127.0537405,37.2082062
2015,2015-06-19,주,금,1,1,0,0,0,경기,동두천시,차대차,추돌,진행중 추돌,운전자법규위반,안전운전 의무 불이행,단일로,기타단일로,화물차,대형,원동기장치자전거,원동기장치자전거,959927,1989467,127.0441674,37.9041837
2015,2015-06-19,주,금,1,1,0,0,0,서울,용산구,차대차,측면충돌,측면충돌,운전자법규위반,신호위반,교차로,교차로내,자전거,자전거,승용차,중형,953359,1949578,126.9720171,37.54435358
2015,2015-06-19,주,금,1,1,0,0,0,경기,성남시,차량단독,공작물충돌,공작물충돌,운전자법규위반,안전운전 의무 불이행,단일로,기타단일로,건설기계,건설기계,없음,없음,962442,1933014,127.0756799,37.39546953
2015,2015-06-19,주,금,2,4,1,1,0,전남,여수시,차대차,추돌,진행중 추돌,운전자법규위반,안전운전 의무 불이행,단일로,기타단일로,화물차,대형,승용차,소형,1012181,1645660,127.6331735,34.80543543
2015,2015-06-19,주,금,1,1,0,0,0,전남,강진군,차대차,기타,기타,운전자법규위반,안전운전 의무 불이행,단일로,기타단일로,자전거,자전거,화물차,소형,932447,1626937,126.7629766,34.63444006
2015,2015-06-19,야,금,1,1,0,0,0,경기,의정부시,차대차,추돌,진행중 추돌,운전자법규위반,안전운전 의무 불이행,단일로,기타단일로,화물차,중형,자전거,자전거,963966,1973830,127.0908892,37.76341756
2015,2015-06-19,야,금,1,1,0,0,0,경기,성남시,차대차,측면충돌,측면충돌,운전자법규위반,신호위반,교차로,교차로내,이륜차,중형,승용차,소형,969714,1937075,127.1576689,37.43234018
2015,2015-06-20,야,토,1,2,0,1,0,전북,전주시,차대차,정면충돌,정면충돌,운전자법규위반,신호위반,교차로,교차로내,원동기장치자전거,원동기장치자전거,승용차,경형,963372,1758042,127.0945283,35.81817016
2015,2015-06-20,야,토,1,1,0,0,0,서울,동작구,차대사람,차도통행중,차도통행중,운전자법규위반,안전운전 의무 불이행,교차로,교차로내,승용차,대형,보행자,보행자,951054,1945196,126.9462173,37.50473816
2015,2015-06-20,야,토,1,3,1,1,0,경기,안산시,차대사람,보도통행중,보도통행중,운전자법규위반,안전운전 의무 불이행,단일로,기타단일로,승용차,중형,보행자,보행자,944789,1929831,126.8764877,37.36589632
2015,2015-06-20,야,토,1,3,2,0,0,전남,함평군,차대차,추돌,주정차중 추돌,운전자법규위반,안전운전 의무 불이행,단일로,기타단일로,승용차,소형,승용차,소형,917369,1687936,126.5924552,35.18332959
2015,2015-06-20,야,토,1,1,0,0,0,경북,포항시,차량단독,공작물충돌,공작물충돌,운전자법규위반,안전운전 의무 불이행,단일로,기타단일로,승용차,소형,없음,없음,1165852,1793886,129.3430722,36.12784023
2015,2015-06-20,주,토,1,1,0,0,0,부산,부산진구,차대사람,기타,기타,운전자법규위반,안전운전 의무 불이행,단일로,기타단일로,승용차,중형,보행자,보행자,1141037,1685323,129.0484119,35.15327229
2015,2015-06-20,주,토,1,1,0,0,0,전남,화순군,차량단독,기타,기타,운전자법규위반,안전운전 의무 불이행,단일로,기타단일로,이륜차,소형,없음,없음,947226,1668416,126.921603,35.00933422
2015,2015-06-20,주,토,1,1,0,0,0,대전,동구,차대차,측면충돌,측면충돌,운전자법규위반,교차로 통행방법 위반,교차로,교차로내,원동기장치자전거,원동기장치자전거,승용차,중형,993834.6,1814510.3,127.431307,36.32794307
2015,2015-06-20,주,토,1,1,0,0,0,경남,사천시,차대차,측면충돌,측면충돌,운전자법규위반,직진 및 우회전차의 통행방해,교차로,교차로내,이륜차,소형,승용차,중형,1053378,1661619,128.0845808,34.94801393
2015,2015-06-20,주,토,1,1,0,0,0,경기,연천군,차량단독,공작물충돌,공작물충돌,운전자법규위반,안전운전 의무 불이행,단일로,기타단일로,승용차,소형,없음,없음,962303,1998913,127.0706988,37.98941949
2015,2015-06-20,야,토,1,1,0,0,0,부산,사하구,차대차,정면충돌,정면충돌,운전자법규위반,신호위반,교차로,교차로내,이륜차,중형,승용차,중형,1134127,1674193,128.9707678,35.05388878
2015,2015-06-20,야,토,1,1,0,0,0,경기,안산시,차량단독,공작물충돌,공작물충돌,운전자법규위반,안전운전 의무 불이행,단일로,기타단일로,승용차,소형,없음,없음,943417,1928239,126.8611158,37.35146442
2015,2015-06-20,야,토,1,3,1,1,0,경기,하남시,차대차,기타,기타,운전자법규위반,안전운전 의무 불이행,단일로,기타단일로,승용차,대형,승용차,중형,968965,1945772,127.1488363,37.51070612
2015,2015-06-21,주,일,1,1,0,0,0,경남,창원시(통합),차대차,기타,기타,운전자법규위반,안전운전 의무 불이행,단일로,기타단일로,이륜차,중형,승용차,대형,1095339,1684218,128.5466691,35.1486831
2015,2015-06-21,주,일,1,2,1,0,0,경남,통영시,차대차,정면충돌,정면충돌,운전자법규위반,중앙선 침범,단일로,기타단일로,승용차,중형,승용차,소형,1084455,1650981,128.4238205,34.84998281
2015,2015-06-21,주,일,1,1,0,0,0,전북,전주시,차대차,측면충돌,측면충돌,운전자법규위반,안전운전 의무 불이행,교차로,교차로부근,승용차,중형,자전거,자전거,965602,1761443,127.1190674,35.84891429
2015,2015-06-21,주,일,1,1,0,0,0,제주,서귀포시,차량단독,전도전복,전도전복,운전자법규위반,안전운전 의무 불이행,기타/불명,기타/불명,농기계,농기계,없음,없음,894413,1477821,126.3660588,33.28662129
2015,2015-06-21,주,일,1,1,0,0,0,강원,춘천시,차량단독,전도전복,전도전복,운전자법규위반,안전운전 의무 불이행,단일로,기타단일로,이륜차,소형,없음,없음,1023528,1982136,127.7673959,37.83868779
2015,2015-06-21,주,일,1,1,0,0,0,경기,광주시,차량단독,전도전복,전도전복,운전자법규위반,안전운전 의무 불이행,단일로,기타단일로,자전거,자전거,없음,없음,984899,1928605,127.3294812,37.35636586
2015,2015-06-21,주,일,1,3,1,1,0,경북,경산시,차대차,기타,기타,운전자법규위반,중앙선 침범,단일로,기타단일로,이륜차,중형,승용차,대형,1121146,1755851,128.8406037,35.79162524
2015,2015-06-21,주,일,1,1,0,0,0,전남,구례군,차량단독,전도전복,전도전복,운전자법규위반,안전운전 의무 불이행,단일로,기타단일로,이륜차,대형,없음,없음,992253,1697446,127.4148196,35.27245253
2015,2015-06-21,야,일,1,3,1,0,1,경북,경주시,차대차,기타,기타,운전자법규위반,과속,교차로,교차로내,승용차,대형,승용차,경형,1164339,1751101,129.3174164,35.74254193
2015,2015-06-21,야,일,1,3,0,2,0,경기,가평군,차대차,추돌,진행중 추돌,운전자법규위반,안전운전 의무 불이행,단일로,기타단일로,화물차,소형,화물차,소형,1001017,1984174,127.5115611,37.85735954
2015,2015-06-21,야,일,1,1,0,0,0,전북,부안군,차대차,측면충돌,측면충돌,운전자법규위반,교차로 통행방법 위반,교차로,교차로내,승합차,대형,이륜차,소형,930368,1746938,126.7301622,35.71627479
2015,2015-06-21,야,일,1,3,0,0,2,경기,광명시,차대차,측면충돌,측면충돌,운전자법규위반,신호위반,교차로,교차로내,이륜차,소형,승용차,중형,944824,1940342,126.8760976,37.46063682
2015,2015-06-22,야,월,1,1,0,0,0,경기,안성시,차대차,기타,기타,운전자법규위반,안전운전 의무 불이행,단일로,기타단일로,화물차,중형,승합차,소형,967630,1893018,127.1360274,37.03514466
2015,2015-06-22,야,월,1,2,0,1,0,전남,여수시,차대차,추돌,주정차중 추돌,운전자법규위반,안전운전 의무 불이행,단일로,기타단일로,승용차,대형,화물차,중형,1014160,1645043,127.6547992,34.79984591
2015,2015-06-22,야,월,1,1,0,0,0,경북,구미시,차대사람,기타,기타,운전자법규위반,안전운전 의무 불이행,교차로,교차로부근,승용차,대형,보행자,보행자,1072846,1814218,128.3115637,36.32257244
2015,2015-06-22,주,월,1,1,0,0,0,경남,창원시(통합),차대사람,길가장자리구역통행중,길가장자리구역통행중,운전자법규위반,안전운전 의무 불이행,단일로,기타단일로,화물차,소형,보행자,보행자,1109459,1687885,128.702142,35.18030381
2015,2015-06-22,주,월,1,1,0,0,0,경남,김해시,차대차,기타,기타,운전자법규위반,안전운전 의무 불이행,단일로,기타단일로,건설기계,건설기계,자전거,자전거,1112825,1702397,128.741094,35.31075636
2015,2015-06-22,주,월,1,1,0,0,0,경남,사천시,차대사람,횡단중,횡단중,운전자법규위반,안전운전 의무 불이행,교차로,교차로내,화물차,경형,보행자,보행자,1053725,1676207,128.0893237,35.07953476