발생년,발생년월일시분,주야,요일,사망자수,사상자수,중상자수,경상자수,부상신고자수,발생지시도,발생지시군구,사고유형_대분류,사고유형_중분류,사고유형,법규위반_대분류,법규위반,도로형태_대분류,도로형태,가해자_당사자종별_대분류,가해자_당사자종별,피해자_당사자종별_대분류,피해자_당사자종별,발생위치X_UTMK,발생위치Y_UTMK,경도,위도
2015,2015-06-30,야,화,1,1,0,0,0,인천,남구,차대사람,길가장자리구역통행중,길가장자리구역통행중,운전자법규위반,안전운전 의무 불이행,단일로,기타단일로,승용차,소형,보행자,보행자,926629,1937979,126.6706102,37.43807436
2015,2015-07-01,야,수,1,1,0,0,0,경기,용인시,차대사람,횡단중,횡단중,운전자법규위반,안전운전 의무 불이행,단일로,기타단일로,승용차,경형,보행자,보행자,971722,1915538,127.1811871,37.23827399
2015,2015-07-01,야,수,1,4,2,1,0,광주,서구,차대차,측면충돌,측면충돌,운전자법규위반,기타(운전자법규위반),단일로,기타단일로,승용차,소형,승용차,중형,939165,1682979,126.8321913,35.14019155
2015,2015-07-01,주,수,1,2,0,1,0,경북,경산시,차대차,기타,기타,운전자법규위반,신호위반,교차로,교차로내,원동기장치자전거,원동기장치자전거,승용차,중형,1120421,1757921,128.8328945,35.81037297
2015,2015-07-01,주,수,1,1,0,0,0,울산,울주군,차량단독,전도전복,전도전복,운전자법규위반,안전운전 의무 불이행,교차로,교차로부근,이륜차,사발이,없음,없음,1159184,1727645,129.2558008,35.5319986
2015,2015-07-01,주,수,1,1,0,0,0,전남,장성군,차대차,측면충돌,측면충돌,운전자법규위반,신호위반,교차로,교차로내,승용차,중형,특수차,대형,923071,1694765,126.6544363,35.24535384
2015,2015-07-01,주,수,1,1,0,0,0,광주,서구,차대차,추돌,진행중 추돌,운전자법규위반,안전운전 의무 불이행,단일로,기타단일로,승합차,중형,자전거,자전거,939631,1679799,126.8375387,35.11154669
2015,2015-07-01,야,수,1,1,0,0,0,광주,서구,차대사람,길가장자리구역통행중,길가장자리구역통행중,운전자법규위반,안전운전 의무 불이행,교차로,교차로부근,이륜차,소형,보행자,보행자,941590.2,1684077,126.8587345,35.15023562
2015,2015-07-01,야,수,1,1,0,0,0,울산,북구,차대차,기타,기타,운전자법규위반,신호위반,교차로,교차로내,이륜차,대형,승용차,중형,1168691,1731107,129.3613362,35.56162574
2015,2015-07-02,야,목,1,1,0,0,0,경북,경주시,차대사람,기타,기타,운전자법규위반,안전운전 의무 불이행,기타/불명,기타/불명,승용차,경형,보행자,보행자,1164355,1751070,129.3175869,35.74225989
2015,2015-07-02,야,목,1,1,0,0,0,충북,영동군,차대차,추돌,진행중 추돌,운전자법규위반,안전운전 의무 불이행,단일로,기타단일로,특수차,대형,농기계,농기계,1026987,1797116,127.8000788,36.17076727
2015,2015-07-02,주,목,1,1,0,0,0,경기,이천시,차량단독,도로이탈,도로이탈 추락,운전자법규위반,안전운전 의무 불이행,단일로,기타단일로,자전거,자전거,없음,없음,993796,1914193,127.4300653,37.22655856
2015,2015-07-02,주,목,1,1,0,0,0,경기,남양주시,차대사람,횡단중,횡단중,운전자법규위반,보행자 보호의무 위반,단일로,횡단보도상,화물차,중형,보행자,보행자,974096,1959350,127.2064133,37.63324892
2015,2015-07-02,주,목,1,1,0,0,0,세종,세종,차량단독,전도전복,전도전복,운전자법규위반,안전운전 의무 불이행,단일로,기타단일로,농기계,농기계,없음,없음,974032,1844662,127.2096625,36.59943408
2015,2015-07-02,주,목,1,1,0,0,0,전북,남원시,차대차,기타,기타,운전자법규위반,안전운전 의무 불이행,단일로,기타단일로,화물차,소형,이륜차,중형,986942,1721860,127.3560333,35.49253452
2015,2015-07-02,주,목,1,1,0,0,0,충남,당진시,차량단독,전도전복,전도전복,운전자법규위반,안전운전 의무 불이행,단일로,기타단일로,이륜차,소형,없음,없음,927999,1871026,126.6925344,36.8347134
2015,2015-07-02,주,목,1,1,0,0,0,서울,서초구,차대사람,기타,기타,운전자법규위반,보행자 보호의무 위반,교차로,교차로부근,화물차,중형,보행자,보행자,957650,1943563,127.0209369,37.49034563
2015,2015-07-02,주,목,1,1,0,0,0,충남,서천군,차대차,측면충돌,측면충돌,운전자법규위반,신호위반,교차로,교차로내,이륜차,중형,승용차,소형,925435,1782123,126.672336,36.03311315
2015,2015-07-02,주,목,1,1,0,0,0,전북,고창군,차대사람,기타,기타,운전자법규위반,안전운전 의무 불이행,기타/불명,기타/불명,화물차,소형,보행자,보행자,926607,1725482,126.6905367,35.52256266
2015,2015-07-02,주,목,1,1,0,0,0,대전,서구,차대사람,횡단중,횡단중,운전자법규위반,보행자 보호의무 위반,단일로,기타단일로,화물차,중형,보행자,보행자,989546,1815762,127.3835081,36.33919066
2015,2015-07-02,야,목,1,1,0,0,0,경남,거제시,차대차,기타,기타,운전자법규위반,안전운전 의무 불이행,단일로,기타단일로,승용차,중형,승용차,중형,1109460,1653007,128.6975584,34.86586374
2015,2015-07-02,야,목,1,1,0,0,0,강원,동해시,차대사람,횡단중,횡단중,운전자법규위반,보행자 보호의무 위반,교차로,교차로부근,승용차,대형,보행자,보행자,1142870,1948831,129.1169002,37.52773056
2015,2015-07-03,야,금,1,1,0,0,0,충남,아산시,차량단독,전도전복,전도전복,운전자법규위반,안전운전 의무 불이행,기타/불명,기타/불명,승용차,중형,없음,없음,951499,1869189,126.9561824,36.81965192
2015,2015-07-03,야,금,1,1,0,0,0,부산,강서구,차대사람,횡단중,횡단중,운전자법규위반,안전운전 의무 불이행,교차로,교차로부근,화물차,소형,보행자,보행자,1128717,1677758,128.9120144,35.08673047
2015,2015-07-03,주,금,1,1,0,0,0,충남,부여군,차대차,기타,기타,운전자법규위반,안전운전 의무 불이행,단일로,기타단일로,화물차,대형,이륜차,소형,943411,1807408,126.870035,36.26227306
2015,2015-07-03,주,금,1,1,0,0,0,경기,평택시,차대차,측면충돌,측면충돌,운전자법규위반,안전운전 의무 불이행,단일로,기타단일로,원동기장치자전거,원동기장치자전거,승용차,중형,960491,1895005,127.0556531,37.05278228
2015,2015-07-03,주,금,1,1,0,0,0,대구,동구,차대차,측면충돌,측면충돌,운전자법규위반,신호위반,단일로,횡단보도상,승용차,중형,이륜차,소형,1108022,1764782,128.6966117,35.87366272
2015,2015-07-03,주,금,1,3,1,1,0,강원,강릉시,차대차,측면충돌,측면충돌,운전자법규위반,신호위반,교차로,교차로내,승용차,대형,승합차,중형,1120711,1974049,128.8703608,37.75813368
2015,2015-07-03,야,금,1,1,0,0,0,경북,구미시,차량단독,전도전복,전도전복,운전자법규위반,안전운전 의무 불이행,단일로,기타단일로,자전거,자전거,없음,없음,1072083,1814728,128.3031111,36.32722728
2015,2015-07-03,야,금,1,4,2,1,0,서울,은평구,차대차,추돌,진행중 추돌,운전자법규위반,안전운전 의무 불이행,교차로,교차로내,승용차,중형,승용차,중형,945475,1954807,126.8823845,37.59104999
2015,2015-07-03,야,금,1,1,0,0,0,경기,수원시,차대사람,기타,기타,운전자법규위반,안전운전 의무 불이행,단일로,기타단일로,승용차,소형,보행자,보행자,958773,1916463,127.0351494,37.24612872
2015,2015-07-03,야,금,1,1,0,0,0,경남,창원시(통합),차대차,측면충돌,측면충돌,운전자법규위반,안전운전 의무 불이행,단일로,기타단일로,승용차,경형,자전거,자전거,1098873,1691488,128.5863325,35.2138848
2015,2015-07-03,야,금,1,2,1,0,0,전남,진도군,차량단독,공작물충돌,공작물충돌,운전자법규위반,안전운전 의무 불이행,기타/불명,기타/불명,승용차,중형,없음,없음,890893,1612469,126.3115375,34.50041282
2015,2015-07-04,야,토,1,1,0,0,0,서울,동대문구,차대사람,기타,기타,운전자법규위반,안전운전 의무 불이행,단일로,기타단일로,승용차,대형,보행자,보행자,961498,1951611,127.0640423,37.56305367
2015,2015-07-04,야,토,1,1,0,0,0,부산,해운대구,차대사람,기타,기타,운전자법규위반,안전운전 의무 불이행,단일로,교량위,승용차,중형,보행자,보행자,1148168,1686871,129.1269519,35.16619961
2015,2015-07-04,야,토,1,2,0,1,0,전남,나주시,차대차,추돌,주정차중 추돌,운전자법규위반,안전운전 의무 불이행,단일로,기타단일로,승용차,중형,화물차,소형,930592,1671454,126.739055,35.03572111
2015,2015-07-04,야,토,1,1,0,0,0,서울,송파구,차대차,기타,기타,운전자법규위반,안전운전 의무 불이행,단일로,기타단일로,화물차,대형,자전거,자전거,964408,1945247,127.0973,37.50580953
2015,2015-07-04,주,토,1,1,0,0,0,경기,양주시,차대차,정면충돌,정면충돌,운전자법규위반,안전운전 의무 불이행,교차로,교차로내,승용차,중형,이륜차,소형,954153,1969184,126.9797745,37.7211041
2015,2015-07-04,주,토,1,1,0,0,0,경기,하남시,차대차,기타,기타,운전자법규위반,안전운전 의무 불이행,단일로,기타단일로,승용차,중형,자전거,자전거,979600,1947767,127.2691157,37.52898463
2015,2015-07-04,주,토,1,1,0,0,0,충남,당진시,차대차,측면충돌,측면충돌,운전자법규위반,교차로 통행방법 위반,교차로,교차로내,화물차,소형,원동기장치자전거,원동기장치자전거,937427,1868739,126.7984466,36.81476939
2015,2015-07-04,주,토,1,1,0,0,0,경북,포항시,차대사람,길가장자리구역통행중,길가장자리구역통행중,운전자법규위반,안전운전 의무 불이행,단일로,기타단일로,승용차,중형,보행자,보행자,1171691,1775138,129.403855,35.95788849
2015,2015-07-04,야,토,1,1,0,0,0,경기,부천시,차량단독,공작물충돌,공작물충돌,운전자법규위반,안전운전 의무 불이행,교차로,교차로부근,자전거,자전거,없음,없음,936908,1945136,126.7861825,37.50333867
2015,2015-07-05,주,일,1,3,2,0,0,충북,음성군,차량단독,공작물충돌,공작물충돌,운전자법규위반,안전운전 의무 불이행,단일로,기타단일로,승용차,중형,없음,없음,1010196,1897853,127.6147117,37.07923176
2015,2015-07-05,주,일,1,1,0,0,0,경남,양산시,차량단독,전도전복,전도전복,운전자법규위반,안전운전 의무 불이행,단일로,기타단일로,이륜차,소형,없음,없음,1132899,1718307,128.9644418,35.45170039
2015,2015-07-05,주,일,1,1,0,0,0,경북,봉화군,차량단독,도로이탈,도로이탈 기타,운전자법규위반,안전운전 의무 불이행,단일로,기타단일로,농기계,농기계,없음,없음,1123326,1875002,128.8835822,36.86524375
2015,2015-07-05,주,일,1,2,0,1,0,강원,홍천군,차량단독,공작물충돌,공작물충돌,운전자법규위반,안전운전 의무 불이행,단일로,기타단일로,화물차,소형,없음,없음,1049390,1972074,128.0606225,37.74696707
2015,2015-07-05,주,일,1,6,0,5,0,충북,청주시,차대차,측면충돌,측면충돌,운전자법규위반,신호위반,교차로,교차로내,승용차,경형,이륜차,소형,997969,1845808,127.4772891,36.61011679
2015,2015-07-05,주,일,1,1,0,0,0,경북,영덕군,차대차,측면충돌,측면충돌,운전자법규위반,안전운전 의무 불이행,교차로,교차로내,승용차,소형,이륜차,소형,1168431,1825847,129.378607,36.41538666
2015,2015-07-05,주,일,1,5,4,0,0,강원,강릉시,차량단독,공작물충돌,공작물충돌,운전자법규위반,안전운전 의무 불이행,단일로,기타단일로,승용차,소형,없음,없음,1133659.4,1955875.6,129.0139798,37.59258639
2015,2015-07-05,주,일,1,1,0,0,0,전남,여수시,차대차,측면충돌,측면충돌,운전자법규위반,안전운전 의무 불이행,교차로,교차로내,원동기장치자전거,원동기장치자전거,승용차,대형,1015374,1643104,127.6680353,34.78234296
2015,2015-07-05,야,일,2,2,0,0,0,경남,창녕군,차량단독,공작물충돌,공작물충돌,운전자법규위반,안전운전 의무 불이행,단일로,기타단일로,원동기장치자전거,원동기장치자전거,없음,없음,1093873,1722485,128.5349644,35.49381692
2015,2015-07-05,야,일,1,1,0,0,0,충남,부여군,차량단독,기타,기타,운전자법규위반,안전운전 의무 불이행,단일로,기타단일로,이륜차,소형,없음,없음,932500,1800512,126.7491738,36.19940549
2015,2015-07-06,야,월,1,1,0,0,0,부산,해운대구,차대사람,횡단중,횡단중,운전자법규위반,과속,단일로,기타단일로,승용차,중형,보행자,보행자,1149742,1693156,129.1453709,35.22261567
2015,2015-07-06,야,월,1,2,0,1,0,경북,경주시,차량단독,기타,기타,운전자법규위반,안전운전 의무 불이행,단일로,기타단일로,원동기장치자전거,원동기장치자전거,없음,없음,1133427,1758552,128.9769175,35.81437819
2015,2015-07-06,야,월,1,1,0,0,0,부산,강서구,차량단독,공작물충돌,공작물충돌,운전자법규위반,안전운전 의무 불이행,단일로,기타단일로,화물차,소형,없음,없음,1130596,1692454,128.9349456,35.21896409
2015,2015-07-06,야,월,1,2,1,0,0,대구,달성군,차대차,기타,기타,운전자법규위반,안전운전 의무 불이행,단일로,기타단일로,승용차,경형,승용차,소형,1084861,1741166,128.4375791,35.66304433
2015,2015-07-06,주,월,1,1,0,0,0,충남,홍성군,차대사람,기타,기타,운전자법규위반,안전운전 의무 불이행,단일로,기타단일로,화물차,소형,보행자,보행자,927032,1843844,126.6842852,36.58962211
2015,2015-07-06,주,월,1,1,0,0,0,경북,안동시,차대사람,기타,기타,운전자법규위반,안전운전 의무 불이행,단일로,기타단일로,승용차,중형,보행자,보행자,1110168.4,1840900.5,128.7310874,36.55952135
2015,2015-07-06,주,월,1,1,0,0,0,대구,달서구,차대차,기타,기타,운전자법규위반,안전운전 의무 불이행,단일로,기타단일로,화물차,소형,자전거,자전거,1092901,1760533,128.5286403,35.83691093
2015,2015-07-06,주,월,1,2,1,0,0,경기,양주시,차대차,추돌,진행중 추돌,운전자법규위반,안전운전 의무 불이행,단일로,기타단일로,이륜차,소형,건설기계,건설기계,955879,1970436,126.9992828,37.73247314
2015,2015-07-06,주,월,1,2,1,0,0,충북,충주시,차량단독,전도전복,전도전복,운전자법규위반,안전운전 의무 불이행,단일로,기타단일로,승용차,대형,없음,없음,1024264,1904162,127.773189,37.13584344
2015,2015-07-06,야,월,1,1,0,0,0,대구,달성군,차량단독,기타,기타,운전자법규위반,기타(운전자법규위반),교차로,교차로부근,화물차,소형,없음,없음,1084993,1745462,128.4394912,35.70176229
2015,2015-07-06,야,월,1,1,0,0,0,전북,부안군,차대차,기타,기타,운전자법규위반,기타(운전자법규위반),교차로,교차로부근,자전거,자전거,화물차,소형,930957,1748161,126.7365684,35.72734229
2015,2015-07-06,야,월,1,2,1,0,0,경북,안동시,차대차,기타,기타,운전자법규위반,신호위반,교차로,교차로내,이륜차,중형,승용차,중형,1112427,1840538,128.756268,36.55599091
2015,2015-07-07,야,화,1,1,0,0,0,서울,성북구,차대차,측면충돌,측면충돌,운전자법규위반,중앙선 침범,단일로,기타단일로,불명,불명,승용차,중형,956245,1954374,127.0043996,37.58772257
2015,2015-07-07,야,화,1,1,0,0,0,경북,경주시,차대차,측면충돌,측면충돌,운전자법규위반,안전운전 의무 불이행,교차로,교차로내,화물차,대형,승용차,중형,1164295,1751311,129.3169731,35.74444175
2015,2015-07-07,야,화,1,1,0,0,0,충북,옥천군,차대사람,기타,기타,운전자법규위반,안전운전 의무 불이행,단일로,기타단일로,화물차,대형,보행자,보행자,1014485.1,1809216,127.6612899,36.28012335
2015,2015-07-07,주,화,1,1,0,0,0,경기,수원시,차대사람,횡단중,횡단중,운전자법규위반,안전운전 의무 불이행,교차로,교차로부근,승합차,대형,보행자,보행자,955555,1919107,126.9987085,37.26981293
2015,2015-07-07,주,화,1,1,0,0,0,대구,수성구,차대사람,횡단중,횡단중,운전자법규위반,안전운전 의무 불이행,교차로,교차로부근,승용차,중형,보행자,보행자,1101270,1759842,128.6212026,35.82985313
2015,2015-07-07,주,화,1,4,3,0,0,충남,보령시,차량단독,도로이탈,도로이탈 추락,운전자법규위반,안전운전 의무 불이행,단일로,기타단일로,승용차,대형,없음,없음,914837,1817008,126.5509257,36.3467117
2015,2015-07-07,주,화,1,1,0,0,0,부산,동래구,차대차,측면충돌,측면충돌,운전자법규위반,중앙선 침범,단일로,기타단일로,화물차,소형,화물차,소형,1142691,1692109,129.0677392,35.21420644
2015,2015-07-07,주,화,1,1,0,0,0,제주,제주시,차량단독,공작물충돌,공작물충돌,운전자법규위반,과속,단일로,기타단일로,승용차,소형,없음,없음,893025,1497738,126.3487909,33.46609611
2015,2015-07-07,주,화,1,2,1,0,0,대전,중구,차대차,기타,기타,운전자법규위반,안전운전 의무 불이행,단일로,기타단일로,승용차,소형,이륜차,소형,992156,1815761,127.412592,36.33920645
2015,2015-07-07,주,화,1,1,0,0,0,충남,서산시,차량단독,전도전복,전도전복,운전자법규위반,안전운전 의무 불이행,교차로,교차로부근,이륜차,사발이,없음,없음,906032,1877250,126.4454452,36.88888286
2015,2015-07-07,야,화,1,1,0,0,0,경기,김포시,차대사람,횡단중,횡단중,운전자법규위반,과속,교차로,교차로부근,화물차,소형,보행자,보행자,930495,1958960,126.7123215,37.62746973
2015,2015-07-07,야,화,1,1,0,0,0,경북,칠곡군,차대사람,기타,기타,운전자법규위반,안전운전 의무 불이행,단일로,기타단일로,승용차,중형,보행자,보행자,1081788,1787414,128.408378,36.0802299
2015,2015-07-07,야,화,1,1,0,0,0,서울,은평구,차대사람,횡단중,횡단중,운전자법규위반,안전운전 의무 불이행,단일로,기타단일로,승용차,중형,보행자,보행자,947349.9,1953583.2,126.9037088,37.58012904
2015,2015-07-08,야,수,1,1,0,0,0,충남,아산시,차량단독,공작물충돌,공작물충돌,운전자법규위반,안전운전 의무 불이행,단일로,기타단일로,승용차,중형,없음,없음,964967,1865533,127.1073568,36.78728957
2015,2015-07-08,야,수,1,1,0,0,0,경기,화성시,차량단독,공작물충돌,공작물충돌,운전자법규위반,안전운전 의무 불이행,교차로,교차로부근,승용차,중형,없음,없음,952240,1915564,126.9615477,37.23771337
2015,2015-07-08,야,수,1,2,0,0,1,경남,창원시(통합),차대차,정면충돌,정면충돌,운전자법규위반,중앙선 침범,단일로,기타단일로,승용차,경형,승용차,중형,1109631,1691743,128.7045441,35.21506549
2015,2015-07-08,야,수,1,1,0,0,0,울산,남구,차대사람,횡단중,횡단중,운전자법규위반,안전운전 의무 불이행,단일로,횡단보도상,승용차,중형,보행자,보행자,1165036,1729461,129.3206898,35.54740771
2015,2015-07-08,주,수,1,1,0,0,0,부산,사하구,차대차,기타,기타,운전자법규위반,중앙선 침범,단일로,기타단일로,승용차,중형,원동기장치자전거,원동기장치자전거,1137310,1677612,129.0062266,35.08428025
2015,2015-07-08,주,수,1,1,0,0,0,울산,울주군,차대차,기타,기타,운전자법규위반,안전거리 미확보,단일로,기타단일로,화물차,중형,화물차,소형,1166858,1716151,129.3380468,35.42715214
2015,2015-07-08,주,수,1,1,0,0,0,경북,김천시,차대차,측면충돌,측면충돌,운전자법규위반,안전운전 의무 불이행,교차로,교차로내,이륜차,소형,화물차,대형,1055474,1796273,128.1167649,36.16195465
2015,2015-07-08,주,수,1,1,0,0,0,전북,부안군,차대차,정면충돌,정면충돌,운전자법규위반,안전운전 의무 불이행,단일로,기타단일로,승용차,소형,화물차,경형,921915,1754431,126.6359867,35.78319232
2015,2015-07-08,주,수,1,1,0,0,0,제주,제주시,차대사람,기타,기타,운전자법규위반,안전운전 의무 불이행,교차로,교차로내,화물차,소형,보행자,보행자,887872,1485719,126.2948455,33.35718412
2015,2015-07-08,주,수,1,1,0,0,0,전북,전주시,차대사람,횡단중,횡단중,운전자법규위반,안전운전 의무 불이행,단일로,기타단일로,승용차,중형,보행자,보행자,968898,1757559,127.1557188,35.81400618
2015,2015-07-08,주,수,1,1,0,0,0,대전,서구,차대사람,횡단중,횡단중,운전자법규위반,안전운전 의무 불이행,교차로,교차로내,승용차,중형,보행자,보행자,989610,1814878,127.384233,36.33122172
2015,2015-07-08,야,수,1,1,0,0,0,경남,밀양시,차대사람,횡단중,횡단중,운전자법규위반,보행자 보호의무 위반,단일로,횡단보도상,화물차,소형,보행자,보행자,1115254,1720511,128.7703662,35.47377036
2015,2015-07-09,야,목,2,2,0,0,0,경기,화성시,차량단독,공작물충돌,공작물충돌,운전자법규위반,안전운전 의무 불이행,단일로,기타단일로,승용차,중형,없음,없음,934806,1894931,126.7668047,37.0506817
2015,2015-07-09,주,목,1,2,0,1,0,충북,청주시,차대차,측면충돌,측면충돌,운전자법규위반,직진 및 우회전차의 통행방해,교차로,교차로내,화물차,소형,승용차,중형,986936,1849982,127.3538457,36.64765787
2015,2015-07-09,주,목,1,1,0,0,0,전남,영암군,차대사람,횡단중,횡단중,운전자법규위반,안전운전 의무 불이행,단일로,기타단일로,승용차,중형,보행자,보행자,903591,1642101,126.4464572,34.76885558
2015,2015-07-09,주,목,1,1,0,0,0,인천,남구,차대사람,횡단중,횡단중,운전자법규위반,신호위반,교차로,교차로내,승합차,중형,보행자,보행자,926514,1940864,126.6690227,37.46406713
2015,2015-07-09,주,목,1,2,0,1,0,경기,평택시,차대차,추돌,진행중 추돌,운전자법규위반,안전운전 의무 불이행,교차로,교차로부근,화물차,대형,화물차,대형,945751,1882259,126.890801,36.93715407
2015,2015-07-09,주,목,1,1,0,0,0,경남,밀양시,차대사람,기타,기타,운전자법규위반,안전운전 의무 불이행,교차로,교차로부근,승합차,대형,보행자,보행자,1125167,1733126,128.8815515,35.58628287
2015,2015-07-09,주,목,1,1,0,0,0,경북,포항시,차대차,기타,기타,운전자법규위반,안전운전 의무 불이행,단일로,기타단일로,화물차,대형,자전거,자전거,1168416,1779411,129.3684642,35.99696376
2015,2015-07-09,야,목,1,2,1,0,0,대구,달성군,차량단독,공작물충돌,공작물충돌,운전자법규위반,안전운전 의무 불이행,단일로,기타단일로,승용차,중형,없음,없음,1090746,1744903,128.5030119,35.69620978
2015,2015-07-10,야,금,1,1,0,0,0,부산,동래구,차대사람,횡단중,횡단중,운전자법규위반,안전운전 의무 불이행,단일로,기타단일로,화물차,소형,보행자,보행자,1142464,1690420,129.0649538,35.19901447
2015,2015-07-10,야,금,1,2,0,1,0,서울,용산구,차대차,측면충돌,측면충돌,운전자법규위반,기타(운전자법규위반),단일로,기타단일로,이륜차,중형,화물차,중형,952600,1947400,126.9635661,37.52468406
2015,2015-07-10,야,금,1,1,0,0,0,광주,북구,차대사람,횡단중,횡단중,운전자법규위반,과속,단일로,횡단보도상,승용차,중형,보행자,보행자,942993,1690128,126.8737163,35.20487582
2015,2015-07-10,야,금,1,2,1,0,0,광주,북구,차대차,추돌,주정차중 추돌,운전자법규위반,안전운전 의무 불이행,단일로,기타단일로,승용차,중형,원동기장치자전거,원동기장치자전거,948719,1687361,126.9367919,35.18023558
2015,2015-07-10,야,금,1,8,6,1,0,전북,전주시,차대차,측면충돌,측면충돌,운전자법규위반,신호위반,교차로,교차로내,승합차,중형,승용차,중형,964835,1761670,127.1105636,35.85093369
2015,2015-07-10,야,금,1,1,0,0,0,경북,경주시,차대사람,기타,기타,운전자법규위반,안전운전 의무 불이행,단일로,기타단일로,승용차,중형,보행자,보행자,1155084,1762972,129.2174097,35.85102811
2015,2015-07-10,주,금,1,1,0,0,0,인천,서구,차대차,측면충돌,측면충돌,운전자법규위반,안전운전 의무 불이행,단일로,기타단일로,화물차,중형,자전거,자전거,924746,1945344,126.6485742,37.50430173
2015,2015-07-10,주,금,1,2,0,1,0,경기,안산시,차대차,추돌,주정차중 추돌,운전자법규위반,안전운전 의무 불이행,교차로,교차로부근,화물차,소형,승용차,중형,940571,1925836,126.829176,37.32962758
2015,2015-07-10,주,금,1,1,0,0,0,충북,단양군,차량단독,공작물충돌,공작물충돌,운전자법규위반,안전운전 의무 불이행,단일로,기타단일로,원동기장치자전거,원동기장치자전거,없음,없음,1074102,1882449,128.332142,36.93751399
2015,2015-07-10,주,금,1,1,0,0,0,경북,구미시,차대사람,기타,기타,운전자법규위반,안전운전 의무 불이행,단일로,기타단일로,승합차,대형,보행자,보행자,1082517,1796948,128.4174732,36.16611347
2015,2015-07-10,주,금,1,1,0,0,0,서울,종로구,차대사람,보도통행중,보도통행중,운전자법규위반,안전운전 의무 불이행,단일로,횡단보도상,승합차,대형,보행자,보행자,953771,1952704,126.9764837,37.5725496
2015,2015-07-10,주,금,1,1,0,0,0,전남,나주시,차대차,정면충돌,정면충돌,운전자법규위반,신호위반,교차로,교차로내,승용차,중형,화물차,소형,932280,1659269,126.7585509,34.92596712
2015,2015-07-10,주,금,2,5,1,1,1,경북,칠곡군,차대차,추돌,진행중 추돌,운전자법규위반,안전운전 의무 불이행,단일로,기타단일로,화물차,대형,화물차,중형,1084249,1775847,128.4344755,35.97574662
2015,2015-07-10,주,금,1,1,0,0,0,경북,포항시,차대사람,기타,기타,운전자법규위반,안전운전 의무 불이행,단일로,기타단일로,승용차,중형,보행자,보행자,1157799,1789939,129.2528292,36.09361503
2015,2015-07-10,주,금,1,1,0,0,0,경기,평택시,차대차,기타,기타,운전자법규위반,신호위반,교차로,교차로내,이륜차,소형,승용차,경형,962178,1895031,127.0746246,37.05308619
2015,2015-07-10,주,금,1,1,0,0,0,인천,동구,차대사람,횡단중,횡단중,운전자법규위반,안전거리 미확보,단일로,횡단보도상,화물차,중형,보행자,보행자,923493,1942439,126.6347012,37.47801695
2015,2015-07-10,주,금,1,1,0,0,0,경기,연천군,차대차,추돌,진행중 추돌,운전자법규위반,안전운전 의무 불이행,단일로,기타단일로,화물차,소형,농기계,농기계,962871,2013545,127.0764077,38.12131483
2015,2015-07-10,야,금,1,1,0,0,0,전북,완주군,차대사람,기타,기타,운전자법규위반,안전운전 의무 불이행,단일로,기타단일로,승용차,소형,보행자,보행자,981925,1758933,127.299888,35.82672088
2015,2015-07-10,야,금,1,1,0,0,0,경북,안동시,차대사람,기타,기타,운전자법규위반,안전운전 의무 불이행,단일로,기타단일로,승용차,중형,보행자,보행자,1093927,1842011,128.5497617,36.57126668
2015,2015-07-10,야,금,1,1,0,0,0,부산,강서구,차대사람,기타,기타,운전자법규위반,과속,교차로,교차로내,승용차,중형,보행자,보행자,1127848,1681321,128.9030344,35.11896003
2015,2015-07-10,야,금,1,1,0,0,0,서울,서대문구,차량단독,공작물충돌,공작물충돌,운전자법규위반,안전운전 의무 불이행,단일로,기타단일로,승용차,중형,없음,없음,951511,1953693,126.9508262,37.58134733
2015,2015-07-10,야,금,1,1,0,0,0,전남,목포시,차대사람,횡단중,횡단중,운전자법규위반,보행자 보호의무 위반,단일로,횡단보도상,이륜차,대형,보행자,보행자,898031,1643817,126.3855002,34.78378627
2015,2015-07-11,야,토,1,2,1,0,0,충남,예산군,차대차,기타,기타,운전자법규위반,안전운전 의무 불이행,단일로,기타단일로,승용차,소형,승용차,중형,938172,1854323,126.8079668,36.68487039
2015,2015-07-11,야,토,1,1,0,0,0,서울,양천구,차량단독,공작물충돌,공작물충돌,운전자법규위반,안전운전 의무 불이행,단일로,기타단일로,이륜차,중형,없음,없음,942224,1947134,126.8461664,37.52169488
2015,2015-07-11,주,토,1,4,0,0,3,경기,안양시,차대차,측면충돌,측면충돌,운전자법규위반,안전운전 의무 불이행,단일로,기타단일로,승합차,소형,화물차,소형,946266,1930393,126.8931262,37.37104858
2015,2015-07-11,주,토,1,1,0,0,0,전북,김제시,차대차,측면충돌,측면충돌,운전자법규위반,신호위반,교차로,교차로내,이륜차,사발이,승용차,대형,934786,1761622,126.7778067,35.84896171
2015,2015-07-11,주,토,2,2,0,0,0,경북,울진군,차대사람,기타,기타,운전자법규위반,안전운전 의무 불이행,단일로,기타단일로,건설기계,건설기계,보행자,보행자,1174516,1863295,129.4549339,36.75169973