발생년,발생년월일시분,주야,요일,사망자수,사상자수,중상자수,경상자수,부상신고자수,발생지시도,발생지시군구,사고유형_대분류,사고유형_중분류,사고유형,법규위반_대분류,법규위반,도로형태_대분류,도로형태,가해자_당사자종별_대분류,가해자_당사자종별,피해자_당사자종별_대분류,피해자_당사자종별,발생위치X_UTMK,발생위치Y_UTMK,경도,위도
2015,2015-07-23,주,목,1,1,0,0,0,경북,문경시,차대사람,기타,기타,운전자법규위반,안전운전 의무 불이행,단일로,기타단일로,승용차,중형,보행자,보행자,1058433,1861627,128.1545941,36.75092538
2015,2015-07-23,야,목,1,1,0,0,0,전남,무안군,차량단독,공작물충돌,공작물충돌,운전자법규위반,안전운전 의무 불이행,단일로,기타단일로,농기계,농기계,없음,없음,890345,1677217,126.2971212,35.08410775
2015,2015-07-23,야,목,1,3,2,0,0,경기,시흥시,차대차,정면충돌,정면충돌,운전자법규위반,안전운전 의무 불이행,단일로,기타단일로,승용차,중형,승용차,경형,935230,1933993,126.7681783,37.40279056
2015,2015-07-23,야,목,1,1,0,0,0,경기,오산시,차대사람,횡단중,횡단중,운전자법규위반,안전운전 의무 불이행,교차로,교차로부근,승용차,소형,보행자,보행자,961911,1903509,127.0711914,37.1294964
2015,2015-07-24,야,금,1,1,0,0,0,서울,용산구,차대사람,기타,기타,운전자법규위반,안전운전 의무 불이행,단일로,기타단일로,승용차,소형,보행자,보행자,956429,1948179,127.0068518,37.53189428
2015,2015-07-24,야,금,1,1,0,0,0,충남,서산시,차대사람,차도통행중,차도통행중,운전자법규위반,안전운전 의무 불이행,단일로,기타단일로,승용차,대형,보행자,보행자,904060,1884582,126.4223883,36.95476737
2015,2015-07-24,야,금,1,1,0,0,0,서울,중랑구,차대사람,횡단중,횡단중,운전자법규위반,안전운전 의무 불이행,단일로,횡단보도상,승용차,중형,보행자,보행자,962707,1957062,127.0774538,37.61223486
2015,2015-07-24,주,금,1,1,0,0,0,경기,화성시,차대차,측면충돌,측면충돌,운전자법규위반,안전운전 의무 불이행,단일로,기타단일로,화물차,소형,화물차,중형,945254,1916514,126.8827207,37.24589193
2015,2015-07-24,주,금,1,1,0,0,0,부산,해운대구,차대차,측면충돌,측면충돌,운전자법규위반,부당한 회전,교차로,교차로내,자전거,자전거,승용차,중형,1150212,1686023,129.1492334,35.15825273
2015,2015-07-24,주,금,1,3,2,0,0,대구,북구,차대차,측면충돌,측면충돌,운전자법규위반,중앙선 침범,단일로,기타단일로,승용차,중형,승용차,중형,1094852,1774296,128.5518798,35.9607917
2015,2015-07-24,주,금,1,2,1,0,0,강원,태백시,차대차,기타,기타,운전자법규위반,중앙선 침범,단일로,기타단일로,화물차,소형,승용차,소형,1129179,1912558,128.9556744,37.20289624
2015,2015-07-24,주,금,1,2,1,0,0,경남,밀양시,차대차,추돌,주정차중 추돌,운전자법규위반,안전운전 의무 불이행,단일로,기타단일로,승용차,소형,화물차,대형,1109949,1711977,128.7107523,35.39743959
2015,2015-07-24,주,금,1,2,1,0,0,경남,밀양시,차량단독,도로이탈,도로이탈 추락,운전자법규위반,안전운전 의무 불이행,단일로,기타단일로,화물차,중형,없음,없음,1123869,1733308,128.8672561,35.58808678
2015,2015-07-24,야,금,1,1,0,0,0,충북,괴산군,차량단독,도로이탈,도로이탈 추락,운전자법규위반,안전운전 의무 불이행,단일로,기타단일로,농기계,농기계,없음,없음,1027552,1881247,127.8093692,36.92919085
2015,2015-07-24,야,금,1,1,0,0,0,부산,강서구,차대사람,기타,기타,운전자법규위반,안전운전 의무 불이행,단일로,횡단보도부근,화물차,중형,보행자,보행자,1132117,1684084,128.9503119,35.14331541
2015,2015-07-24,야,금,1,1,0,0,0,경북,영천시,차대사람,보도통행중,보도통행중,운전자법규위반,안전운전 의무 불이행,단일로,횡단보도상,승용차,소형,보행자,보행자,1129310,1772636,128.933645,35.94187274
2015,2015-07-24,야,금,1,1,0,0,0,광주,북구,차대차,기타,기타,운전자법규위반,중앙선 침범,단일로,기타단일로,원동기장치자전거,원동기장치자전거,승용차,중형,940157,1686969,126.8427909,35.17622735
2015,2015-07-24,야,금,1,1,0,0,0,충남,논산시,차량단독,공작물충돌,공작물충돌,운전자법규위반,안전운전 의무 불이행,단일로,기타단일로,승용차,중형,없음,없음,973618,1796502,127.206669,36.16524838
2015,2015-07-25,야,토,1,1,0,0,0,경남,창원시(통합),차대차,측면충돌,측면충돌,운전자법규위반,신호위반,교차로,교차로내,화물차,소형,이륜차,중형,1107257,1692889,128.6786147,35.2256536
2015,2015-07-25,야,토,1,1,0,0,0,대구,북구,차대사람,횡단중,횡단중,운전자법규위반,신호위반,단일로,횡단보도상,승용차,중형,보행자,보행자,1099745,1766533,128.6051586,35.89032529
2015,2015-07-25,야,토,1,1,0,0,0,대구,북구,차대차,추돌,주정차중 추돌,운전자법규위반,안전운전 의무 불이행,단일로,기타단일로,이륜차,소형,승용차,중형,1096818,1766247,128.5726983,35.88804115
2015,2015-07-25,야,토,1,1,0,0,0,부산,부산진구,차대사람,횡단중,횡단중,운전자법규위반,과속,단일로,기타단일로,승용차,중형,보행자,보행자,1142243,1686214,129.0618014,35.16113372
2015,2015-07-25,야,토,1,1,0,0,0,충남,홍성군,차량단독,공작물충돌,공작물충돌,운전자법규위반,안전운전 의무 불이행,교차로,교차로내,승용차,중형,없음,없음,922693,1835052,126.6366659,36.51002846
2015,2015-07-25,야,토,1,1,0,0,0,서울,광진구,차대사람,횡단중,횡단중,운전자법규위반,안전운전 의무 불이행,단일로,횡단보도부근,승용차,소형,보행자,보행자,963155,1951778,127.0827957,37.56462669
2015,2015-07-25,주,토,1,4,1,1,1,서울,마포구,차량단독,전도전복,전도전복,운전자법규위반,안전운전 의무 불이행,단일로,기타단일로,승용차,중형,없음,없음,945097,1953492,126.8782016,37.57917541
2015,2015-07-25,주,토,1,1,0,0,0,전북,고창군,차량단독,전도전복,전도전복,운전자법규위반,안전운전 의무 불이행,단일로,기타단일로,농기계,농기계,없음,없음,909240,1717348,126.4999258,35.44779451
2015,2015-07-25,주,토,1,1,0,0,0,전남,순천시,차대차,기타,기타,운전자법규위반,안전운전 의무 불이행,단일로,기타단일로,화물차,소형,이륜차,소형,986800,1652147,127.3555838,34.86392028
2015,2015-07-25,주,토,1,5,3,1,0,전남,구례군,차대차,추돌,진행중 추돌,운전자법규위반,안전운전 의무 불이행,단일로,터널안,승합차,중형,화물차,중형,992949,1694550,127.4224972,35.24634431
2015,2015-07-25,주,토,1,2,1,0,0,강원,태백시,차대차,정면충돌,정면충돌,운전자법규위반,중앙선 침범,단일로,기타단일로,승용차,중형,건설기계,건설기계,1125691,1903319,128.9148276,37.12011611
2015,2015-07-25,주,토,1,1,0,0,0,세종,세종,차대차,기타,기타,운전자법규위반,안전운전 의무 불이행,교차로,교차로내,승합차,대형,자전거,자전거,982433,1831566,127.3038884,36.48156447
2015,2015-07-25,주,토,1,1,0,0,0,경북,칠곡군,차량단독,공작물충돌,공작물충돌,운전자법규위반,안전운전 의무 불이행,단일로,기타단일로,승용차,중형,없음,없음,1086817,1774795,128.4628405,35.96603794
2015,2015-07-25,야,토,1,1,0,0,0,강원,철원군,차대사람,기타,기타,운전자법규위반,안전운전 의무 불이행,단일로,기타단일로,승용차,대형,보행자,보행자,991820,2016428,127.4066429,38.14802495
2015,2015-07-25,야,토,1,2,0,1,0,전북,정읍시,차량단독,공작물충돌,공작물충돌,운전자법규위반,안전운전 의무 불이행,단일로,기타단일로,승용차,중형,없음,없음,949833,1742972,126.9456002,35.68170163
2015,2015-07-25,야,토,1,2,1,0,0,서울,마포구,차대차,측면충돌,측면충돌,운전자법규위반,안전운전 의무 불이행,교차로,교차로내,이륜차,소형,승용차,중형,948931,1951731,126.9217438,37.56352408
2015,2015-07-26,야,일,2,3,1,0,0,전남,고흥군,차대차,추돌,주정차중 추돌,운전자법규위반,안전운전 의무 불이행,단일로,교량위,이륜차,소형,화물차,소형,973686,1628552,127.2128473,34.6508929
2015,2015-07-26,야,일,1,1,0,0,0,인천,부평구,차대사람,기타,기타,운전자법규위반,안전운전 의무 불이행,단일로,기타단일로,승합차,대형,보행자,보행자,931173,1945341,126.7212833,37.50477641
2015,2015-07-26,주,일,1,1,0,0,0,충남,논산시,차대사람,차도통행중,차도통행중,운전자법규위반,중앙선 침범,교차로,교차로부근,승용차,소형,보행자,보행자,955919,1795289,127.009954,36.15366896
2015,2015-07-26,주,일,1,1,0,0,0,경북,김천시,차대차,정면충돌,정면충돌,운전자법규위반,중앙선 침범,단일로,기타단일로,화물차,소형,이륜차,소형,1059517,1794647,128.1615895,36.14705613
2015,2015-07-26,주,일,1,1,0,0,0,전북,임실군,차량단독,전도전복,전도전복,운전자법규위반,안전운전 의무 불이행,단일로,기타단일로,이륜차,소형,없음,없음,978843,1734047,127.2664225,35.60227963
2015,2015-07-26,주,일,1,1,0,0,0,전남,광양시,차량단독,공작물충돌,공작물충돌,운전자법규위반,안전운전 의무 불이행,단일로,기타단일로,이륜차,소형,없음,없음,1005685,1663335,127.5622736,34.96487863
2015,2015-07-26,주,일,1,1,0,0,0,경기,고양시,차대차,측면충돌,측면충돌,운전자법규위반,안전운전 의무 불이행,교차로,교차로내,승용차,중형,자전거,자전거,936013,1964160,126.7743946,37.6747367
2015,2015-07-26,야,일,1,1,0,0,0,강원,춘천시,차대사람,횡단중,횡단중,운전자법규위반,안전운전 의무 불이행,교차로,교차로내,화물차,소형,보행자,보행자,1022498,1991946,127.7559959,37.92713121
2015,2015-07-26,야,일,1,1,0,0,0,강원,인제군,차대사람,차도통행중,차도통행중,운전자법규위반,안전운전 의무 불이행,교차로,교차로부근,승용차,중형,보행자,보행자,1058759,2007409,128.169844,38.0648675
2015,2015-07-26,야,일,1,1,0,0,0,전북,군산시,차대차,추돌,주정차중 추돌,운전자법규위반,안전운전 의무 불이행,단일로,기타단일로,원동기장치자전거,원동기장치자전거,화물차,대형,932036,1776808,126.7460568,35.98568098
2015,2015-07-27,야,월,1,4,2,1,0,경기,수원시,차대차,기타,기타,운전자법규위반,신호위반,교차로,교차로내,승용차,중형,승용차,중형,957130,1921909,127.0163106,37.29514314
2015,2015-07-27,야,월,1,1,0,0,0,충북,청주시,차량단독,전도전복,전도전복,운전자법규위반,안전운전 의무 불이행,교차로,교차로부근,이륜차,소형,없음,없음,994173,1846926,127.4348332,36.62017992
2015,2015-07-27,야,월,1,4,3,0,0,전남,광양시,차대차,정면충돌,정면충돌,운전자법규위반,중앙선 침범,단일로,기타단일로,승용차,중형,승용차,중형,1010988,1662821,127.620356,34.96019997
2015,2015-07-27,주,월,1,2,0,1,0,서울,성북구,차대차,측면충돌,측면충돌,운전자법규위반,안전운전 의무 불이행,단일로,기타단일로,이륜차,중형,승용차,중형,959028.5,1955160.6,127.0358825,37.59494054
2015,2015-07-27,주,월,1,1,0,0,0,경기,고양시,차대차,기타,기타,운전자법규위반,안전운전 의무 불이행,교차로,교차로내,승용차,중형,이륜차,중형,947391,1966922,126.9032133,37.7003535
2015,2015-07-27,주,월,1,1,0,0,0,경북,영천시,차량단독,전도전복,전도전복,운전자법규위반,안전운전 의무 불이행,단일로,기타단일로,화물차,소형,없음,없음,1137756,1774706,129.027615,35.95937448
2015,2015-07-27,야,월,1,1,0,0,0,인천,서구,차대사람,횡단중,횡단중,운전자법규위반,안전운전 의무 불이행,교차로,교차로내,승용차,소형,보행자,보행자,922419,1947798,126.6219901,37.52622592
2015,2015-07-27,야,월,1,1,0,0,0,경기,남양주시,차대사람,횡단중,횡단중,운전자법규위반,신호위반,단일로,횡단보도상,승용차,대형,보행자,보행자,974219,1954329,127.2079843,37.5879962
2015,2015-07-28,야,화,1,1,0,0,0,강원,삼척시,차량단독,공작물충돌,공작물충돌,운전자법규위반,안전운전 의무 불이행,단일로,기타단일로,승용차,중형,없음,없음,1148798,1939071,129.1819901,37.43885754
2015,2015-07-28,야,화,1,1,0,0,0,경북,청도군,차대사람,기타,기타,운전자법규위반,안전운전 의무 불이행,단일로,기타단일로,승용차,소형,보행자,보행자,1112663,1743091,128.7449595,35.6776139
2015,2015-07-28,주,화,1,1,0,0,0,경기,파주시,차대사람,횡단중,횡단중,운전자법규위반,안전운전 의무 불이행,단일로,기타단일로,승용차,소형,보행자,보행자,936797,1979135,126.7819818,37.80975455
2015,2015-07-28,주,화,1,2,1,0,0,경기,평택시,차대차,정면충돌,정면충돌,운전자법규위반,중앙선 침범,단일로,기타단일로,승용차,경형,화물차,중형,959788,1894913,127.0477518,37.05192311
2015,2015-07-28,주,화,1,1,0,0,0,전남,영광군,차대차,측면충돌,측면충돌,운전자법규위반,교차로 통행방법 위반,교차로,교차로내,이륜차,소형,승용차,중형,897796,1698174,126.3762441,35.27382747
2015,2015-07-28,주,화,1,1,0,0,0,대구,달서구,차대사람,기타,기타,운전자법규위반,안전운전 의무 불이행,교차로,교차로내,승용차,중형,보행자,보행자,1094270,1758154,128.5435155,35.81533426
2015,2015-07-28,주,화,1,1,0,0,0,충북,충주시,차대차,추돌,진행중 추돌,운전자법규위반,안전거리 미확보,단일로,기타단일로,원동기장치자전거,원동기장치자전거,승용차,중형,1024077,1890619,127.7706494,37.01376876
2015,2015-07-28,주,화,1,1,0,0,0,경기,부천시,차대사람,기타,기타,운전자법규위반,안전운전 의무 불이행,교차로,교차로내,건설기계,건설기계,보행자,보행자,934972,1946447,126.7641644,37.5150202
2015,2015-07-28,주,화,1,1,0,0,0,인천,계양구,차대사람,기타,기타,운전자법규위반,안전운전 의무 불이행,단일로,기타단일로,자전거,자전거,보행자,보행자,932872,1950061,126.7400729,37.54744213
2015,2015-07-28,주,화,1,1,0,0,0,부산,수영구,차량단독,공작물충돌,공작물충돌,운전자법규위반,안전운전 의무 불이행,단일로,기타단일로,승용차,중형,없음,없음,1146192,1686519,129.1051998,35.16331623
2015,2015-07-28,주,화,1,1,0,0,0,전남,담양군,차대차,기타,기타,운전자법규위반,과속,교차로,교차로부근,화물차,소형,자전거,자전거,947641,1700076,126.9241432,35.29482642
2015,2015-07-28,주,화,3,3,0,0,0,경기,김포시,차대차,기타,기타,운전자법규위반,안전운전 의무 불이행,단일로,기타단일로,승용차,소형,화물차,소형,930181,1960429,126.7086229,37.64068543
2015,2015-07-28,주,화,1,1,0,0,0,경북,경산시,차대차,기타,기타,운전자법규위반,안전운전 의무 불이행,단일로,기타단일로,이륜차,소형,화물차,중형,1119883,1758397,128.8270124,35.81472942
2015,2015-07-28,야,화,1,1,0,0,0,경북,구미시,차대사람,기타,기타,운전자법규위반,안전운전 의무 불이행,단일로,기타단일로,화물차,소형,보행자,보행자,1072546,1806704,128.3075234,36.25485931
2015,2015-07-28,야,화,1,2,1,0,0,경기,평택시,차대차,기타,기타,운전자법규위반,중앙선 침범,단일로,교량위,승용차,중형,승용차,중형,963531,1899784,127.0896103,37.09598372
2015,2015-07-28,야,화,1,1,0,0,0,경기,용인시,차대차,추돌,주정차중 추돌,운전자법규위반,안전운전 의무 불이행,교차로,교차로부근,원동기장치자전거,원동기장치자전거,화물차,대형,976543,1922839,127.2353093,37.30421847
2015,2015-07-29,야,수,1,3,2,0,0,충북,청주시,차대사람,횡단중,횡단중,운전자법규위반,안전운전 의무 불이행,단일로,기타단일로,승용차,경형,보행자,보행자,995567,1848490,127.4504141,36.63428687
2015,2015-07-29,주,수,1,15,5,8,1,부산,서구,차대차,추돌,주정차중 추돌,운전자법규위반,안전운전 의무 불이행,단일로,기타단일로,건설기계,건설기계,승용차,소형,1138412,1677029,129.0182138,35.07887427
2015,2015-07-29,주,수,1,3,0,2,0,경북,성주군,차대차,기타,기타,운전자법규위반,중앙선 침범,기타/불명,기타/불명,이륜차,소형,승용차,경형,1064683,1772485,128.2171962,35.94693109
2015,2015-07-29,주,수,1,1,0,0,0,서울,강북구,차대사람,기타,기타,운전자법규위반,안전운전 의무 불이행,단일로,기타단일로,화물차,소형,보행자,보행자,958858,1957291,127.0338313,37.61413467
2015,2015-07-29,주,수,1,2,0,0,1,제주,제주시,차대차,측면충돌,측면충돌,운전자법규위반,신호위반,교차로,교차로내,승용차,중형,이륜차,중형,907479.8,1501814.8,126.503903,33.50420887
2015,2015-07-29,주,수,1,1,0,0,0,대구,달성군,차량단독,도로이탈,도로이탈 추락,운전자법규위반,안전운전 의무 불이행,교차로,교차로부근,이륜차,소형,없음,없음,1081334,1763366,128.4008695,35.86347852
2015,2015-07-29,야,수,1,1,0,0,0,전남,나주시,차대사람,횡단중,횡단중,운전자법규위반,안전운전 의무 불이행,단일로,기타단일로,승용차,중형,보행자,보행자,921499,1676078,126.638937,35.07674657
2015,2015-07-29,야,수,2,2,0,0,0,경북,칠곡군,차량단독,공작물충돌,공작물충돌,운전자법규위반,안전운전 의무 불이행,단일로,기타단일로,승용차,중형,없음,없음,1089646,1768724,128.4935261,35.91105402
2015,2015-07-29,야,수,1,1,0,0,0,전남,목포시,차대사람,기타,기타,운전자법규위반,안전운전 의무 불이행,교차로,교차로부근,승합차,경형,보행자,보행자,902255,1645635,126.431449,34.8005916
2015,2015-07-29,야,수,1,2,1,0,0,경북,칠곡군,차대차,기타,기타,운전자법규위반,안전운전 의무 불이행,단일로,기타단일로,이륜차,대형,자전거,자전거,1081722,1769902,128.4058376,35.9223681
2015,2015-07-30,야,목,1,1,0,0,0,충남,서산시,차량단독,전도전복,전도전복,운전자법규위반,안전운전 의무 불이행,단일로,기타단일로,승용차,소형,없음,없음,913872,1866585,126.5346267,36.79350331
2015,2015-07-30,야,목,1,1,0,0,0,경북,경주시,차대사람,기타,기타,운전자법규위반,안전운전 의무 불이행,단일로,기타단일로,승합차,중형,보행자,보행자,1155816.1,1762616.6,129.2254443,35.84770909
2015,2015-07-30,야,목,1,1,0,0,0,전남,고흥군,차대차,추돌,진행중 추돌,운전자법규위반,안전운전 의무 불이행,단일로,기타단일로,승용차,대형,자전거,자전거,988015,1631404,127.3691722,34.67687996
2015,2015-07-30,주,목,1,1,0,0,0,인천,동구,차대사람,기타,기타,운전자법규위반,안전운전 의무 불이행,교차로,교차로부근,화물차,대형,보행자,보행자,923370,1942314,126.6333233,37.47688018
2015,2015-07-30,야,목,1,1,0,0,0,경기,파주시,차대사람,기타,기타,운전자법규위반,안전운전 의무 불이행,단일로,기타단일로,승용차,대형,보행자,보행자,943696,1978120,126.8604321,37.80105836
2015,2015-07-30,야,목,1,4,2,1,0,전남,무안군,차대차,정면충돌,정면충돌,운전자법규위반,안전운전 의무 불이행,교차로,교차로내,화물차,소형,승용차,소형,909717,1663548,126.5110797,34.96278895
2015,2015-07-31,야,금,1,3,0,2,0,강원,강릉시,차량단독,공작물충돌,공작물충돌,운전자법규위반,안전운전 의무 불이행,단일로,기타단일로,승용차,중형,없음,없음,1104736.9,1983726.5,128.690454,37.84730908
2015,2015-07-31,야,금,1,2,0,1,0,충남,서산시,차대사람,길가장자리구역통행중,길가장자리구역통행중,운전자법규위반,안전운전 의무 불이행,단일로,기타단일로,승용차,대형,보행자,보행자,905277,1873119,126.4374893,36.85157436
2015,2015-07-31,주,금,1,2,0,1,0,강원,철원군,차대차,측면충돌,측면충돌,운전자법규위반,교차로 통행방법 위반,교차로,교차로내,이륜차,중형,화물차,소형,992900.1,2027713,127.4188571,38.24974113
2015,2015-07-31,주,금,1,3,2,0,0,제주,서귀포시,차대사람,횡단중,횡단중,운전자법규위반,보행자 보호의무 위반,교차로,교차로부근,승용차,중형,보행자,보행자,913485,1473522,126.5712652,33.24954924
2015,2015-07-31,주,금,1,2,1,0,0,경북,상주시,차대차,측면충돌,측면충돌,운전자법규위반,중앙선 침범,기타/불명,기타/불명,승용차,중형,화물차,소형,1045245,1826756,128.0048101,36.43729499
2015,2015-07-31,주,금,1,1,0,0,0,경북,상주시,차대차,추돌,주정차중 추돌,운전자법규위반,안전운전 의무 불이행,단일로,기타단일로,화물차,중형,특수차,대형,1064396.5,1819196.1,128.2178483,36.36805063
2015,2015-07-31,주,금,1,1,0,0,0,부산,부산진구,차대차,측면충돌,측면충돌,운전자법규위반,중앙선 침범,단일로,기타단일로,이륜차,중형,승합차,대형,1141337,1685046,129.051657,35.15073331
2015,2015-07-31,주,금,1,1,0,0,0,경남,합천군,차대사람,길가장자리구역통행중,길가장자리구역통행중,운전자법규위반,안전운전 의무 불이행,단일로,기타단일로,화물차,중형,보행자,보행자,1071439,1729611,128.2882783,35.5599315
2015,2015-07-31,주,금,2,60,54,4,0,경남,거제시,차량단독,공작물충돌,공작물충돌,운전자법규위반,안전운전 의무 불이행,단일로,기타단일로,승합차,대형,없음,없음,1097971,1656401,128.5722799,34.89763704
2015,2015-07-31,야,금,1,1,0,0,0,충남,아산시,차대사람,길가장자리구역통행중,길가장자리구역통행중,운전자법규위반,안전운전 의무 불이행,기타/불명,기타/불명,화물차,중형,보행자,보행자,945054,1873892,126.8835812,36.86169303
2015,2015-07-31,야,금,1,2,1,0,0,제주,제주시,차대사람,횡단중,횡단중,운전자법규위반,보행자 보호의무 위반,단일로,횡단보도상,승용차,소형,보행자,보행자,909744.9,1501534.9,126.5283148,33.50187829
2015,2015-07-31,야,금,1,1,0,0,0,인천,남구,차대사람,횡단중,횡단중,운전자법규위반,안전운전 의무 불이행,단일로,기타단일로,승용차,중형,보행자,보행자,924654,1940471,126.6480322,37.46037536
2015,2015-07-31,야,금,1,1,0,0,0,충북,청주시,차량단독,기타,기타,운전자법규위반,안전운전 의무 불이행,단일로,기타단일로,승용차,중형,없음,없음,1001126,1849585,127.5125966,36.64416793
2015,2015-08-01,야,토,1,1,0,0,0,경기,포천시,차대차,추돌,진행중 추돌,운전자법규위반,안전운전 의무 불이행,단일로,기타단일로,승용차,중형,특수차,대형,981446,1984081,127.2890833,37.856333
2015,2015-08-01,야,토,1,1,0,0,0,충북,단양군,차량단독,공작물충돌,공작물충돌,운전자법규위반,안전운전 의무 불이행,단일로,기타단일로,승용차,소형,없음,없음,1068712,1898019,128.2730392,37.07826432
2015,2015-08-01,야,토,1,1,0,0,0,광주,북구,차대사람,횡단중,횡단중,운전자법규위반,안전운전 의무 불이행,단일로,횡단보도상,화물차,소형,보행자,보행자,948497,1687457,126.9343479,35.18108983
2015,2015-08-01,야,토,1,1,0,0,0,전남,순천시,차량단독,기타,기타,운전자법규위반,안전운전 의무 불이행,단일로,기타단일로,이륜차,소형,없음,없음,985636,1652519,127.3428426,34.86725904
2015,2015-08-01,주,토,1,4,3,0,0,전남,진도군,차대차,측면충돌,측면충돌,운전자법규위반,교차로 통행방법 위반,교차로,교차로내,화물차,소형,화물차,소형,879741,1608937,126.1905874,34.467327
2015,2015-08-01,주,토,1,1,0,0,0,서울,중랑구,차량단독,기타,기타,운전자법규위반,안전운전 의무 불이행,단일로,터널안,이륜차,중형,없음,없음,964163,1953530,127.0941235,37.58045782
2015,2015-08-01,주,토,1,1,0,0,0,경기,포천시,차량단독,공작물충돌,공작물충돌,운전자법규위반,과속,단일로,기타단일로,승합차,소형,없음,없음,978326,2002518,127.2530609,38.02243514
2015,2015-08-01,주,토,1,12,2,9,0,인천,남동구,차대차,측면충돌,측면충돌,운전자법규위반,중앙선 침범,단일로,기타단일로,건설기계,건설기계,승용차,중형,929383,1939631,126.7015805,37.45317796
2015,2015-08-01,야,토,1,7,5,0,1,경기,포천시,차대차,정면충돌,정면충돌,운전자법규위반,중앙선 침범,단일로,기타단일로,승용차,중형,승용차,중형,974058,2007246,127.2042634,38.06493507
2015,2015-08-01,야,토,1,1,0,0,0,전남,영암군,차대차,추돌,진행중 추돌,운전자법규위반,안전운전 의무 불이행,단일로,기타단일로,화물차,소형,이륜차,소형,918632,1649009,126.6101347,34.83245389
2015,2015-08-01,야,토,1,1,0,0,0,전북,완주군,차대차,추돌,진행중 추돌,운전자법규위반,안전운전 의무 불이행,단일로,기타단일로,승용차,중형,농기계,농기계,966168,1769650,127.1249866,35.92292768
2015,2015-08-01,야,토,1,1,0,0,0,제주,제주시,차량단독,공작물충돌,공작물충돌,운전자법규위반,안전운전 의무 불이행,단일로,기타단일로,이륜차,소형,없음,없음,945227,1499859,126.9103937,33.48917002
2015,2015-08-02,야,일,1,1,0,0,0,경북,경주시,차량단독,공작물충돌,공작물충돌,운전자법규위반,안전운전 의무 불이행,교차로,교차로내,승용차,중형,없음,없음,1179885,1756168,129.4903874,35.78548053
2015,2015-08-02,야,일,1,1,0,0,0,경기,고양시,차량단독,공작물충돌,공작물충돌,운전자법규위반,중앙선 침범,단일로,기타단일로,승용차,중형,없음,없음,944099,1963988,126.8660966,37.67371495
2015,2015-08-02,야,일,1,1,0,0,0,전남,목포시,차대사람,기타,기타,운전자법규위반,안전운전 의무 불이행,단일로,기타단일로,승용차,소형,보행자,보행자,902158,1646516,126.4302861,34.80852552
2015,2015-08-02,야,일,2,3,1,0,0,대구,남구,차대차,측면충돌,측면충돌,운전자법규위반,중앙선 침범,단일로,기타단일로,자전거,자전거,이륜차,소형,1096596.7,1761879.9,128.5697175,35.84869551
2015,2015-08-02,야,일,1,2,1,0,0,경북,영천시,차대차,추돌,진행중 추돌,운전자법규위반,안전운전 의무 불이행,단일로,기타단일로,승용차,중형,이륜차,사발이,1129517,1772458,128.9359103,35.94024096
2015,2015-08-02,주,일,1,1,0,0,0,울산,울주군,차량단독,기타,기타,운전자법규위반,안전운전 의무 불이행,단일로,기타단일로,이륜차,소형,없음,없음,1165450,1716928,129.3227016,35.43438969
2015,2015-08-02,주,일,1,1,0,0,0,강원,홍천군,차량단독,전도전복,전도전복,운전자법규위반,안전운전 의무 불이행,단일로,기타단일로,농기계,농기계,없음,없음,1050021,1962044,128.0670955,37.65653325
2015,2015-08-02,주,일,1,1,0,0,0,강원,춘천시,차량단독,공작물충돌,공작물충돌,운전자법규위반,안전운전 의무 불이행,단일로,기타단일로,승용차,중형,없음,없음,1024721.9,1980506,127.7809087,37.82396493
2015,2015-08-02,야,일,1,1,0,0,0,세종,세종,차대차,측면충돌,측면충돌,운전자법규위반,신호위반,교차로,교차로내,승용차,중형,원동기장치자전거,원동기장치자전거,981658,1836907,127.2951098,36.52969971
2015,2015-08-02,야,일,1,8,6,1,0,충남,서천군,차대차,기타,기타,운전자법규위반,중앙선 침범,단일로,기타단일로,승용차,중형,승합차,소형,922650,1790534,126.6406013,36.10871947
2015,2015-08-03,야,월,1,1,0,0,0,강원,원주시,차대사람,기타,기타,운전자법규위반,안전운전 의무 불이행,단일로,기타단일로,화물차,소형,보행자,보행자,1040573,1934551,127.9584662,37.40919619
2015,2015-08-03,야,월,1,1,0,0,0,경남,창원시(통합),차대사람,횡단중,횡단중,운전자법규위반,안전운전 의무 불이행,단일로,기타단일로,승용차,소형,보행자,보행자,1098154,1693624,128.5786888,35.23321254
2015,2015-08-03,주,월,1,1,0,0,0,경북,포항시,차대차,기타,기타,운전자법규위반,안전운전 의무 불이행,교차로,교차로내,자전거,자전거,승용차,중형,1168539,1783466,129.3706917,36.03348253
2015,2015-08-03,주,월,1,1,0,0,0,인천,중구,차대사람,차도통행중,차도통행중,운전자법규위반,안전운전 의무 불이행,교차로,교차로내,승용차,소형,보행자,보행자,900401,1939132,126.3740172,37.44601323
2015,2015-08-03,주,월,1,1,0,0,0,인천,옹진군,차대사람,횡단중,횡단중,운전자법규위반,안전운전 의무 불이행,교차로,교차로내,승용차,중형,보행자,보행자,750342,1995365,124.6596472,37.92392947