발생년,발생년월일시분,주야,요일,사망자수,사상자수,중상자수,경상자수,부상신고자수,발생지시도,발생지시군구,사고유형_대분류,사고유형_중분류,사고유형,법규위반_대분류,법규위반,도로형태_대분류,도로형태,가해자_당사자종별_대분류,가해자_당사자종별,피해자_당사자종별_대분류,피해자_당사자종별,발생위치X_UTMK,발생위치Y_UTMK,경도,위도
2015,2015-08-03,주,월,1,4,0,3,0,경기,양평군,차대차,측면충돌,측면충돌,운전자법규위반,교차로 통행방법 위반,교차로,교차로내,승용차,소형,승용차,소형,1000029,1942628,127.500328,37.48288913
2015,2015-08-03,주,월,1,2,0,1,0,충남,논산시,차대차,기타,기타,운전자법규위반,교차로 통행방법 위반,교차로,교차로내,화물차,소형,화물차,중형,958159,1804279,127.0343756,36.23481629
2015,2015-08-03,주,월,1,1,0,0,0,전남,나주시,차대차,추돌,진행중 추돌,운전자법규위반,중앙선 침범,단일로,기타단일로,이륜차,소형,화물차,소형,918322,1673320,126.6043645,35.05162737
2015,2015-08-03,주,월,1,2,1,0,0,전남,고흥군,차대차,추돌,주정차중 추돌,운전자법규위반,안전운전 의무 불이행,단일로,기타단일로,승합차,소형,화물차,소형,977235,1639471,127.2512811,34.74944333
2015,2015-08-03,주,월,1,1,0,0,0,경기,파주시,차대차,기타,기타,운전자법규위반,안전운전 의무 불이행,단일로,기타단일로,원동기장치자전거,원동기장치자전거,화물차,소형,938833,1970730,126.8058188,37.73414247
2015,2015-08-03,주,월,1,1,0,0,0,강원,강릉시,차량단독,공작물충돌,공작물충돌,운전자법규위반,안전운전 의무 불이행,단일로,기타단일로,승용차,중형,없음,없음,1122786,1973181,128.8937639,37.75003624
2015,2015-08-03,주,월,1,1,0,0,0,충북,제천시,차대차,측면충돌,측면충돌,운전자법규위반,과속,단일로,기타단일로,승용차,중형,원동기장치자전거,원동기장치자전거,1061052.3,1903744.1,128.1873364,37.13039854
2015,2015-08-03,야,월,1,1,0,0,0,충남,당진시,차대차,정면충돌,정면충돌,운전자법규위반,중앙선 침범,단일로,기타단일로,이륜차,소형,승용차,중형,918963,1887832,126.589411,36.9854617
2015,2015-08-03,야,월,1,1,0,0,0,경기,남양주시,차대사람,횡단중,횡단중,운전자법규위반,안전운전 의무 불이행,단일로,기타단일로,승용차,중형,보행자,보행자,966968,1966576,127.1253012,37.69814977
2015,2015-08-04,야,화,1,1,0,0,0,부산,금정구,차량단독,기타,기타,운전자법규위반,안전운전 의무 불이행,단일로,기타단일로,이륜차,중형,없음,없음,1144483,1694934,129.0879173,35.23941343
2015,2015-08-04,야,화,1,5,3,1,0,충남,태안군,차대차,정면충돌,정면충돌,운전자법규위반,중앙선 침범,교차로,교차로부근,승용차,소형,화물차,중형,892907,1861258,126.3004291,36.74335301
2015,2015-08-04,야,화,1,1,0,0,0,경남,창원시(통합),차대차,측면충돌,측면충돌,운전자법규위반,신호위반,교차로,교차로부근,자전거,자전거,승용차,중형,1108189,1692555,128.6888103,35.22254239
2015,2015-08-04,야,화,1,3,2,0,0,경기,파주시,차대차,정면충돌,정면충돌,운전자법규위반,중앙선 침범,단일로,기타단일로,승용차,소형,승용차,중형,931214,1978189,126.7186511,37.80082521
2015,2015-08-04,야,화,1,1,0,0,0,강원,속초시,차량단독,공작물충돌,공작물충돌,운전자법규위반,안전운전 의무 불이행,단일로,기타단일로,이륜차,소형,없음,없음,1094424,2021491,128.5782311,38.1887421
2015,2015-08-04,주,화,1,1,0,0,0,충남,부여군,차량단독,공작물충돌,공작물충돌,운전자법규위반,안전운전 의무 불이행,교차로,교차로내,승용차,중형,없음,없음,932928,1801059,126.7538875,36.2043664
2015,2015-08-04,주,화,1,1,0,0,0,전북,전주시,차대사람,횡단중,횡단중,운전자법규위반,안전운전 의무 불이행,단일로,기타단일로,화물차,소형,보행자,보행자,969450,1761317,127.1616853,35.84790581
2015,2015-08-04,주,화,1,4,3,0,0,광주,북구,차대차,측면충돌,측면충돌,운전자법규위반,안전운전 의무 불이행,단일로,기타단일로,승용차,경형,승용차,중형,942582,1691830,126.8690825,35.2201986
2015,2015-08-04,야,화,1,1,0,0,0,부산,금정구,차대사람,보도통행중,보도통행중,운전자법규위반,보행자 보호의무 위반,교차로,교차로부근,승합차,소형,보행자,보행자,1144689,1696481,129.0904529,35.25332773
2015,2015-08-04,야,화,1,1,0,0,0,서울,용산구,차대사람,기타,기타,운전자법규위반,안전운전 의무 불이행,단일로,횡단보도상,승용차,중형,보행자,보행자,953323.5,1950141.9,126.9715794,37.54943433
2015,2015-08-04,야,화,1,1,0,0,0,경북,포항시,차대사람,기타,기타,운전자법규위반,중앙선 침범,단일로,기타단일로,승용차,중형,보행자,보행자,1166878,1780875,129.3517177,36.01042071
2015,2015-08-04,야,화,1,2,0,1,0,전북,고창군,차대차,추돌,진행중 추돌,운전자법규위반,안전운전 의무 불이행,단일로,기타단일로,원동기장치자전거,원동기장치자전거,농기계,농기계,925115,1725299,126.6740996,35.52080124
2015,2015-08-04,야,화,1,1,0,0,0,경기,남양주시,차대사람,횡단중,횡단중,운전자법규위반,안전운전 의무 불이행,교차로,교차로부근,화물차,소형,보행자,보행자,972758,1958700,127.1912733,37.62735154
2015,2015-08-04,야,화,1,1,0,0,0,강원,태백시,차대사람,보도통행중,보도통행중,운전자법규위반,보행자 보호의무 위반,단일로,기타단일로,화물차,소형,보행자,보행자,1129688,1912045,128.9613193,37.19820289
2015,2015-08-05,야,수,1,1,0,0,0,경기,수원시,차대사람,횡단중,횡단중,운전자법규위반,안전운전 의무 불이행,교차로,교차로부근,승용차,중형,보행자,보행자,953316,1919703,126.9734186,37.27507543
2015,2015-08-05,야,수,1,1,0,0,0,인천,남구,차대사람,횡단중,횡단중,운전자법규위반,안전운전 의무 불이행,단일로,기타단일로,승용차,중형,보행자,보행자,927379,1940235.6,126.6788652,37.45847187
2015,2015-08-05,야,수,1,1,0,0,0,경기,양평군,차대차,추돌,진행중 추돌,운전자법규위반,안전운전 의무 불이행,단일로,기타단일로,승용차,중형,원동기장치자전거,원동기장치자전거,1009611,1935357,127.6086142,37.41730032
2015,2015-08-05,야,수,1,1,0,0,0,경기,화성시,차량단독,공작물충돌,공작물충돌,운전자법규위반,안전운전 의무 불이행,단일로,기타단일로,승용차,소형,없음,없음,962966,1913204,127.0825879,37.21692878
2015,2015-08-05,주,수,1,1,0,0,0,경남,양산시,차대사람,기타,기타,운전자법규위반,안전운전 의무 불이행,기타/불명,기타/불명,승용차,중형,보행자,보행자,1139946,1706509,129.0400458,35.34439137
2015,2015-08-05,주,수,1,4,0,3,0,전남,무안군,차대차,측면충돌,측면충돌,운전자법규위반,신호위반,교차로,교차로내,승용차,중형,승용차,중형,894981.8,1663593.1,126.3496979,34.96177421
2015,2015-08-05,주,수,1,1,0,0,0,전남,광양시,차대차,추돌,주정차중 추돌,운전자법규위반,안전운전 의무 불이행,단일로,기타단일로,승용차,중형,농기계,농기계,1010184,1663139,127.6115533,34.96307594
2015,2015-08-05,주,수,1,1,0,0,0,경남,김해시,차대차,기타,기타,운전자법규위반,중앙선 침범,단일로,기타단일로,승용차,중형,승용차,경형,1118602,1687302,128.8024497,35.17401002
2015,2015-08-05,주,수,1,3,2,0,0,충남,논산시,차대차,추돌,주정차중 추돌,운전자법규위반,안전운전 의무 불이행,교차로,교차로부근,화물차,대형,승용차,중형,962656,1799944,127.0846255,36.1959189
2015,2015-08-05,주,수,1,1,0,0,0,충남,예산군,차량단독,기타,기타,운전자법규위반,안전운전 의무 불이행,단일로,기타단일로,원동기장치자전거,원동기장치자전거,없음,없음,939211,1858240,126.8192841,36.7202462
2015,2015-08-05,주,수,1,1,0,0,0,광주,서구,차대차,측면충돌,측면충돌,운전자법규위반,신호위반,교차로,교차로내,이륜차,소형,승용차,중형,941330,1685027,126.8558104,35.15878628
2015,2015-08-05,주,수,3,9,5,1,0,전북,고창군,차대차,정면충돌,정면충돌,운전자법규위반,중앙선 침범,단일로,기타단일로,승용차,중형,승합차,대형,909593,1717732,126.5037723,35.45128858
2015,2015-08-05,주,수,1,1,0,0,0,경북,경주시,차량단독,공작물충돌,공작물충돌,운전자법규위반,안전운전 의무 불이행,단일로,기타단일로,이륜차,소형,없음,없음,1135612,1756368,129.0007257,35.79439395
2015,2015-08-05,야,수,1,1,0,0,0,서울,강동구,차대차,측면충돌,측면충돌,운전자법규위반,신호위반,교차로,교차로내,화물차,소형,이륜차,중형,971166,1949775,127.1735833,37.54685848
2015,2015-08-05,야,수,1,1,0,0,0,경기,고양시,차대차,추돌,진행중 추돌,운전자법규위반,신호위반,교차로,교차로내,승용차,중형,이륜차,소형,945460,1959169,126.8818893,37.63036369
2015,2015-08-05,야,수,1,1,0,0,0,전북,정읍시,차량단독,공작물충돌,공작물충돌,운전자법규위반,안전운전 의무 불이행,단일로,기타단일로,원동기장치자전거,원동기장치자전거,없음,없음,929343,1735425,126.7198414,35.61240505
2015,2015-08-05,야,수,1,1,0,0,0,충북,증평군,차량단독,도로이탈,도로이탈 추락,운전자법규위반,안전운전 의무 불이행,단일로,기타단일로,화물차,소형,없음,없음,1010080,1869408,127.6130272,36.82281594
2015,2015-08-06,야,목,1,1,0,0,0,경남,밀양시,차대사람,횡단중,횡단중,운전자법규위반,보행자 보호의무 위반,교차로,교차로내,화물차,대형,보행자,보행자,1114482,1719932,128.7617773,35.4686402
2015,2015-08-06,야,목,1,1,0,0,0,충남,아산시,차대사람,횡단중,횡단중,운전자법규위반,보행자 보호의무 위반,단일로,횡단보도상,승용차,중형,보행자,보행자,956036.8,1865953.9,127.0072476,36.79071126
2015,2015-08-06,주,목,1,1,0,0,0,충북,음성군,차대차,측면충돌,측면충돌,운전자법규위반,신호위반,교차로,교차로내,이륜차,소형,승용차,중형,1017628,1881173,127.6979361,36.92876173
2015,2015-08-06,주,목,1,1,0,0,0,경기,안성시,차량단독,도로이탈,도로이탈 추락,운전자법규위반,안전운전 의무 불이행,단일로,기타단일로,특수차,중형,없음,없음,983835,1882663,127.3184593,36.94221955
2015,2015-08-06,주,목,1,1,0,0,0,경북,경주시,차량단독,전도전복,전도전복,운전자법규위반,안전운전 의무 불이행,단일로,기타단일로,이륜차,소형,없음,없음,1146352,1763229,129.1207939,35.8546874
2015,2015-08-06,주,목,1,1,0,0,0,경기,안성시,차대차,추돌,진행중 추돌,운전자법규위반,안전운전 의무 불이행,단일로,기타단일로,이륜차,소형,승용차,경형,977632,1897500,127.2483566,37.07583824
2015,2015-08-06,주,목,1,2,0,1,0,충북,청주시,차대사람,횡단중,횡단중,운전자법규위반,안전운전 의무 불이행,단일로,기타단일로,승합차,대형,보행자,보행자,993484,1847505,127.4271228,36.62539514
2015,2015-08-06,주,목,1,4,1,2,0,경기,안성시,차대차,측면충돌,측면충돌,운전자법규위반,직진 및 우회전차의 통행방해,교차로,교차로내,승합차,대형,화물차,소형,992708,1897165,127.4179668,37.07305702
2015,2015-08-06,주,목,1,1,0,0,0,강원,춘천시,차량단독,전도전복,전도전복,운전자법규위반,안전운전 의무 불이행,단일로,기타단일로,원동기장치자전거,원동기장치자전거,없음,없음,1043978,1990929,128.0003399,37.91717985
2015,2015-08-06,주,목,1,3,1,1,0,서울,금천구,차대사람,기타,기타,운전자법규위반,기타(운전자법규위반),기타/불명,기타/불명,승용차,중형,보행자,보행자,945642,1940218,126.8853558,37.45956766
2015,2015-08-06,주,목,1,3,1,1,0,경기,광명시,차대사람,기타,기타,운전자법규위반,기타(운전자법규위반),단일로,기타단일로,승용차,중형,보행자,보행자,945642,1940204,126.8853568,37.45944147
2015,2015-08-06,주,목,1,2,1,0,0,경남,합천군,차대차,정면충돌,정면충돌,운전자법규위반,중앙선 침범,단일로,기타단일로,화물차,소형,화물차,중형,1055967,1710619,128.1162578,35.38969099
2015,2015-08-06,주,목,1,1,0,0,0,경기,시흥시,차대사람,길가장자리구역통행중,길가장자리구역통행중,운전자법규위반,안전운전 의무 불이행,교차로,교차로부근,화물차,경형,보행자,보행자,939421,1934916,126.8154526,37.41139331
2015,2015-08-06,주,목,1,1,0,0,0,경기,안산시,차대차,기타,기타,운전자법규위반,안전거리 미확보,단일로,기타단일로,자전거,자전거,화물차,소형,936246,1922809,126.7806197,37.30205766
2015,2015-08-06,야,목,1,1,0,0,0,서울,성동구,차량단독,공작물충돌,공작물충돌,운전자법규위반,안전운전 의무 불이행,단일로,지하차도(도로)내,이륜차,중형,없음,없음,959932,1952508,127.046262,37.57107178
2015,2015-08-06,야,목,2,6,1,3,0,전북,완주군,차대차,추돌,진행중 추돌,운전자법규위반,과속,단일로,기타단일로,승용차,소형,승합차,중형,962665.8,1771624.4,127.0860743,35.94060096
2015,2015-08-06,야,목,1,2,1,0,0,부산,사상구,차대차,측면충돌,측면충돌,운전자법규위반,신호위반,교차로,교차로내,승용차,중형,원동기장치자전거,원동기장치자전거,1135109,1689733,128.984072,35.19383888
2015,2015-08-06,야,목,1,1,0,0,0,경기,가평군,차량단독,기타,기타,운전자법규위반,신호위반,교차로,교차로부근,이륜차,대형,없음,없음,998247,1977430,127.4800884,37.79657364
2015,2015-08-07,야,금,1,4,3,0,0,경기,양주시,차량단독,공작물충돌,공작물충돌,운전자법규위반,과속,단일로,기타단일로,승용차,중형,없음,없음,962766,1976895,127.077108,37.79099431
2015,2015-08-07,야,금,1,1,0,0,0,충북,충주시,차량단독,공작물충돌,공작물충돌,운전자법규위반,안전운전 의무 불이행,단일로,기타단일로,승용차,소형,없음,없음,1028468.6,1886254.3,127.8198499,36.97430121
2015,2015-08-07,주,금,1,2,0,1,0,경기,고양시,차대차,측면충돌,측면충돌,운전자법규위반,신호위반,교차로,교차로내,승용차,중형,화물차,소형,942030,1966319,126.8424506,37.69459534
2015,2015-08-07,주,금,1,4,3,0,0,강원,춘천시,차대차,추돌,주정차중 추돌,운전자법규위반,안전운전 의무 불이행,단일로,기타단일로,화물차,대형,승용차,중형,1024953,1974493.7,127.7833276,37.76976917
2015,2015-08-07,주,금,1,1,0,0,0,경북,경주시,차대사람,기타,기타,운전자법규위반,보행자 보호의무 위반,교차로,교차로부근,화물차,소형,보행자,보행자,1154422,1762856,129.2100592,35.85008725
2015,2015-08-07,주,금,1,2,0,1,0,경북,포항시,차대차,추돌,진행중 추돌,운전자법규위반,안전운전 의무 불이행,교차로,교차로부근,특수차,대형,건설기계,건설기계,1166051,1781044,129.3425808,36.01208491
2015,2015-08-07,주,금,1,2,0,1,0,광주,광산구,차대차,측면충돌,측면충돌,운전자법규위반,중앙선 침범,단일로,기타단일로,승용차,대형,화물차,대형,926897,1685608,126.6972988,35.16307855
2015,2015-08-07,주,금,1,1,0,0,0,전남,여수시,차대사람,횡단중,횡단중,운전자법규위반,안전운전 의무 불이행,교차로,교차로부근,화물차,대형,보행자,보행자,1012638,1642061,127.6381157,34.77297506
2015,2015-08-07,주,금,2,6,4,0,0,경기,남양주시,차대차,측면충돌,측면충돌,운전자법규위반,안전운전 의무 불이행,단일로,기타단일로,승용차,중형,승용차,중형,979917,1956985,127.2724508,37.61207792
2015,2015-08-07,주,금,1,1,0,0,0,대전,대덕구,차대사람,기타,기타,운전자법규위반,안전운전 의무 불이행,단일로,횡단보도상,화물차,대형,보행자,보행자,993614.6,1828283.6,127.4287426,36.45211273
2015,2015-08-07,주,금,1,1,0,0,0,충북,충주시,차량단독,도로이탈,도로이탈 기타,운전자법규위반,안전운전 의무 불이행,단일로,기타단일로,화물차,소형,없음,없음,1018050,1893851,127.7029779,37.04303824
2015,2015-08-07,야,금,1,2,1,0,0,경남,양산시,차량단독,공작물충돌,공작물충돌,운전자법규위반,안전운전 의무 불이행,교차로,교차로내,원동기장치자전거,원동기장치자전거,없음,없음,1150972,1712683,129.1624794,35.39843161
2015,2015-08-07,야,금,1,1,0,0,0,경북,포항시,차대사람,횡단중,횡단중,운전자법규위반,안전운전 의무 불이행,단일로,횡단보도상,승용차,소형,보행자,보행자,1167274,1780875,129.3561097,36.0103528
2015,2015-08-07,야,금,1,2,0,1,0,광주,남구,차대사람,차도통행중,차도통행중,운전자법규위반,안전운전 의무 불이행,단일로,횡단보도부근,승용차,중형,보행자,보행자,945527,1682930,126.902029,35.14011446
2015,2015-08-08,야,토,1,1,0,0,0,전남,목포시,차대사람,횡단중,횡단중,운전자법규위반,안전운전 의무 불이행,기타/불명,기타/불명,승용차,중형,보행자,보행자,899124,1644874,126.3973177,34.79342505
2015,2015-08-08,주,토,2,5,2,1,0,전남,고흥군,차대차,정면충돌,정면충돌,운전자법규위반,중앙선 침범,단일로,기타단일로,화물차,소형,승용차,소형,992862,1615132,127.4222187,34.53018401
2015,2015-08-08,주,토,1,1,0,0,0,대전,동구,차대차,측면충돌,측면충돌,운전자법규위반,안전운전 의무 불이행,교차로,교차로내,원동기장치자전거,원동기장치자전거,승용차,중형,994367,1817428,127.4372178,36.35425063
2015,2015-08-08,주,토,1,1,0,0,0,경북,영천시,차대차,기타,기타,운전자법규위반,안전운전 의무 불이행,단일로,기타단일로,화물차,대형,특수차,소형,1129788,1769873,128.9384917,35.91690586
2015,2015-08-08,주,토,1,1,0,0,0,충남,천안시,차량단독,공작물충돌,공작물충돌,운전자법규위반,안전운전 의무 불이행,단일로,기타단일로,화물차,소형,없음,없음,978383,1879657,127.2573171,36.91501272
2015,2015-08-08,주,토,1,1,0,0,0,전북,임실군,차량단독,전도전복,전도전복,운전자법규위반,안전운전 의무 불이행,단일로,교량위,자전거,자전거,없음,없음,968356,1722088,127.1511129,35.49417182
2015,2015-08-08,주,토,1,2,1,0,0,경북,포항시,차량단독,공작물충돌,공작물충돌,운전자법규위반,안전운전 의무 불이행,단일로,기타단일로,원동기장치자전거,원동기장치자전거,없음,없음,1163935,1806516,129.3244171,36.24197611
2015,2015-08-08,야,토,1,1,0,0,0,경기,안양시,차대사람,기타,기타,운전자법규위반,안전운전 의무 불이행,교차로,교차로부근,승용차,중형,보행자,보행자,949877,1935657,126.9335501,37.41869727
2015,2015-08-08,야,토,1,1,0,0,0,경북,경주시,차대사람,기타,기타,운전자법규위반,보행자 보호의무 위반,교차로,교차로내,승용차,중형,보행자,보행자,1163854,1754357,129.3127209,35.7719652
2015,2015-08-08,야,토,1,1,0,0,0,충북,청주시,차대사람,횡단중,횡단중,운전자법규위반,안전운전 의무 불이행,단일로,횡단보도상,화물차,소형,보행자,보행자,1010402,1844595,127.6163001,36.59912697
2015,2015-08-09,야,일,1,1,0,0,0,충남,홍성군,차량단독,공작물충돌,공작물충돌,운전자법규위반,안전운전 의무 불이행,단일로,기타단일로,승용차,소형,없음,없음,922347,1843436,126.6319577,36.58557448
2015,2015-08-09,야,일,1,1,0,0,0,경기,남양주시,차량단독,공작물충돌,공작물충돌,운전자법규위반,안전운전 의무 불이행,단일로,기타단일로,이륜차,소형,없음,없음,966502,1962970,127.120181,37.6656313
2015,2015-08-09,야,일,1,1,0,0,0,전북,군산시,차대사람,보도통행중,보도통행중,운전자법규위반,안전운전 의무 불이행,교차로,교차로부근,승용차,대형,보행자,보행자,929693,1776205,126.7201209,35.98007871
2015,2015-08-09,야,일,1,1,0,0,0,경남,사천시,차대차,추돌,진행중 추돌,운전자법규위반,안전운전 의무 불이행,단일로,기타단일로,화물차,소형,농기계,농기계,1038720,1679103,127.9248701,35.10633628
2015,2015-08-09,야,일,2,2,0,0,0,제주,서귀포시,차대차,추돌,진행중 추돌,운전자법규위반,안전운전 의무 불이행,단일로,기타단일로,승합차,소형,농기계,농기계,918473,1475021,126.6246708,33.26345697
2015,2015-08-09,주,일,1,1,0,0,0,강원,춘천시,차량단독,공작물충돌,공작물충돌,운전자법규위반,안전운전 의무 불이행,단일로,기타단일로,이륜차,중형,없음,없음,1032399,1983015,127.8682526,37.84633812
2015,2015-08-09,주,일,1,1,0,0,0,경북,영주시,차대차,측면충돌,측면충돌,운전자법규위반,안전운전 의무 불이행,단일로,기타단일로,이륜차,대형,승용차,중형,1099817,1869784,128.6192025,36.82099174
2015,2015-08-09,야,일,1,1,0,0,0,경북,영천시,차대차,추돌,진행중 추돌,운전자법규위반,안전운전 의무 불이행,단일로,기타단일로,승용차,소형,자전거,자전거,1127465,1790809,128.9161239,36.1059113
2015,2015-08-09,야,일,1,1,0,0,0,경기,동두천시,차대차,추돌,진행중 추돌,운전자법규위반,안전운전 의무 불이행,단일로,기타단일로,승용차,중형,자전거,자전거,961327,1993930,127.0598524,37.9444682
2015,2015-08-09,야,일,1,1,0,0,0,강원,원주시,차대사람,차도통행중,차도통행중,운전자법규위반,안전운전 의무 불이행,단일로,기타단일로,승용차,중형,보행자,보행자,1042196,1937477,127.9769725,37.43549707
2015,2015-08-09,야,일,1,1,0,0,0,경기,고양시,차대사람,횡단중,횡단중,운전자법규위반,안전운전 의무 불이행,단일로,기타단일로,승용차,중형,보행자,보행자,935934,1965152,126.7734116,37.68367175
2015,2015-08-09,야,일,1,1,0,0,0,경남,창원시(통합),차대차,측면충돌,측면충돌,운전자법규위반,안전운전 의무 불이행,교차로,교차로내,승합차,대형,원동기장치자전거,원동기장치자전거,1093055,1696609,128.5229982,35.26061059
2015,2015-08-09,야,일,1,1,0,0,0,인천,남구,차대차,측면충돌,측면충돌,운전자법규위반,안전운전 의무 불이행,단일로,기타단일로,승용차,중형,이륜차,중형,927973,1939399,126.6856627,37.45097821
2015,2015-08-09,야,일,1,2,1,0,0,충남,청양군,차대차,추돌,진행중 추돌,운전자법규위반,안전운전 의무 불이행,단일로,기타단일로,화물차,소형,농기계,농기계,952085,1823236,126.9656186,36.40543282
2015,2015-08-09,야,일,1,1,0,0,0,대전,중구,차대차,기타,기타,운전자법규위반,안전운전 의무 불이행,단일로,기타단일로,승용차,중형,자전거,자전거,990153,1812574,127.3903123,36.31045584
2015,2015-08-10,야,월,1,1,0,0,0,경기,부천시,차대차,기타,기타,운전자법규위반,중앙선 침범,단일로,횡단보도부근,자전거,자전거,승용차,중형,933801,1943539,126.7511766,37.48872743
2015,2015-08-10,주,월,1,1,0,0,0,경남,함양군,차량단독,전도전복,전도전복,운전자법규위반,안전운전 의무 불이행,단일로,기타단일로,이륜차,사발이,없음,없음,1024627,1730343,127.7717738,35.5688023
2015,2015-08-10,주,월,1,1,0,0,0,인천,동구,차대차,측면충돌,측면충돌,운전자법규위반,안전운전 의무 불이행,단일로,기타단일로,자전거,자전거,화물차,대형,924036,1942921,126.6407922,37.48240588
2015,2015-08-10,주,월,1,1,0,0,0,부산,사하구,차대차,측면충돌,측면충돌,운전자법규위반,부당한 회전,교차로,교차로내,승용차,중형,원동기장치자전거,원동기장치자전거,1132975,1678863,128.9588884,35.09613851
2015,2015-08-10,주,월,1,1,0,0,0,서울,성동구,차량단독,공작물충돌,공작물충돌,운전자법규위반,안전운전 의무 불이행,단일로,기타단일로,이륜차,소형,없음,없음,960135,1952375,127.048568,37.56988183
2015,2015-08-10,주,월,1,1,0,0,0,경기,평택시,차대차,측면충돌,측면충돌,운전자법규위반,안전운전 의무 불이행,교차로,교차로내,화물차,중형,원동기장치자전거,원동기장치자전거,961861,1888599,127.0713853,36.99509441
2015,2015-08-10,주,월,1,2,1,0,0,경기,안산시,차대차,정면충돌,정면충돌,운전자법규위반,중앙선 침범,단일로,기타단일로,승용차,소형,승용차,중형,917765,1921151,126.5722915,37.28566328
2015,2015-08-10,주,월,1,1,0,0,0,제주,제주시,차대사람,횡단중,횡단중,운전자법규위반,안전운전 의무 불이행,단일로,기타단일로,화물차,소형,보행자,보행자,907307,1501852,126.502039,33.50452938
2015,2015-08-10,야,월,1,1,0,0,0,경기,수원시,차대차,측면충돌,측면충돌,운전자법규위반,신호위반,교차로,교차로내,승용차,중형,이륜차,대형,954953,1923624,126.991645,37.31049856
2015,2015-08-10,야,월,1,1,0,0,0,경기,의왕시,차량단독,공작물충돌,공작물충돌,운전자법규위반,안전운전 의무 불이행,단일로,기타단일로,화물차,중형,없음,없음,957377,1932904,127.0184649,37.39425886
2015,2015-08-10,야,월,1,1,0,0,0,경기,광명시,차대사람,횡단중,횡단중,운전자법규위반,신호위반,교차로,교차로부근,승합차,대형,보행자,보행자,944023,1941524,126.866951,37.47124222
2015,2015-08-10,야,월,1,1,0,0,0,전북,정읍시,차대사람,기타,기타,운전자법규위반,안전운전 의무 불이행,교차로,교차로부근,승용차,중형,보행자,보행자,945378,1743418,126.8963397,35.68548596
2015,2015-08-11,야,화,1,1,0,0,0,경기,안산시,차대차,기타,기타,운전자법규위반,안전운전 의무 불이행,단일로,기타단일로,승용차,중형,이륜차,소형,942751,1923371,126.8539722,37.30754657
2015,2015-08-11,야,화,1,1,0,0,0,경남,함안군,차대차,추돌,주정차중 추돌,운전자법규위반,안전운전 의무 불이행,단일로,기타단일로,화물차,대형,화물차,대형,1082263,1699432,128.4046536,35.28700734
2015,2015-08-11,주,화,1,3,0,2,0,전남,영광군,차대차,측면충돌,측면충돌,운전자법규위반,중앙선 침범,단일로,기타단일로,화물차,소형,화물차,소형,899234,1692573,126.3927394,35.22347814
2015,2015-08-11,주,화,1,1,0,0,0,경북,의성군,차대차,측면충돌,측면충돌,운전자법규위반,안전운전 의무 불이행,단일로,기타단일로,이륜차,소형,승용차,소형,1082626,1835410,128.4227661,36.51281082
2015,2015-08-11,주,화,1,1,0,0,0,강원,삼척시,차대사람,횡단중,횡단중,운전자법규위반,안전운전 의무 불이행,교차로,교차로내,건설기계,건설기계,보행자,보행자,1148601,1938149,129.1795784,37.43058209
2015,2015-08-11,주,화,1,1,0,0,0,경기,파주시,차대사람,횡단중,횡단중,운전자법규위반,보행자 보호의무 위반,교차로,교차로내,건설기계,건설기계,보행자,보행자,938126,1971155,126.7977595,37.73792531
2015,2015-08-11,야,화,1,1,0,0,0,경북,성주군,차대사람,기타,기타,운전자법규위반,안전운전 의무 불이행,교차로,교차로내,승용차,소형,보행자,보행자,1071276,1769477,128.2900227,35.91935437
2015,2015-08-11,야,화,1,1,0,0,0,경남,창원시(통합),차대사람,횡단중,횡단중,운전자법규위반,안전운전 의무 불이행,단일로,기타단일로,승합차,대형,보행자,보행자,1110133,1704408,128.711758,35.32918568
2015,2015-08-12,야,수,1,1,0,0,0,경남,창원시(통합),차대사람,길가장자리구역통행중,길가장자리구역통행중,운전자법규위반,보행자 보호의무 위반,교차로,교차로내,화물차,소형,보행자,보행자,1091402,1693706,128.5045056,35.23459033
2015,2015-08-12,야,수,1,1,0,0,0,전북,김제시,차량단독,도로이탈,도로이탈 추락,운전자법규위반,안전운전 의무 불이행,단일로,기타단일로,원동기장치자전거,원동기장치자전거,없음,없음,939806,1764449,126.8331823,35.87476989
2015,2015-08-12,주,수,1,1,0,0,0,전남,광양시,차량단독,전도전복,전도전복,운전자법규위반,안전운전 의무 불이행,단일로,기타단일로,승용차,중형,없음,없음,1019009,1660794,127.7081666,34.94180275
2015,2015-08-12,주,수,1,1,0,0,0,경기,군포시,차대사람,횡단중,횡단중,운전자법규위반,안전운전 의무 불이행,교차로,교차로내,화물차,소형,보행자,보행자,950815,1928106,126.9446524,37.35068727
2015,2015-08-12,주,수,1,1,0,0,0,경남,고성군,차대사람,길가장자리구역통행중,길가장자리구역통행중,운전자법규위반,안전운전 의무 불이행,단일로,기타단일로,승용차,소형,보행자,보행자,1087541,1672583,128.4598404,35.04449086