발생년,발생년월일시분,주야,요일,사망자수,사상자수,중상자수,경상자수,부상신고자수,발생지시도,발생지시군구,사고유형_대분류,사고유형_중분류,사고유형,법규위반_대분류,법규위반,도로형태_대분류,도로형태,가해자_당사자종별_대분류,가해자_당사자종별,피해자_당사자종별_대분류,피해자_당사자종별,발생위치X_UTMK,발생위치Y_UTMK,경도,위도
2015,2015-10-02,야,금,1,1,0,0,0,경기,양평군,차대사람,기타,기타,운전자법규위반,안전운전 의무 불이행,단일로,기타단일로,화물차,중형,보행자,보행자,996488,1945066,127.4602645,37.50485779
2015,2015-10-02,야,금,1,1,0,0,0,대전,중구,차대사람,기타,기타,운전자법규위반,안전운전 의무 불이행,단일로,횡단보도부근,화물차,중형,보행자,보행자,991929,1814126,127.4100794,36.32446434
2015,2015-10-02,주,금,1,1,0,0,0,전남,여수시,차대사람,횡단중,횡단중,운전자법규위반,안전운전 의무 불이행,교차로,교차로부근,승용차,대형,보행자,보행자,1014290,1641394,127.6561584,34.7669384
2015,2015-10-02,주,금,1,1,0,0,0,경북,영천시,차대차,측면충돌,측면충돌,운전자법규위반,중앙선 침범,단일로,기타단일로,화물차,소형,이륜차,소형,1128406,1778888,128.9246375,35.99834252
2015,2015-10-02,주,금,1,1,0,0,0,충남,공주시,차대차,측면충돌,측면충돌,운전자법규위반,안전운전 의무 불이행,교차로,교차로부근,승용차,소형,이륜차,소형,964625,1833521,127.1050001,36.49869647
2015,2015-10-02,주,금,1,1,0,0,0,전남,담양군,차대차,기타,기타,운전자법규위반,안전운전 의무 불이행,교차로,교차로내,승합차,중형,자전거,자전거,951275,1692077,126.9645838,35.22288584
2015,2015-10-02,주,금,1,4,3,0,0,전북,김제시,차대차,추돌,주정차중 추돌,운전자법규위반,안전운전 의무 불이행,단일로,기타단일로,화물차,소형,화물차,소형,947544,1765504,126.9188286,35.88472664
2015,2015-10-02,주,금,1,1,0,0,0,경남,창원시(통합),차대차,측면충돌,측면충돌,운전자법규위반,신호위반,교차로,교차로내,이륜차,소형,승합차,중형,1099158,1695033,128.5898907,35.24581648
2015,2015-10-02,주,금,1,1,0,0,0,인천,계양구,차대차,측면충돌,측면충돌,운전자법규위반,차로위반(진로변경 위반),교차로,교차로내,원동기장치자전거,원동기장치자전거,승용차,대형,932609,1949561,126.7371418,37.54291653
2015,2015-10-02,주,금,1,1,0,0,0,경남,김해시,차대차,측면충돌,측면충돌,운전자법규위반,안전운전 의무 불이행,교차로,교차로내,화물차,소형,원동기장치자전거,원동기장치자전거,1133437,1694692,128.9665156,35.23876375
2015,2015-10-02,주,금,1,1,0,0,0,경북,칠곡군,차대사람,횡단중,횡단중,운전자법규위반,안전운전 의무 불이행,단일로,기타단일로,승용차,중형,보행자,보행자,1081039,1777720,128.3990662,35.99290344
2015,2015-10-02,주,금,1,3,1,1,0,경기,남양주시,차대차,추돌,진행중 추돌,운전자법규위반,신호위반,교차로,교차로내,화물차,소형,화물차,소형,971393,1966149,127.1755122,37.69444994
2015,2015-10-02,주,금,1,2,1,0,0,경북,상주시,차대차,측면충돌,측면충돌,운전자법규위반,중앙선 침범,교차로,교차로내,원동기장치자전거,원동기장치자전거,화물차,소형,1058067,1820039,128.1473586,36.3760523
2015,2015-10-02,주,금,1,1,0,0,0,경북,포항시,차대차,측면충돌,측면충돌,운전자법규위반,안전운전 의무 불이행,단일로,기타단일로,승용차,소형,자전거,자전거,1168807,1781585,129.3732635,36.01648627
2015,2015-10-02,야,금,1,1,0,0,0,제주,제주시,차대사람,기타,기타,운전자법규위반,안전운전 의무 불이행,기타/불명,기타/불명,승용차,중형,보행자,보행자,922449,1505472,126.664732,33.53838277
2015,2015-10-02,야,금,1,1,0,0,0,경북,칠곡군,차대차,기타,기타,운전자법규위반,과속,단일로,기타단일로,승용차,중형,원동기장치자전거,원동기장치자전거,1078734,1775470,128.3732732,35.97280878
2015,2015-10-03,야,토,1,1,0,0,0,전북,익산시,차대사람,차도통행중,차도통행중,운전자법규위반,안전운전 의무 불이행,교차로,교차로부근,승용차,중형,보행자,보행자,951333,1774181,126.9602747,35.96315128
2015,2015-10-03,주,토,1,2,1,0,0,제주,서귀포시,차대차,정면충돌,정면충돌,운전자법규위반,중앙선 침범,단일로,기타단일로,승용차,중형,화물차,소형,924139,1489988,126.6842421,33.39885743
2015,2015-10-03,주,토,1,1,0,0,0,충북,음성군,차량단독,기타,기타,운전자법규위반,안전운전 의무 불이행,단일로,기타단일로,이륜차,소형,없음,없음,1009452,1897202,127.6063331,37.07337125
2015,2015-10-03,주,토,1,1,0,0,0,강원,춘천시,차대차,측면충돌,측면충돌,운전자법규위반,안전운전 의무 불이행,단일로,기타단일로,승용차,중형,자전거,자전거,1022198,1989686,127.7525127,37.90676935
2015,2015-10-03,주,토,1,1,0,0,0,충북,진천군,차대차,기타,기타,운전자법규위반,안전운전 의무 불이행,단일로,기타단일로,원동기장치자전거,원동기장치자전거,건설기계,건설기계,1000142,1871910,127.5015927,36.84542439
2015,2015-10-03,주,토,1,1,0,0,0,제주,제주시,차량단독,공작물충돌,공작물충돌,운전자법규위반,안전운전 의무 불이행,단일로,기타단일로,이륜차,소형,없음,없음,924767,1497524,126.6903637,33.46686767
2015,2015-10-03,주,토,1,2,0,1,0,충남,예산군,차대차,측면충돌,측면충돌,운전자법규위반,직진 및 우회전차의 통행방해,교차로,교차로내,승용차,중형,이륜차,중형,940343,1854459,126.8322544,36.68623507
2015,2015-10-03,주,토,1,1,0,0,0,전남,담양군,차량단독,기타,기타,운전자법규위반,안전운전 의무 불이행,단일로,기타단일로,자전거,자전거,없음,없음,952240,1710670,126.9741035,35.39057799
2015,2015-10-03,주,토,1,1,0,0,0,전북,무주군,차량단독,기타,기타,운전자법규위반,안전운전 의무 불이행,단일로,기타단일로,농기계,농기계,없음,없음,1019527,1768689,127.7164263,35.91465386
2015,2015-10-03,주,토,1,1,0,0,0,충북,청주시,차량단독,기타,기타,운전자법규위반,안전운전 의무 불이행,단일로,기타단일로,화물차,소형,없음,없음,1011882,1846355,127.6328745,36.61497608
2015,2015-10-03,주,토,1,5,0,4,0,경기,이천시,차대차,측면충돌,측면충돌,운전자법규위반,안전운전 의무 불이행,단일로,기타단일로,승용차,중형,승용차,소형,990812,1924004,127.396307,37.3149703
2015,2015-10-03,주,토,1,1,0,0,0,전북,김제시,차대사람,기타,기타,운전자법규위반,안전운전 의무 불이행,교차로,교차로부근,승용차,중형,보행자,보행자,944181,1756922,126.8821715,35.80716828
2015,2015-10-03,주,토,1,1,0,0,0,전남,구례군,차량단독,공작물충돌,공작물충돌,운전자법규위반,안전운전 의무 불이행,단일로,기타단일로,화물차,소형,없음,없음,994521,1706111,127.4396989,35.35059958
2015,2015-10-03,주,토,1,1,0,0,0,경남,양산시,차대차,기타,기타,운전자법규위반,안전거리 미확보,단일로,기타단일로,승용차,소형,원동기장치자전거,원동기장치자전거,1135310,1702868,128.9884423,35.31221093
2015,2015-10-03,야,토,1,1,0,0,0,경기,양평군,차대차,추돌,진행중 추돌,운전자법규위반,안전거리 미확보,단일로,기타단일로,승용차,중형,건설기계,건설기계,1006109,1942754,127.5690994,37.48400465
2015,2015-10-03,야,토,1,1,0,0,0,경남,고성군,차대사람,횡단중,횡단중,운전자법규위반,보행자 보호의무 위반,단일로,기타단일로,승용차,중형,보행자,보행자,1075442,1665200,128.3265246,34.97889912
2015,2015-10-03,야,토,1,1,0,0,0,충남,논산시,차대사람,횡단중,횡단중,운전자법규위반,과속,단일로,기타단일로,화물차,소형,보행자,보행자,962287,1801334,127.0804544,36.20843599
2015,2015-10-03,야,토,1,1,0,0,0,경북,김천시,차대사람,기타,기타,운전자법규위반,안전운전 의무 불이행,단일로,기타단일로,승용차,중형,보행자,보행자,1047256,1794964,128.0253215,36.15058934
2015,2015-10-03,야,토,1,1,0,0,0,경남,진주시,차대사람,기타,기타,운전자법규위반,안전운전 의무 불이행,단일로,기타단일로,승용차,중형,보행자,보행자,1054570,1689423,128.0994653,35.1986546
2015,2015-10-03,야,토,1,1,0,0,0,경남,함양군,차량단독,전도전복,전도전복,운전자법규위반,안전운전 의무 불이행,단일로,기타단일로,이륜차,대형,없음,없음,1012901,1719200,127.6421935,35.46855216
2015,2015-10-04,야,일,1,1,0,0,0,경북,포항시,차대사람,횡단중,횡단중,운전자법규위반,과속,단일로,기타단일로,승용차,중형,보행자,보행자,1169221,1786438,129.3788944,36.06014495
2015,2015-10-04,야,일,1,1,0,0,0,광주,광산구,차대사람,횡단중,횡단중,운전자법규위반,안전운전 의무 불이행,교차로,교차로내,승용차,소형,보행자,보행자,940480.3,1691573.1,126.8460086,35.2177597
2015,2015-10-04,주,일,1,2,1,0,0,광주,광산구,차대차,정면충돌,정면충돌,운전자법규위반,기타(운전자법규위반),단일로,기타단일로,승용차,대형,승용차,중형,941349,1688786,126.8557517,35.19268082
2015,2015-10-04,주,일,1,1,0,0,0,강원,평창군,차량단독,전도전복,전도전복,운전자법규위반,안전운전 의무 불이행,단일로,기타단일로,승용차,대형,없음,없음,1093099,1954321,128.5544353,37.58357546
2015,2015-10-04,주,일,1,1,0,0,0,경북,경주시,차량단독,도로이탈,도로이탈 추락,운전자법규위반,안전운전 의무 불이행,단일로,기타단일로,농기계,농기계,없음,없음,1179638,1757342,129.4879195,35.79610443
2015,2015-10-04,주,일,1,1,0,0,0,대전,동구,차대차,추돌,진행중 추돌,운전자법규위반,안전거리 미확보,단일로,기타단일로,원동기장치자전거,원동기장치자전거,승용차,중형,995993,1813307,127.4553614,36.31710617
2015,2015-10-04,주,일,1,4,1,2,0,경기,가평군,차대차,정면충돌,정면충돌,운전자법규위반,중앙선 침범,단일로,기타단일로,이륜차,중형,이륜차,대형,998764,1954986,127.4859989,37.59427847
2015,2015-10-04,주,일,1,1,0,0,0,충북,청주시,차대사람,길가장자리구역통행중,길가장자리구역통행중,운전자법규위반,중앙선 침범,단일로,기타단일로,승용차,소형,보행자,보행자,1018635,1853193,127.708558,36.67651189
2015,2015-10-04,주,일,1,1,0,0,0,경기,평택시,차량단독,공작물충돌,공작물충돌,운전자법규위반,안전운전 의무 불이행,단일로,기타단일로,농기계,농기계,없음,없음,947305,1886398,126.9079623,36.9745513
2015,2015-10-04,주,일,1,1,0,0,0,인천,서구,차량단독,전도전복,전도전복,운전자법규위반,기타(운전자법규위반),단일로,기타단일로,이륜차,중형,없음,없음,928085,1947508,126.6861363,37.52407152
2015,2015-10-04,야,일,1,1,0,0,0,전남,목포시,차대사람,차도통행중,차도통행중,운전자법규위반,안전운전 의무 불이행,단일로,기타단일로,승용차,경형,보행자,보행자,897825,1644156,126.3832079,34.78682208
2015,2015-10-04,야,일,1,1,0,0,0,경기,포천시,차대사람,차도통행중,차도통행중,운전자법규위반,안전운전 의무 불이행,단일로,기타단일로,승용차,대형,보행자,보행자,975903,1975657,127.2263531,37.78027712
2015,2015-10-04,야,일,1,1,0,0,0,서울,용산구,차대사람,횡단중,횡단중,운전자법규위반,안전운전 의무 불이행,단일로,기타단일로,승용차,중형,보행자,보행자,953123,1950395,126.9692935,37.55170539
2015,2015-10-04,야,일,1,1,0,0,0,경북,구미시,차대사람,차도통행중,차도통행중,운전자법규위반,안전운전 의무 불이행,단일로,기타단일로,승합차,소형,보행자,보행자,1076110,1792445,128.3458077,36.12604474
2015,2015-10-04,야,일,1,1,0,0,0,전남,여수시,차대사람,횡단중,횡단중,운전자법규위반,안전운전 의무 불이행,단일로,횡단보도상,승합차,대형,보행자,보행자,1021011,1638460,127.7295305,34.74036401
2015,2015-10-05,야,월,1,1,0,0,0,울산,북구,차량단독,공작물충돌,공작물충돌,운전자법규위반,안전운전 의무 불이행,단일로,기타단일로,화물차,소형,없음,없음,1167427,1738022,129.3488285,35.62415718
2015,2015-10-05,주,월,1,1,0,0,0,전북,완주군,차대차,추돌,진행중 추돌,운전자법규위반,안전운전 의무 불이행,교차로,교차로부근,승용차,대형,자전거,자전거,968931,1771088,127.1555565,35.93598428
2015,2015-10-05,주,월,1,1,0,0,0,경기,고양시,차대사람,횡단중,횡단중,운전자법규위반,신호위반,기타/불명,기타/불명,승용차,중형,보행자,보행자,938369,1967891,126.8007938,37.70852442
2015,2015-10-05,주,월,1,1,0,0,0,대구,달서구,차대차,기타,기타,운전자법규위반,신호위반,단일로,횡단보도상,승용차,중형,원동기장치자전거,원동기장치자전거,1093656,1760306,128.5369722,35.83479275
2015,2015-10-05,주,월,1,1,0,0,0,충북,충주시,차량단독,전도전복,전도전복,운전자법규위반,안전운전 의무 불이행,단일로,기타단일로,승용차,소형,없음,없음,1036114.7,1885313,127.9057084,36.9655536
2015,2015-10-05,주,월,1,3,2,0,0,경북,예천군,차량단독,도로이탈,도로이탈 기타,운전자법규위반,안전운전 의무 불이행,단일로,기타단일로,승용차,경형,없음,없음,1081608,1841950,128.4120907,36.57184965
2015,2015-10-05,주,월,1,1,0,0,0,인천,남동구,차대사람,횡단중,횡단중,운전자법규위반,안전운전 의무 불이행,교차로,교차로부근,승합차,대형,보행자,보행자,932430,1939003,126.7360856,37.44774555
2015,2015-10-05,야,월,1,1,0,0,0,서울,강남구,차량단독,공작물충돌,공작물충돌,운전자법규위반,안전운전 의무 불이행,단일로,기타단일로,승용차,중형,없음,없음,960291,1943101,127.050836,37.4862988
2015,2015-10-05,야,월,1,1,0,0,0,전북,임실군,차대차,측면충돌,측면충돌,운전자법규위반,중앙선 침범,단일로,기타단일로,승합차,대형,이륜차,중형,970250,1724979,127.1718887,35.5202972
2015,2015-10-05,야,월,1,1,0,0,0,제주,서귀포시,차대사람,횡단중,횡단중,운전자법규위반,보행자 보호의무 위반,단일로,횡단보도상,승용차,중형,보행자,보행자,886616,1473822,126.28284,33.24976649
2015,2015-10-05,야,월,1,1,0,0,0,전북,정읍시,차대사람,길가장자리구역통행중,길가장자리구역통행중,운전자법규위반,안전운전 의무 불이행,기타/불명,기타/불명,승용차,중형,보행자,보행자,956702,1730633,127.02217,35.57077646
2015,2015-10-05,야,월,1,1,0,0,0,전남,화순군,차대차,추돌,진행중 추돌,운전자법규위반,안전운전 의무 불이행,단일로,기타단일로,승용차,중형,화물차,경형,949847,1668989,126.9502931,35.01463445
2015,2015-10-05,야,월,1,1,0,0,0,서울,양천구,차대사람,횡단중,횡단중,운전자법규위반,신호위반,단일로,기타단일로,승용차,대형,보행자,보행자,945025,1946964,126.8778755,37.52033387
2015,2015-10-05,야,월,1,1,0,0,0,울산,울주군,차량단독,기타,기타,운전자법규위반,안전운전 의무 불이행,교차로,교차로부근,원동기장치자전거,원동기장치자전거,없음,없음,1166567,1720766,129.3357873,35.46879188
2015,2015-10-05,야,월,1,2,0,1,0,전북,전주시,차대차,추돌,진행중 추돌,운전자법규위반,안전운전 의무 불이행,단일로,기타단일로,화물차,소형,화물차,소형,965195,1750580,127.115033,35.75095867
2015,2015-10-06,야,화,1,1,0,0,0,부산,해운대구,차대사람,횡단중,횡단중,운전자법규위반,안전운전 의무 불이행,교차로,교차로내,승용차,중형,보행자,보행자,1151661,1686479,129.1652203,35.16214525
2015,2015-10-06,야,화,1,3,2,0,0,서울,중랑구,차대차,측면충돌,측면충돌,운전자법규위반,신호위반,교차로,교차로내,이륜차,중형,승용차,대형,964456,1954646,127.0973877,37.59052804
2015,2015-10-06,야,화,1,1,0,0,0,전남,무안군,차대차,추돌,진행중 추돌,운전자법규위반,안전운전 의무 불이행,단일로,기타단일로,승용차,대형,화물차,대형,903094,1649848,126.4401331,34.83865687
2015,2015-10-06,주,화,1,1,0,0,0,충북,청주시,차대사람,횡단중,횡단중,운전자법규위반,안전운전 의무 불이행,단일로,기타단일로,승용차,중형,보행자,보행자,998397,1850703,127.4820648,36.65424597
2015,2015-10-06,주,화,1,1,0,0,0,경북,영덕군,차대사람,차도통행중,차도통행중,운전자법규위반,안전운전 의무 불이행,단일로,기타단일로,화물차,소형,보행자,보행자,1167667,1822829,129.3694381,36.38832663
2015,2015-10-06,주,화,1,1,0,0,0,전북,무주군,차대차,측면충돌,측면충돌,운전자법규위반,중앙선 침범,단일로,기타단일로,승합차,대형,이륜차,소형,1025535,1776235,127.7832577,35.98254944
2015,2015-10-06,주,화,1,1,0,0,0,경북,울진군,차대차,추돌,진행중 추돌,운전자법규위반,안전운전 의무 불이행,교차로,교차로내,이륜차,소형,화물차,대형,1173626,1858599,129.4439021,36.70955384
2015,2015-10-06,주,화,1,3,0,2,0,경기,남양주시,차대차,기타,기타,운전자법규위반,안전운전 의무 불이행,단일로,기타단일로,원동기장치자전거,원동기장치자전거,승용차,소형,973043,1955494,127.1946212,37.5984631
2015,2015-10-06,주,화,1,1,0,0,0,대구,중구,차대차,측면충돌,측면충돌,운전자법규위반,중앙선 침범,단일로,기타단일로,자전거,자전거,승용차,소형,1099409,1764614,128.6011969,35.87306075
2015,2015-10-06,주,화,1,4,2,1,0,부산,기장군,차대차,측면충돌,측면충돌,운전자법규위반,신호위반,단일로,기타단일로,승용차,소형,화물차,소형,1153162,1703673,129.1848978,35.31689027
2015,2015-10-06,주,화,2,3,1,0,0,경남,의령군,차대차,기타,기타,운전자법규위반,안전운전 의무 불이행,단일로,기타단일로,승용차,소형,승용차,소형,1071426,1703717,128.2858624,35.32647403
2015,2015-10-06,주,화,1,1,0,0,0,충북,옥천군,차량단독,도로이탈,도로이탈 추락,운전자법규위반,안전운전 의무 불이행,단일로,기타단일로,이륜차,사발이,없음,없음,1009437,1804235,127.6050199,36.23527955
2015,2015-10-06,주,화,1,1,0,0,0,대구,달서구,차대사람,횡단중,횡단중,운전자법규위반,안전운전 의무 불이행,단일로,기타단일로,이륜차,소형,보행자,보행자,1096396,1762654,128.5675888,35.85569348
2015,2015-10-06,주,화,1,1,0,0,0,전남,해남군,차대차,기타,기타,운전자법규위반,안전운전 의무 불이행,단일로,기타단일로,화물차,소형,원동기장치자전거,원동기장치자전거,912861,1603357,126.5517238,34.42034314
2015,2015-10-06,주,화,1,1,0,0,0,경남,진주시,차대차,측면충돌,측면충돌,운전자법규위반,안전운전 의무 불이행,교차로,교차로부근,승용차,중형,자전거,자전거,1051514,1687143,128.0657533,35.17825801
2015,2015-10-06,야,화,1,1,0,0,0,경남,진주시,차대차,정면충돌,정면충돌,운전자법규위반,안전운전 의무 불이행,교차로,교차로내,화물차,소형,이륜차,중형,1060178,1693596,128.1613722,35.23595989
2015,2015-10-06,야,화,1,1,0,0,0,충남,태안군,차대사람,차도통행중,차도통행중,운전자법규위반,안전운전 의무 불이행,단일로,기타단일로,승용차,중형,보행자,보행자,893451,1861934,126.306427,36.74950696
2015,2015-10-06,야,화,1,2,1,0,0,대구,북구,차대차,추돌,진행중 추돌,운전자법규위반,안전운전 의무 불이행,교차로,교차로부근,승용차,경형,자전거,자전거,1098260,1767679,128.5888492,35.90080613
2015,2015-10-07,야,수,1,1,0,0,0,경남,창원시(통합),차대사람,차도통행중,차도통행중,운전자법규위반,안전운전 의무 불이행,단일로,기타단일로,승용차,대형,보행자,보행자,1100637,1702338,128.6070403,35.31152606
2015,2015-10-07,야,수,1,1,0,0,0,경남,밀양시,차대차,추돌,진행중 추돌,운전자법규위반,안전운전 의무 불이행,단일로,교량위,화물차,대형,승용차,소형,1115617,1720542,128.7743708,35.47400763
2015,2015-10-07,야,수,1,1,0,0,0,전북,전주시,차대사람,보도통행중,보도통행중,운전자법규위반,보행자 보호의무 위반,교차로,교차로내,화물차,소형,보행자,보행자,964880,1759339,127.1111645,35.82991906
2015,2015-10-07,야,수,1,1,0,0,0,부산,기장군,차대사람,횡단중,횡단중,운전자법규위반,신호위반,단일로,기타단일로,승합차,소형,보행자,보행자,1152664,1704264,129.1795317,35.32229321
2015,2015-10-07,주,수,1,4,2,1,0,충남,부여군,차대차,측면충돌,측면충돌,운전자법규위반,신호위반,교차로,교차로내,승용차,소형,화물차,소형,954665,1805654,126.9954145,36.2470546
2015,2015-10-07,주,수,1,1,0,0,0,대구,달성군,차대차,기타,기타,운전자법규위반,안전운전 의무 불이행,단일로,기타단일로,화물차,중형,농기계,농기계,1086165,1740962,128.4519626,35.6610922
2015,2015-10-07,주,수,1,1,0,0,0,전남,담양군,차대차,기타,기타,운전자법규위반,안전운전 의무 불이행,단일로,기타단일로,승합차,소형,자전거,자전거,952808.2,1701210.3,126.9809058,35.30531119
2015,2015-10-07,야,수,1,1,0,0,0,경기,의정부시,차대차,기타,기타,운전자법규위반,신호위반,교차로,교차로내,이륜차,소형,화물차,소형,960138,1971096,127.0475793,37.73861713
2015,2015-10-07,야,수,1,1,0,0,0,경남,사천시,차대사람,기타,기타,운전자법규위반,안전운전 의무 불이행,단일로,기타단일로,승용차,중형,보행자,보행자,1042559,1680410,127.9670611,35.11796652
2015,2015-10-07,야,수,1,1,0,0,0,강원,강릉시,차대사람,차도통행중,차도통행중,운전자법규위반,안전운전 의무 불이행,단일로,기타단일로,승용차,중형,보행자,보행자,1122106,1972595,128.8859487,37.74484702
2015,2015-10-07,야,수,1,1,0,0,0,충남,보령시,차대사람,길가장자리구역통행중,길가장자리구역통행중,운전자법규위반,안전운전 의무 불이행,단일로,기타단일로,승용차,중형,보행자,보행자,923365,1820748,126.6455849,36.38114249
2015,2015-10-07,야,수,1,1,0,0,0,부산,중구,차대사람,횡단중,횡단중,운전자법규위반,안전운전 의무 불이행,단일로,횡단보도상,승용차,중형,보행자,보행자,1140122,1680553,129.0375609,35.11040353
2015,2015-10-07,야,수,1,1,0,0,0,전북,익산시,차대차,정면충돌,정면충돌,운전자법규위반,신호위반,교차로,교차로내,화물차,소형,이륜차,소형,951187,1774234,126.9586524,35.96362181
2015,2015-10-07,야,수,1,1,0,0,0,경북,의성군,차량단독,공작물충돌,공작물충돌,운전자법규위반,안전운전 의무 불이행,단일로,교량위,화물차,경형,없음,없음,1081324,1821383,128.4067542,36.38648119
2015,2015-10-08,야,목,1,1,0,0,0,경기,용인시,차량단독,공작물충돌,공작물충돌,운전자법규위반,안전운전 의무 불이행,단일로,기타단일로,이륜차,중형,없음,없음,970953,1914521,127.172557,37.22908317
2015,2015-10-08,야,목,1,1,0,0,0,경북,경주시,차량단독,도로이탈,도로이탈 기타,운전자법규위반,안전운전 의무 불이행,교차로,교차로내,화물차,소형,없음,없음,1179434,1750717,129.4841794,35.73644472
2015,2015-10-08,야,목,1,1,0,0,0,인천,중구,차량단독,전도전복,전도전복,운전자법규위반,안전운전 의무 불이행,단일로,기타단일로,이륜차,중형,없음,없음,921044,1941889,126.6070649,37.47285394
2015,2015-10-08,주,목,1,1,0,0,0,부산,부산진구,차대차,기타,기타,운전자법규위반,안전운전 의무 불이행,단일로,횡단보도부근,이륜차,소형,화물차,소형,1141737,1684151,129.0558933,35.14260957
2015,2015-10-08,주,목,1,1,0,0,0,강원,원주시,차대사람,횡단중,횡단중,운전자법규위반,신호위반,교차로,교차로내,화물차,소형,보행자,보행자,1038390,1927305,127.9334235,37.34397674
2015,2015-10-08,주,목,1,1,0,0,0,경북,성주군,차대차,추돌,진행중 추돌,운전자법규위반,안전운전 의무 불이행,기타/불명,기타/불명,화물차,소형,원동기장치자전거,원동기장치자전거,1072658,1769358,128.3053285,35.9181798
2015,2015-10-08,주,목,1,1,0,0,0,서울,송파구,차량단독,공작물충돌,공작물충돌,운전자법규위반,안전운전 의무 불이행,단일로,기타단일로,원동기장치자전거,원동기장치자전거,없음,없음,967667,1946644,127.1341113,37.51852128
2015,2015-10-08,주,목,1,1,0,0,0,경북,경주시,차대차,기타,기타,운전자법규위반,안전운전 의무 불이행,단일로,기타단일로,승용차,중형,농기계,농기계,1174743,1757562,129.4338263,35.79897017
2015,2015-10-08,주,목,1,1,0,0,0,대전,동구,차대차,추돌,진행중 추돌,운전자법규위반,안전운전 의무 불이행,단일로,기타단일로,승용차,중형,화물차,소형,998051,1808023,127.478301,36.26947462
2015,2015-10-08,야,목,1,1,0,0,0,대구,북구,차대사람,횡단중,횡단중,운전자법규위반,안전운전 의무 불이행,단일로,기타단일로,승용차,중형,보행자,보행자,1099573,1768492,128.6034983,35.90800206
2015,2015-10-08,야,목,1,1,0,0,0,전남,순천시,차대사람,횡단중,횡단중,운전자법규위반,안전운전 의무 불이행,단일로,기타단일로,승용차,대형,보행자,보행자,1001043,1660285,127.5114212,34.93739064
2015,2015-10-08,야,목,1,1,0,0,0,경남,합천군,차대차,추돌,진행중 추돌,운전자법규위반,안전운전 의무 불이행,단일로,기타단일로,화물차,소형,농기계,농기계,1045464,1718860,128.0010727,35.46453018
2015,2015-10-08,야,목,1,1,0,0,0,경남,통영시,차대사람,차도통행중,차도통행중,운전자법규위반,안전운전 의무 불이행,교차로,교차로부근,승용차,중형,보행자,보행자,1085179,1650987,128.4317398,34.8499765
2015,2015-10-08,야,목,1,1,0,0,0,강원,동해시,차대차,추돌,주정차중 추돌,운전자법규위반,안전운전 의무 불이행,단일로,기타단일로,이륜차,소형,건설기계,건설기계,1142583,1947721,129.1134379,37.51777383
2015,2015-10-09,야,금,1,1,0,0,0,대구,수성구,차대차,추돌,주정차중 추돌,운전자법규위반,안전운전 의무 불이행,교차로,교차로부근,승용차,대형,이륜차,중형,1101707.4,1763061.6,128.6264548,35.85883073
2015,2015-10-09,야,금,1,1,0,0,0,인천,남동구,차대차,측면충돌,측면충돌,운전자법규위반,신호위반,교차로,교차로내,자전거,자전거,승합차,대형,930167,1942248,126.7101958,37.47682417
2015,2015-10-09,주,금,1,1,0,0,0,서울,노원구,차량단독,공작물충돌,공작물충돌,운전자법규위반,안전운전 의무 불이행,단일로,기타단일로,승용차,중형,없음,없음,964325,1958682,127.095707,37.62690055
2015,2015-10-09,주,금,1,1,0,0,0,경기,고양시,차대사람,길가장자리구역통행중,길가장자리구역통행중,운전자법규위반,안전운전 의무 불이행,기타/불명,기타/불명,승용차,소형,보행자,보행자,930845,1962646,126.7159385,37.66071658
2015,2015-10-09,주,금,4,23,3,13,3,경북,포항시,차대차,측면충돌,측면충돌,운전자법규위반,서행 및 일시정지위반,교차로,교차로내,승합차,경형,승합차,대형,1171844,1790580,129.4089058,36.09700779
2015,2015-10-09,주,금,1,1,0,0,0,경남,사천시,차대차,측면충돌,측면충돌,운전자법규위반,직진 및 우회전차의 통행방해,교차로,교차로내,승용차,소형,이륜차,소형,1054032,1676458,128.0927075,35.08178157
2015,2015-10-09,주,금,1,2,0,0,1,경북,청송군,차대차,정면충돌,정면충돌,운전자법규위반,중앙선 침범,단일로,기타단일로,건설기계,건설기계,화물차,소형,1134744,1841115,129.0056693,36.5583031
2015,2015-10-09,주,금,1,1,0,0,0,광주,북구,차대차,기타,기타,운전자법규위반,부당한 회전,단일로,기타단일로,자전거,자전거,승용차,중형,947248,1685937,126.9207281,35.16731958
2015,2015-10-09,주,금,1,2,0,1,0,경기,안산시,차대차,측면충돌,측면충돌,운전자법규위반,부당한 회전,교차로,교차로부근,자전거,자전거,승용차,소형,936855,1925849,126.7872323,37.32949951
2015,2015-10-09,주,금,1,1,0,0,0,경북,영주시,차대차,측면충돌,측면충돌,운전자법규위반,안전운전 의무 불이행,교차로,교차로내,승용차,중형,원동기장치자전거,원동기장치자전거,1090262,1875746,128.5127913,36.87568881
2015,2015-10-09,주,금,1,1,0,0,0,경남,남해군,차대사람,횡단중,횡단중,운전자법규위반,안전운전 의무 불이행,단일로,기타단일로,승용차,대형,보행자,보행자,1033354,1639086,127.864392,34.74568032