발생년,발생년월일시분,주야,요일,사망자수,사상자수,중상자수,경상자수,부상신고자수,발생지시도,발생지시군구,사고유형_대분류,사고유형_중분류,사고유형,법규위반_대분류,법규위반,도로형태_대분류,도로형태,가해자_당사자종별_대분류,가해자_당사자종별,피해자_당사자종별_대분류,피해자_당사자종별,발생위치X_UTMK,발생위치Y_UTMK,경도,위도
2015,2015-10-18,야,일,1,1,0,0,0,전남,광양시,차대차,기타,기타,운전자법규위반,안전운전 의무 불이행,교차로,교차로부근,승합차,소형,이륜차,소형,1006907,1663330,127.5756594,34.96482594
2015,2015-10-18,야,일,1,1,0,0,0,경남,김해시,차대사람,기타,기타,운전자법규위반,안전운전 의무 불이행,기타/불명,기타/불명,승합차,대형,보행자,보행자,1110539,1698734,128.7154588,35.27798998
2015,2015-10-18,야,일,1,1,0,0,0,경기,양평군,차대사람,길가장자리구역통행중,길가장자리구역통행중,운전자법규위반,안전운전 의무 불이행,교차로,교차로내,화물차,중형,보행자,보행자,991254,1945802,127.4010371,37.51145707
2015,2015-10-18,야,일,2,3,0,0,1,경기,화성시,차량단독,전도전복,전도전복,운전자법규위반,안전운전 의무 불이행,단일로,기타단일로,승용차,중형,없음,없음,941843,1907531,126.844963,37.1647167
2015,2015-10-18,야,일,1,1,0,0,0,인천,부평구,차량단독,기타,기타,운전자법규위반,안전운전 의무 불이행,교차로,교차로부근,이륜차,중형,없음,없음,930194,1943713,126.7103622,37.49003001
2015,2015-10-19,야,월,1,1,0,0,0,경북,상주시,차량단독,전도전복,전도전복,운전자법규위반,안전운전 의무 불이행,단일로,기타단일로,이륜차,중형,없음,없음,1058385,1824257,128.1512207,36.41405732
2015,2015-10-19,야,월,1,5,3,1,0,경기,평택시,차대차,기타,기타,운전자법규위반,신호위반,교차로,교차로내,승용차,중형,승합차,소형,963356,1889525,127.088141,37.00350103
2015,2015-10-19,주,월,1,1,0,0,0,경기,용인시,차대사람,횡단중,횡단중,운전자법규위반,신호위반,교차로,교차로내,승합차,대형,보행자,보행자,974030,1915226,127.2072186,37.23552883
2015,2015-10-19,주,월,1,2,1,0,0,경남,의령군,차대차,추돌,진행중 추돌,운전자법규위반,안전운전 의무 불이행,단일로,기타단일로,원동기장치자전거,원동기장치자전거,화물차,소형,1069301,1719971,128.2638651,35.47317049
2015,2015-10-19,주,월,1,4,3,0,0,강원,인제군,차대차,측면충돌,측면충돌,운전자법규위반,안전운전 의무 불이행,단일로,기타단일로,승용차,소형,화물차,소형,1060122,2008747,128.1854936,38.07683618
2015,2015-10-19,주,월,1,1,0,0,0,경남,함안군,차대차,추돌,진행중 추돌,운전자법규위반,안전운전 의무 불이행,단일로,기타단일로,화물차,대형,화물차,대형,1079504,1699874,128.3743586,35.29121549
2015,2015-10-19,주,월,1,1,0,0,0,대전,중구,차대사람,기타,기타,운전자법규위반,기타(운전자법규위반),교차로,교차로부근,승용차,소형,보행자,보행자,991767,1815374,127.4082614,36.33571423
2015,2015-10-19,주,월,1,1,0,0,0,전남,강진군,차대사람,횡단중,횡단중,운전자법규위반,안전운전 의무 불이행,단일로,기타단일로,건설기계,건설기계,보행자,보행자,928420,1619006,126.7197135,34.56265126
2015,2015-10-19,주,월,1,1,0,0,0,충북,청주시,차대차,측면충돌,측면충돌,운전자법규위반,중앙선 침범,단일로,기타단일로,화물차,소형,원동기장치자전거,원동기장치자전거,987218.2,1844832.8,127.3570885,36.60124181
2015,2015-10-19,야,월,1,2,0,1,0,강원,춘천시,차대차,측면충돌,측면충돌,운전자법규위반,직진 및 우회전차의 통행방해,교차로,교차로내,승용차,중형,이륜차,소형,1019897,1988071,127.7262934,37.89226662
2015,2015-10-19,야,월,1,1,0,0,0,충북,음성군,차대사람,차도통행중,차도통행중,운전자법규위반,안전운전 의무 불이행,교차로,교차로내,승용차,소형,보행자,보행자,999875,1891447,127.4985947,37.02154128
2015,2015-10-19,야,월,1,1,0,0,0,충남,논산시,차대사람,횡단중,횡단중,운전자법규위반,안전운전 의무 불이행,단일로,기타단일로,승용차,중형,보행자,보행자,964834,1792236,127.1091958,36.12650912
2015,2015-10-19,야,월,2,2,0,0,0,전북,군산시,차대차,기타,기타,운전자법규위반,중앙선 침범,교차로,교차로내,승용차,중형,이륜차,중형,924035,1772954,126.6576769,35.95034655
2015,2015-10-19,야,월,2,3,1,0,0,전북,순창군,차대차,기타,기타,운전자법규위반,안전운전 의무 불이행,단일로,기타단일로,화물차,소형,농기계,농기계,977867,1718397,127.2560748,35.46114901
2015,2015-10-19,야,월,1,1,0,0,0,경북,영천시,차대사람,길가장자리구역통행중,길가장자리구역통행중,운전자법규위반,안전운전 의무 불이행,단일로,기타단일로,승용차,소형,보행자,보행자,1135127,1784936,129.0002164,36.05194335
2015,2015-10-19,야,월,1,1,0,0,0,경기,안산시,차대사람,기타,기타,운전자법규위반,안전운전 의무 불이행,단일로,기타단일로,승용차,중형,보행자,보행자,943795,1920988,126.8659329,37.28613131
2015,2015-10-19,야,월,1,1,0,0,0,전북,고창군,차량단독,공작물충돌,공작물충돌,운전자법규위반,안전운전 의무 불이행,교차로,교차로내,화물차,소형,없음,없음,924946,1711815,126.6734804,35.39921924
2015,2015-10-19,야,월,1,1,0,0,0,경기,성남시,차대사람,횡단중,횡단중,운전자법규위반,안전운전 의무 불이행,단일로,기타단일로,승용차,중형,보행자,보행자,968294,1937694,127.1415919,37.43787202
2015,2015-10-20,야,화,1,1,0,0,0,울산,울주군,차대차,추돌,주정차중 추돌,운전자법규위반,안전운전 의무 불이행,단일로,기타단일로,승용차,대형,화물차,대형,1146940,1730491,129.1213161,35.55953995
2015,2015-10-20,야,화,1,1,0,0,0,충북,청주시,차대사람,기타,기타,운전자법규위반,안전운전 의무 불이행,단일로,기타단일로,화물차,소형,보행자,보행자,997328,1846594,127.4701186,36.61720101
2015,2015-10-20,주,화,1,2,1,0,0,경기,양주시,차대차,측면충돌,측면충돌,운전자법규위반,안전운전 의무 불이행,교차로,교차로내,화물차,중형,승용차,중형,957303.2,1985604.1,127.0145512,37.86924898
2015,2015-10-20,주,화,1,1,0,0,0,충남,천안시,차대차,기타,기타,운전자법규위반,안전거리 미확보,교차로,교차로부근,화물차,소형,이륜차,소형,967493,1880079,127.1350444,36.91850414
2015,2015-10-20,주,화,1,1,0,0,0,충남,아산시,차대차,기타,기타,운전자법규위반,안전운전 의무 불이행,교차로,교차로내,승용차,중형,원동기장치자전거,원동기장치자전거,949669,1874219,126.9353311,36.8648979
2015,2015-10-20,주,화,1,1,0,0,0,서울,강북구,차대차,기타,기타,운전자법규위반,안전운전 의무 불이행,단일로,기타단일로,승용차,중형,자전거,자전거,958007,1960571,127.0240007,37.64365934
2015,2015-10-20,주,화,1,1,0,0,0,경북,구미시,차대사람,기타,기타,운전자법규위반,안전운전 의무 불이행,교차로,교차로내,화물차,중형,보행자,보행자,1077367,1791715,128.3597036,36.11936454
2015,2015-10-20,주,화,1,1,0,0,0,대전,동구,차대차,추돌,주정차중 추돌,운전자법규위반,안전운전 의무 불이행,단일로,기타단일로,승용차,중형,화물차,대형,997751,1816510,127.4749366,36.34598834
2015,2015-10-20,주,화,1,1,0,0,0,전북,전주시,차대차,측면충돌,측면충돌,운전자법규위반,안전운전 의무 불이행,단일로,횡단보도상,승용차,소형,자전거,자전거,968222,1758740,127.148189,35.82463247
2015,2015-10-20,주,화,1,2,1,0,0,경기,파주시,차대차,정면충돌,정면충돌,운전자법규위반,중앙선 침범,단일로,기타단일로,승용차,중형,화물차,소형,951895,1997753,126.9522525,37.97847264
2015,2015-10-20,주,화,1,1,0,0,0,경기,안성시,차대차,측면충돌,측면충돌,운전자법규위반,직진 및 우회전차의 통행방해,교차로,교차로내,건설기계,건설기계,이륜차,중형,968299,1896119,127.1434188,37.06312047
2015,2015-10-20,야,화,1,1,0,0,0,경북,구미시,차대사람,기타,기타,운전자법규위반,안전운전 의무 불이행,단일로,기타단일로,화물차,소형,보행자,보행자,1061013,1807696,128.1792337,36.26459984
2015,2015-10-20,야,화,1,1,0,0,0,경남,창원시(통합),차대사람,기타,기타,운전자법규위반,안전운전 의무 불이행,단일로,기타단일로,화물차,소형,보행자,보행자,1099056,1694001,128.5886454,35.23652263
2015,2015-10-20,야,화,1,1,0,0,0,광주,광산구,차대차,측면충돌,측면충돌,운전자법규위반,신호위반,교차로,교차로내,승용차,중형,원동기장치자전거,원동기장치자전거,938932,1691062,126.8290351,35.21305827
2015,2015-10-20,야,화,1,1,0,0,0,충남,천안시,차대차,측면충돌,측면충돌,운전자법규위반,안전운전 의무 불이행,교차로,교차로내,승용차,중형,승용차,중형,967461,1882484,127.1345817,36.94018255
2015,2015-10-20,야,화,1,1,0,0,0,경북,포항시,차대사람,기타,기타,운전자법규위반,안전운전 의무 불이행,단일로,기타단일로,승합차,대형,보행자,보행자,1166689,1778688,129.3491612,35.99074549
2015,2015-10-21,야,수,1,1,0,0,0,경기,의정부시,차량단독,공작물충돌,공작물충돌,운전자법규위반,안전운전 의무 불이행,단일로,기타단일로,이륜차,소형,없음,없음,963658,1971375,127.0875152,37.74127834
2015,2015-10-21,야,수,1,1,0,0,0,전남,무안군,차대사람,기타,기타,운전자법규위반,안전운전 의무 불이행,단일로,기타단일로,승용차,소형,보행자,보행자,905860,1667127,126.4684331,34.99470591
2015,2015-10-21,야,수,1,1,0,0,0,경기,파주시,차량단독,공작물충돌,공작물충돌,운전자법규위반,안전운전 의무 불이행,단일로,기타단일로,이륜차,중형,없음,없음,939466,1974059,126.8127248,37.76418762
2015,2015-10-21,야,수,1,1,0,0,0,경북,영주시,차대사람,길가장자리구역통행중,길가장자리구역통행중,운전자법규위반,안전운전 의무 불이행,단일로,기타단일로,승용차,소형,보행자,보행자,1091533,1874772,128.526933,36.8667876
2015,2015-10-21,야,수,1,2,1,0,0,경남,진주시,차대차,정면충돌,정면충돌,운전자법규위반,중앙선 침범,단일로,기타단일로,승용차,중형,승용차,중형,1051985,1684723,128.0707734,35.15641322
2015,2015-10-21,주,수,1,1,0,0,0,충북,청주시,차대사람,횡단중,횡단중,운전자법규위반,보행자 보호의무 위반,교차로,교차로내,승용차,중형,보행자,보행자,999096,1846387,127.4898907,36.61533822
2015,2015-10-21,주,수,1,1,0,0,0,경남,하동군,차대사람,횡단중,횡단중,운전자법규위반,안전운전 의무 불이행,교차로,교차로부근,승용차,중형,보행자,보행자,1028953,1662420,127.8171181,34.95622961
2015,2015-10-21,주,수,1,1,0,0,0,경북,경주시,차대차,기타,기타,운전자법규위반,안전운전 의무 불이행,단일로,기타단일로,승용차,중형,농기계,농기계,1156841,1751284,129.2345671,35.74541506
2015,2015-10-21,주,수,1,5,2,2,0,경남,사천시,차대사람,기타,기타,운전자법규위반,중앙선 침범,단일로,기타단일로,승용차,소형,보행자,보행자,1056120,1661328,128.1145893,34.94524176
2015,2015-10-21,주,수,1,1,0,0,0,충남,당진시,차대차,추돌,진행중 추돌,운전자법규위반,안전운전 의무 불이행,단일로,교량위,승용차,경형,승용차,중형,939323,1882975,126.8185635,36.94321585
2015,2015-10-21,주,수,1,1,0,0,0,경기,고양시,차대사람,기타,기타,운전자법규위반,안전운전 의무 불이행,단일로,기타단일로,승용차,중형,보행자,보행자,939795,1956640,126.8178992,37.60721641
2015,2015-10-21,주,수,1,1,0,0,0,경남,하동군,차량단독,도로이탈,도로이탈 추락,운전자법규위반,안전운전 의무 불이행,단일로,기타단일로,이륜차,사발이,없음,없음,1031836,1669712,127.8489736,35.02189715
2015,2015-10-21,주,수,1,1,0,0,0,강원,원주시,차대차,추돌,진행중 추돌,운전자법규위반,안전거리 미확보,단일로,기타단일로,이륜차,소형,승용차,중형,1038722,1926746,127.9371424,37.33892432
2015,2015-10-21,주,수,1,1,0,0,0,충남,보령시,차대차,측면충돌,측면충돌,운전자법규위반,부당한 회전,단일로,기타단일로,이륜차,소형,승용차,경형,918307,1826095,126.588636,36.42892473
2015,2015-10-21,주,수,1,1,0,0,0,경기,평택시,차대차,기타,기타,운전자법규위반,안전거리 미확보,단일로,기타단일로,승용차,중형,원동기장치자전거,원동기장치자전거,960327,1897604,127.0536715,37.07620289
2015,2015-10-21,주,수,1,1,0,0,0,경남,김해시,차대차,추돌,주정차중 추돌,운전자법규위반,안전운전 의무 불이행,교차로,교차로부근,화물차,소형,화물차,대형,1118614,1687306,128.802582,35.17404466
2015,2015-10-21,주,수,1,5,2,2,0,충북,보은군,차대차,측면충돌,측면충돌,운전자법규위반,신호위반,교차로,교차로내,승용차,소형,승합차,중형,1018492,1831387,127.7064336,36.47993334
2015,2015-10-21,주,수,1,2,0,1,0,강원,양구군,차대차,정면충돌,정면충돌,운전자법규위반,중앙선 침범,단일로,기타단일로,승용차,중형,승용차,소형,1043223,2013502,127.9931118,38.12065606
2015,2015-10-21,야,수,1,1,0,0,0,경북,상주시,차대사람,횡단중,횡단중,운전자법규위반,과속,단일로,기타단일로,화물차,소형,보행자,보행자,1053485,1840934,128.0977233,36.56468124
2015,2015-10-21,야,수,1,1,0,0,0,전남,해남군,차량단독,공작물충돌,공작물충돌,운전자법규위반,안전운전 의무 불이행,단일로,기타단일로,화물차,소형,없음,없음,905084,1622706,126.4649487,34.59412189
2015,2015-10-22,야,목,1,1,0,0,0,경남,창원시(통합),차대사람,기타,기타,운전자법규위반,안전운전 의무 불이행,단일로,기타단일로,승용차,중형,보행자,보행자,1088514,1680463,128.4713493,35.11545226
2015,2015-10-22,야,목,1,1,0,0,0,서울,강남구,차대차,측면충돌,측면충돌,운전자법규위반,중앙선 침범,단일로,기타단일로,원동기장치자전거,원동기장치자전거,승용차,중형,957694.1,1945817.1,127.0213061,37.51066465
2015,2015-10-22,주,목,1,1,0,0,0,서울,영등포구,차대사람,횡단중,횡단중,운전자법규위반,안전운전 의무 불이행,단일로,기타단일로,승용차,소형,보행자,보행자,947710,1944268,126.9084505,37.4961905
2015,2015-10-22,주,목,1,1,0,0,0,경기,평택시,차량단독,전도전복,전도전복,운전자법규위반,안전운전 의무 불이행,교차로,교차로내,화물차,소형,없음,없음,959426,1902775,127.0432556,37.12277567
2015,2015-10-22,주,목,1,1,0,0,0,전북,익산시,차량단독,공작물충돌,공작물충돌,운전자법규위반,안전운전 의무 불이행,단일로,기타단일로,원동기장치자전거,원동기장치자전거,없음,없음,949907,1779973,126.9440946,36.01529709
2015,2015-10-22,야,목,1,1,0,0,0,제주,제주시,차대사람,횡단중,횡단중,운전자법규위반,안전운전 의무 불이행,교차로,교차로부근,화물차,소형,보행자,보행자,877833,1485527,126.1869957,33.35435872
2015,2015-10-22,야,목,1,1,0,0,0,서울,동대문구,차대차,기타,기타,운전자법규위반,안전운전 의무 불이행,단일로,기타단일로,이륜차,대형,승용차,중형,960280,1953948,127.0501246,37.58406597
2015,2015-10-22,야,목,1,1,0,0,0,강원,영월군,차대사람,길가장자리구역통행중,길가장자리구역통행중,운전자법규위반,안전운전 의무 불이행,단일로,기타단일로,승용차,경형,보행자,보행자,1067430,1918343,128.2604508,37.26154531
2015,2015-10-22,야,목,1,1,0,0,0,충북,청주시,차대사람,횡단중,횡단중,운전자법규위반,신호위반,교차로,교차로내,승용차,소형,보행자,보행자,995265,1846601,127.4470477,36.61725609
2015,2015-10-22,야,목,1,1,0,0,0,인천,남동구,차대차,측면충돌,측면충돌,운전자법규위반,안전운전 의무 불이행,단일로,기타단일로,자전거,자전거,승용차,중형,930342,1933612,126.7129904,37.39900191
2015,2015-10-22,야,목,1,1,0,0,0,경기,안성시,차대사람,기타,기타,운전자법규위반,안전운전 의무 불이행,단일로,기타단일로,승용차,중형,보행자,보행자,998260,1900007,127.4804188,37.09870241
2015,2015-10-22,야,목,1,2,1,0,0,충남,부여군,차대차,추돌,주정차중 추돌,운전자법규위반,안전운전 의무 불이행,교차로,교차로부근,승용차,대형,화물차,대형,946806,1807856,126.9077967,36.26650489
2015,2015-10-23,야,금,1,3,1,1,0,경기,성남시,차대차,측면충돌,측면충돌,운전자법규위반,신호위반,교차로,교차로내,승용차,중형,승용차,대형,971100,1935999,127.1733771,37.42268585
2015,2015-10-23,야,금,1,1,0,0,0,경남,창녕군,차량단독,공작물충돌,공작물충돌,운전자법규위반,안전운전 의무 불이행,단일로,기타단일로,화물차,소형,없음,없음,1079118,1728998,128.3729423,35.55382124
2015,2015-10-23,야,금,1,1,0,0,0,경기,하남시,차대사람,길가장자리구역통행중,길가장자리구역통행중,운전자법규위반,안전운전 의무 불이행,교차로,교차로내,화물차,중형,보행자,보행자,973219,1946659,127.1969377,37.51883441
2015,2015-10-23,야,금,1,1,0,0,0,전남,강진군,차대차,추돌,진행중 추돌,운전자법규위반,과속,단일로,기타단일로,승용차,소형,원동기장치자전거,원동기장치자전거,936688,1627976,126.8091664,34.64407988
2015,2015-10-23,야,금,1,2,0,1,0,경북,경주시,차량단독,전도전복,전도전복,운전자법규위반,안전운전 의무 불이행,단일로,교량위,화물차,소형,없음,없음,1152434,1758610,129.1872423,35.81213237
2015,2015-10-23,야,금,1,1,0,0,0,충북,충주시,차대차,기타,기타,운전자법규위반,안전운전 의무 불이행,교차로,교차로부근,승용차,중형,특수차,소형,1039324,1897311,127.942387,37.07357649
2015,2015-10-23,야,금,1,1,0,0,0,울산,동구,차대사람,횡단중,횡단중,운전자법규위반,안전운전 의무 불이행,교차로,교차로내,이륜차,소형,보행자,보행자,1173876,1724372,129.4170744,35.50003603
2015,2015-10-23,주,금,1,1,0,0,0,경북,상주시,차대차,추돌,주정차중 추돌,운전자법규위반,안전운전 의무 불이행,단일로,기타단일로,승용차,소형,건설기계,건설기계,1062334,1824767,128.1953056,36.41840647
2015,2015-10-23,주,금,1,1,0,0,0,대전,대덕구,차대차,측면충돌,측면충돌,운전자법규위반,안전거리 미확보,단일로,기타단일로,승용차,대형,이륜차,소형,991936,1817847,127.4101189,36.35801077
2015,2015-10-23,주,금,1,1,0,0,0,서울,중구,차대사람,기타,기타,운전자법규위반,안전운전 의무 불이행,기타/불명,기타/불명,승합차,소형,보행자,보행자,953899,1951347,126.9780186,37.56032512
2015,2015-10-23,주,금,1,1,0,0,0,충북,청주시,차대사람,횡단중,횡단중,운전자법규위반,안전운전 의무 불이행,단일로,기타단일로,승용차,중형,보행자,보행자,999885.8,1846608.2,127.4987229,36.61733276
2015,2015-10-23,주,금,1,1,0,0,0,충남,당진시,차대차,측면충돌,측면충돌,운전자법규위반,안전운전 의무 불이행,단일로,기타단일로,건설기계,건설기계,이륜차,중형,932730,1876592,126.7450932,36.88523302
2015,2015-10-23,주,금,1,1,0,0,0,서울,마포구,차대사람,기타,기타,운전자법규위반,보행자 보호의무 위반,단일로,횡단보도상,화물차,중형,보행자,보행자,948144,1950127,126.9129464,37.54902307
2015,2015-10-23,주,금,1,1,0,0,0,경남,고성군,차대사람,횡단중,횡단중,운전자법규위반,과속,교차로,교차로내,승용차,중형,보행자,보행자,1081813,1669306,128.3967203,35.01542507
2015,2015-10-23,야,금,1,1,0,0,0,전남,영암군,차대사람,횡단중,횡단중,운전자법규위반,안전운전 의무 불이행,단일로,기타단일로,화물차,소형,보행자,보행자,924929,1645689,126.679291,34.80300239
2015,2015-10-23,야,금,1,4,1,2,0,경북,의성군,차대차,추돌,주정차중 추돌,운전자법규위반,안전운전 의무 불이행,단일로,교량위,화물차,소형,화물차,소형,1106892,1818257,128.691356,36.35580123
2015,2015-10-23,야,금,1,2,0,1,0,경북,청도군,차대차,추돌,진행중 추돌,운전자법규위반,안전운전 의무 불이행,단일로,기타단일로,승용차,중형,농기계,농기계,1109103,1740331,128.7052543,35.65313435
2015,2015-10-23,야,금,1,1,0,0,0,대전,대덕구,차대차,측면충돌,측면충돌,운전자법규위반,안전운전 의무 불이행,교차로,교차로내,화물차,소형,자전거,자전거,990588,1816559,127.3951097,36.34638669
2015,2015-10-23,야,금,1,1,0,0,0,울산,울주군,차대차,측면충돌,측면충돌,운전자법규위반,안전운전 의무 불이행,교차로,교차로내,자전거,자전거,승합차,소형,1153361,1746233,129.1951308,35.70044211
2015,2015-10-23,야,금,1,1,0,0,0,서울,관악구,차대사람,횡단중,횡단중,운전자법규위반,보행자 보호의무 위반,단일로,횡단보도상,승용차,경형,보행자,보행자,951974.9,1943621.1,126.9567389,37.49059155
2015,2015-10-23,야,금,1,2,1,0,0,강원,강릉시,차대차,추돌,주정차중 추돌,운전자법규위반,안전운전 의무 불이행,단일로,기타단일로,승용차,중형,건설기계,건설기계,1117467,1976918,128.8340073,37.78440809
2015,2015-10-23,야,금,1,1,0,0,0,서울,중구,차대사람,횡단중,횡단중,운전자법규위반,안전운전 의무 불이행,단일로,횡단보도상,승합차,대형,보행자,보행자,953087,1952202,126.9687703,37.56799039
2015,2015-10-23,야,금,1,1,0,0,0,인천,계양구,차대사람,횡단중,횡단중,운전자법규위반,안전운전 의무 불이행,교차로,교차로부근,화물차,소형,보행자,보행자,931784,1948203,126.7279299,37.53061646
2015,2015-10-24,야,토,1,1,0,0,0,경기,과천시,차대사람,횡단중,횡단중,운전자법규위반,과속,단일로,기타단일로,승용차,중형,보행자,보행자,954782,1939958,126.9887167,37.45771651
2015,2015-10-24,야,토,1,1,0,0,0,전남,여수시,차대사람,길가장자리구역통행중,길가장자리구역통행중,운전자법규위반,안전운전 의무 불이행,단일로,기타단일로,승용차,중형,보행자,보행자,1007737,1653264,127.584658,34.87404926
2015,2015-10-24,야,토,1,1,0,0,0,경북,울진군,차대사람,기타,기타,운전자법규위반,안전운전 의무 불이행,단일로,기타단일로,승용차,대형,보행자,보행자,1170224,1896681,129.4143817,37.0532727
2015,2015-10-24,야,토,1,3,0,2,0,광주,남구,차대차,정면충돌,정면충돌,운전자법규위반,중앙선 침범,단일로,교량위,승용차,중형,화물차,소형,945325.1,1682289,126.8998552,35.13432377
2015,2015-10-24,야,토,1,2,1,0,0,서울,강서구,차량단독,공작물충돌,공작물충돌,운전자법규위반,안전운전 의무 불이행,단일로,기타단일로,이륜차,중형,없음,없음,943562,1948285,126.8612188,37.53215177
2015,2015-10-24,주,토,1,1,0,0,0,경기,남양주시,차대사람,차도통행중,차도통행중,운전자법규위반,안전운전 의무 불이행,단일로,기타단일로,승용차,중형,보행자,보행자,982574,1963522,127.3023996,37.6710527
2015,2015-10-24,주,토,1,1,0,0,0,강원,춘천시,차대사람,횡단중,횡단중,운전자법규위반,안전운전 의무 불이행,교차로,교차로부근,승합차,소형,보행자,보행자,1020063,1986719,127.7281438,37.8800774
2015,2015-10-24,주,토,1,1,0,0,0,강원,태백시,차대차,측면충돌,측면충돌,운전자법규위반,신호위반,교차로,교차로내,건설기계,건설기계,원동기장치자전거,원동기장치자전거,1134760,1900896,129.0164448,37.09702018
2015,2015-10-24,주,토,1,1,0,0,0,충북,청주시,차대사람,횡단중,횡단중,운전자법규위반,보행자 보호의무 위반,단일로,횡단보도상,승용차,중형,보행자,보행자,997520,1849290,127.472257,36.64150594
2015,2015-10-24,주,토,1,1,0,0,0,경기,파주시,차대차,측면충돌,측면충돌,운전자법규위반,안전운전 의무 불이행,단일로,기타단일로,원동기장치자전거,원동기장치자전거,승합차,대형,933379,1969729,126.7440181,37.72474019
2015,2015-10-24,주,토,1,1,0,0,0,경북,경주시,차대차,정면충돌,정면충돌,운전자법규위반,중앙선 침범,단일로,기타단일로,건설기계,건설기계,화물차,소형,1156940,1785864,129.2424809,36.05703174
2015,2015-10-24,야,토,1,1,0,0,0,경북,군위군,차대차,추돌,주정차중 추돌,운전자법규위반,안전운전 의무 불이행,단일로,기타단일로,이륜차,소형,화물차,중형,1112094,1797065,128.7462838,36.16419699
2015,2015-10-24,야,토,1,1,0,0,0,경남,창원시(통합),차대차,기타,기타,운전자법규위반,안전운전 의무 불이행,단일로,횡단보도상,승용차,중형,승용차,중형,1105131,1694472,128.6554593,35.24014994
2015,2015-10-24,야,토,1,1,0,0,0,전남,보성군,차량단독,기타,기타,운전자법규위반,안전운전 의무 불이행,단일로,기타단일로,농기계,농기계,없음,없음,975334,1645678,127.2303299,34.80537183
2015,2015-10-24,야,토,1,1,0,0,0,경기,부천시,차대사람,기타,기타,운전자법규위반,안전운전 의무 불이행,단일로,기타단일로,승합차,대형,보행자,보행자,939257,1942435,126.8129801,37.47915207
2015,2015-10-24,야,토,1,1,0,0,0,충남,논산시,차대사람,횡단중,횡단중,운전자법규위반,안전운전 의무 불이행,단일로,기타단일로,승용차,소형,보행자,보행자,959388,1797205,127.0484185,36.1710941
2015,2015-10-24,야,토,1,1,0,0,0,대구,달서구,차대차,측면충돌,측면충돌,운전자법규위반,안전운전 의무 불이행,단일로,횡단보도상,승용차,중형,자전거,자전거,1091398,1760412,128.511987,35.83596142
2015,2015-10-25,야,일,1,2,0,1,0,경북,칠곡군,차대사람,차도통행중,차도통행중,운전자법규위반,안전운전 의무 불이행,단일로,교량위,승용차,소형,보행자,보행자,1095127,1776604,128.5552059,35.9815703
2015,2015-10-25,야,일,1,1,0,0,0,경기,부천시,차량단독,기타,기타,운전자법규위반,안전운전 의무 불이행,단일로,기타단일로,원동기장치자전거,원동기장치자전거,없음,없음,937602,1943272,126.7941919,37.48658564
2015,2015-10-25,야,일,1,1,0,0,0,광주,광산구,차대사람,횡단중,횡단중,운전자법규위반,안전운전 의무 불이행,단일로,기타단일로,화물차,소형,보행자,보행자,937167,1685339,126.8100803,35.16134779
2015,2015-10-25,야,일,1,1,0,0,0,경기,성남시,차대사람,횡단중,횡단중,운전자법규위반,안전운전 의무 불이행,단일로,기타단일로,승용차,소형,보행자,보행자,971066,1939810,127.1728434,37.45703566
2015,2015-10-25,야,일,1,1,0,0,0,경북,경산시,철길건널목,차단기돌파,차단기돌파,운전자법규위반,철길건널목 통과방법위반,철길건널목,철길건널목,화물차,소형,열차,열차,1120555,1770049,128.8362114,35.91967458
2015,2015-10-25,야,일,1,1,0,0,0,서울,중랑구,차대차,측면충돌,측면충돌,운전자법규위반,신호위반,교차로,교차로부근,승용차,중형,이륜차,소형,963663,1952990,127.0884876,37.57557103
2015,2015-10-25,야,일,1,1,0,0,0,경남,진주시,차대사람,길가장자리구역통행중,길가장자리구역통행중,운전자법규위반,안전운전 의무 불이행,교차로,교차로부근,승합차,중형,보행자,보행자,1053012,1699057,128.0829724,35.28560416
2015,2015-10-25,주,일,1,4,2,1,0,강원,원주시,차대사람,보도통행중,보도통행중,운전자법규위반,안전거리 미확보,단일로,기타단일로,화물차,중형,보행자,보행자,1048703,1937966,128.0505553,37.43958492
2015,2015-10-25,주,일,1,1,0,0,0,부산,동래구,차대차,추돌,진행중 추돌,운전자법규위반,안전운전 의무 불이행,단일로,기타단일로,자전거,자전거,승용차,중형,1142809,1691247,129.0688857,35.2064198
2015,2015-10-25,주,일,1,1,0,0,0,충남,보령시,차량단독,전도전복,전도전복,운전자법규위반,안전운전 의무 불이행,단일로,기타단일로,농기계,농기계,없음,없음,925046,1798904,126.6664215,36.18436106
2015,2015-10-25,주,일,1,1,0,0,0,경남,함양군,차량단독,전도전복,전도전복,운전자법규위반,안전운전 의무 불이행,단일로,기타단일로,이륜차,대형,없음,없음,1017100,1743402,127.6889862,35.68670682
2015,2015-10-25,야,일,1,1,0,0,0,경기,화성시,차대사람,기타,기타,운전자법규위반,안전운전 의무 불이행,교차로,교차로내,승용차,중형,보행자,보행자,947864,1904526,126.912985,37.1379859