발생년,발생년월일시분,주야,요일,사망자수,사상자수,중상자수,경상자수,부상신고자수,발생지시도,발생지시군구,사고유형_대분류,사고유형_중분류,사고유형,법규위반_대분류,법규위반,도로형태_대분류,도로형태,가해자_당사자종별_대분류,가해자_당사자종별,피해자_당사자종별_대분류,피해자_당사자종별,발생위치X_UTMK,발생위치Y_UTMK,경도,위도
2015,2015-10-25,야,일,1,1,0,0,0,충남,예산군,차대사람,차도통행중,차도통행중,운전자법규위반,안전운전 의무 불이행,단일로,기타단일로,승용차,소형,보행자,보행자,941918,1845708,126.8505452,36.60744774
2015,2015-10-25,야,일,1,1,0,0,0,서울,강북구,차대사람,횡단중,횡단중,운전자법규위반,안전운전 의무 불이행,단일로,기타단일로,승용차,대형,보행자,보행자,959360,1959289,127.0394081,37.63216535
2015,2015-10-25,야,일,1,1,0,0,0,경기,양평군,차대사람,기타,기타,운전자법규위반,안전운전 의무 불이행,단일로,기타단일로,승용차,중형,보행자,보행자,1013861,1946364,127.6568506,37.51646005
2015,2015-10-26,주,월,1,1,0,0,0,경북,포항시,차량단독,공작물충돌,공작물충돌,운전자법규위반,안전운전 의무 불이행,단일로,기타단일로,이륜차,소형,없음,없음,1167541,1783882,129.3597079,36.03740344
2015,2015-10-26,주,월,1,5,4,0,0,충북,충주시,차대차,추돌,진행중 추돌,운전자법규위반,안전운전 의무 불이행,단일로,기타단일로,화물차,대형,화물차,대형,1032319,1881518,127.8629065,36.93148227
2015,2015-10-26,주,월,1,1,0,0,0,대전,유성구,차대차,측면충돌,측면충돌,운전자법규위반,신호위반,교차로,교차로내,승용차,중형,원동기장치자전거,원동기장치자전거,984162,1818834,127.3234503,36.36681233
2015,2015-10-26,주,월,1,21,3,15,2,경북,상주시,차대차,기타,기타,운전자법규위반,안전운전 의무 불이행,단일로,터널안,화물차,소형,화물차,대형,1064797.4,1812748.7,128.2217804,36.30990223
2015,2015-10-26,주,월,1,1,0,0,0,경남,고성군,차대차,추돌,주정차중 추돌,운전자법규위반,안전운전 의무 불이행,단일로,기타단일로,원동기장치자전거,원동기장치자전거,화물차,소형,1076806,1665554,128.3414995,34.98198833
2015,2015-10-26,주,월,1,1,0,0,0,경북,안동시,차대사람,기타,기타,운전자법규위반,안전운전 의무 불이행,단일로,기타단일로,화물차,중형,보행자,보행자,1106292,1846817,128.6885962,36.6132868
2015,2015-10-26,주,월,1,1,0,0,0,전북,전주시,차대차,측면충돌,측면충돌,운전자법규위반,안전운전 의무 불이행,단일로,횡단보도상,화물차,중형,자전거,자전거,968647,1760044,127.1528429,35.83640306
2015,2015-10-26,주,월,1,1,0,0,0,전남,장성군,차대사람,기타,기타,운전자법규위반,안전운전 의무 불이행,교차로,교차로내,건설기계,건설기계,보행자,보행자,934361,1716382,126.7767857,35.44106063
2015,2015-10-26,야,월,1,9,2,6,0,경기,하남시,차대차,정면충돌,정면충돌,운전자법규위반,안전운전 의무 불이행,교차로,교차로부근,승용차,소형,승합차,대형,970563,1949494,127.1667684,37.54430664
2015,2015-10-26,야,월,1,3,0,2,0,충남,서산시,차대차,정면충돌,정면충돌,운전자법규위반,중앙선 침범,단일로,기타단일로,이륜차,중형,승용차,중형,915645,1860574,126.5551621,36.73948246
2015,2015-10-26,야,월,1,1,0,0,0,전남,보성군,차대사람,기타,기타,운전자법규위반,안전운전 의무 불이행,교차로,교차로내,화물차,소형,보행자,보행자,971280,1656722,127.18563,34.90485505
2015,2015-10-26,야,월,1,1,0,0,0,경기,구리시,차대사람,횡단중,횡단중,운전자법규위반,안전운전 의무 불이행,단일로,기타단일로,화물차,소형,보행자,보행자,968483,1957427,127.1428815,37.6157409
2015,2015-10-26,야,월,1,1,0,0,0,경기,부천시,차대차,측면충돌,측면충돌,운전자법규위반,신호위반,교차로,교차로내,이륜차,중형,승용차,중형,935390,1945943,126.7689383,37.51050707
2015,2015-10-27,야,화,1,1,0,0,0,충남,천안시,차대사람,기타,기타,운전자법규위반,안전운전 의무 불이행,단일로,기타단일로,화물차,소형,보행자,보행자,967572,1869357,127.1363897,36.82185398
2015,2015-10-27,야,화,1,1,0,0,0,서울,구로구,차대사람,횡단중,횡단중,운전자법규위반,안전운전 의무 불이행,교차로,교차로내,승용차,중형,보행자,보행자,947208,1942977,126.9028644,37.4845259
2015,2015-10-27,야,화,1,1,0,0,0,서울,관악구,차대사람,횡단중,횡단중,운전자법규위반,안전운전 의무 불이행,교차로,교차로부근,승용차,중형,보행자,보행자,951957,1943630,126.9565359,37.49067084
2015,2015-10-27,야,화,1,1,0,0,0,경기,시흥시,차대사람,기타,기타,운전자법규위반,안전운전 의무 불이행,단일로,기타단일로,화물차,경형,보행자,보행자,939265,1936765,126.8135378,37.42804839
2015,2015-10-27,야,화,1,1,0,0,0,대전,동구,차대사람,기타,기타,운전자법규위반,안전운전 의무 불이행,단일로,기타단일로,승용차,중형,보행자,보행자,994695,1809008,127.4409308,36.2783423
2015,2015-10-27,주,화,1,2,1,0,0,경북,영덕군,차량단독,도로이탈,도로이탈 기타,운전자법규위반,안전운전 의무 불이행,단일로,기타단일로,화물차,중형,없음,없음,1168441,1809704,129.3752267,36.26992717
2015,2015-10-27,주,화,1,1,0,0,0,전남,고흥군,차대사람,길가장자리구역통행중,길가장자리구역통행중,운전자법규위반,안전운전 의무 불이행,교차로,교차로내,화물차,소형,보행자,보행자,975236,1620023,127.2300107,34.57401775
2015,2015-10-27,주,화,1,1,0,0,0,인천,강화군,차대사람,횡단중,횡단중,운전자법규위반,안전운전 의무 불이행,단일로,기타단일로,승합차,소형,보행자,보행자,910862,1971640,126.4883041,37.74004671
2015,2015-10-27,주,화,1,1,0,0,0,충남,보령시,차대사람,횡단중,횡단중,운전자법규위반,안전운전 의무 불이행,단일로,기타단일로,승용차,중형,보행자,보행자,919286,1817760,126.6004226,36.35387392
2015,2015-10-27,야,화,1,1,0,0,0,대구,달성군,차대사람,횡단중,횡단중,운전자법규위반,안전운전 의무 불이행,교차로,교차로부근,승용차,대형,보행자,보행자,1101840,1756095,128.6270348,35.79601686
2015,2015-10-27,야,화,1,1,0,0,0,전남,여수시,차대사람,횡단중,횡단중,운전자법규위반,안전운전 의무 불이행,단일로,기타단일로,승용차,중형,보행자,보행자,1016184.9,1641079.2,127.6768593,34.76407129
2015,2015-10-27,야,화,1,1,0,0,0,경북,포항시,차대사람,횡단중,횡단중,운전자법규위반,안전운전 의무 불이행,단일로,기타단일로,승용차,중형,보행자,보행자,1167720,1781680,129.3612269,36.0175301
2015,2015-10-28,야,수,1,1,0,0,0,인천,남동구,차대사람,기타,기타,운전자법규위반,중앙선 침범,단일로,기타단일로,승용차,중형,보행자,보행자,930837,1937037,126.7182618,37.42990838
2015,2015-10-28,주,수,1,3,0,2,0,경기,용인시,차대차,정면충돌,정면충돌,운전자법규위반,중앙선 침범,단일로,기타단일로,원동기장치자전거,원동기장치자전거,화물차,중형,964914,1918209,127.1043077,37.26211844
2015,2015-10-28,주,수,1,1,0,0,0,경북,예천군,차량단독,공작물충돌,공작물충돌,운전자법규위반,안전운전 의무 불이행,교차로,교차로부근,화물차,소형,없음,없음,1084466,1856472,128.4456277,36.70249871
2015,2015-10-28,주,수,1,1,0,0,0,경남,김해시,차대사람,횡단중,횡단중,운전자법규위반,안전운전 의무 불이행,단일로,기타단일로,화물차,대형,보행자,보행자,1119566,1690242,128.81346,35.20039921
2015,2015-10-28,주,수,1,2,1,0,0,충남,공주시,차대차,추돌,진행중 추돌,운전자법규위반,안전운전 의무 불이행,단일로,기타단일로,승용차,중형,승합차,경형,957519,1814740,127.0266845,36.32909648
2015,2015-10-28,주,수,1,1,0,0,0,경남,김해시,차대차,정면충돌,정면충돌,운전자법규위반,안전운전 의무 불이행,교차로,교차로내,건설기계,건설기계,화물차,중형,1125274,1701142,128.8778097,35.29796051
2015,2015-10-28,주,수,1,1,0,0,0,전북,정읍시,차대사람,기타,기타,운전자법규위반,안전운전 의무 불이행,교차로,교차로부근,화물차,중형,보행자,보행자,937751,1740759,126.81226,35.66106085
2015,2015-10-28,주,수,1,6,0,5,0,경기,포천시,차대차,정면충돌,정면충돌,운전자법규위반,중앙선 침범,단일로,기타단일로,화물차,중형,화물차,중형,984342,2006158,127.3215232,38.05536569
2015,2015-10-28,야,수,1,1,0,0,0,광주,동구,차대사람,횡단중,횡단중,운전자법규위반,안전운전 의무 불이행,기타/불명,기타/불명,이륜차,소형,보행자,보행자,948057,1681790,126.9298722,35.12996918
2015,2015-10-28,야,수,1,1,0,0,0,경기,성남시,차대사람,기타,기타,운전자법규위반,안전운전 의무 불이행,단일로,기타단일로,화물차,중형,보행자,보행자,970536,1940154,127.166837,37.46011959
2015,2015-10-28,야,수,1,1,0,0,0,경남,사천시,차대차,기타,기타,운전자법규위반,교차로 통행방법 위반,교차로,교차로내,자전거,자전거,화물차,소형,1054452,1659764,128.0962213,34.93123015
2015,2015-10-28,야,수,1,1,0,0,0,강원,원주시,차량단독,공작물충돌,공작물충돌,운전자법규위반,안전운전 의무 불이행,교차로,교차로내,승용차,중형,없음,없음,1031825,1931590,127.8594902,37.38284876
2015,2015-10-29,주,목,1,1,0,0,0,전북,군산시,차대사람,차도통행중,차도통행중,운전자법규위반,안전운전 의무 불이행,단일로,기타단일로,승용차,중형,보행자,보행자,930402,1775427,126.7280531,35.97311578
2015,2015-10-29,주,목,1,1,0,0,0,경기,부천시,차대사람,횡단중,횡단중,운전자법규위반,보행자 보호의무 위반,교차로,교차로부근,승합차,중형,보행자,보행자,939660,1943548,126.8174466,37.48921001
2015,2015-10-29,주,목,1,1,0,0,0,강원,양구군,차대차,측면충돌,측면충돌,운전자법규위반,안전운전 의무 불이행,교차로,교차로내,화물차,중형,원동기장치자전거,원동기장치자전거,1045116,2016340,128.0148871,38.14614043
2015,2015-10-29,주,목,1,3,0,2,0,전남,영광군,차대차,측면충돌,측면충돌,운전자법규위반,중앙선 침범,단일로,기타단일로,승용차,중형,승용차,대형,910614,1698303,126.517147,35.27621747
2015,2015-10-29,주,목,1,1,0,0,0,인천,남동구,차대차,기타,기타,운전자법규위반,안전운전 의무 불이행,단일로,기타단일로,승합차,소형,승합차,중형,930644.1,1939197.6,126.7158785,37.44936724
2015,2015-10-29,주,목,1,1,0,0,0,경기,안성시,차대차,추돌,주정차중 추돌,운전자법규위반,안전운전 의무 불이행,단일로,기타단일로,승용차,경형,승합차,대형,967004,1897896,127.1287746,37.0790939
2015,2015-10-29,주,목,1,1,0,0,0,인천,남동구,차대사람,차도통행중,차도통행중,운전자법규위반,안전운전 의무 불이행,교차로,교차로내,화물차,소형,보행자,보행자,929974,1940758,126.7081549,37.46338042
2015,2015-10-29,주,목,1,6,2,3,0,서울,서초구,차대차,측면충돌,측면충돌,운전자법규위반,안전운전 의무 불이행,단일로,기타단일로,승합차,중형,승합차,대형,961643.4,1937261.3,127.0664371,37.43372001
2015,2015-10-29,주,목,1,1,0,0,0,충남,청양군,차량단독,도로이탈,도로이탈 추락,운전자법규위반,안전운전 의무 불이행,단일로,기타단일로,농기계,농기계,없음,없음,934614,1836038,126.7697008,36.51980585
2015,2015-10-29,주,목,1,1,0,0,0,서울,노원구,차대사람,횡단중,횡단중,운전자법규위반,안전운전 의무 불이행,단일로,기타단일로,승합차,대형,보행자,보행자,960799,1964773,127.0554219,37.68165603
2015,2015-10-29,주,목,1,1,0,0,0,충남,논산시,차량단독,도로이탈,도로이탈 추락,운전자법규위반,안전운전 의무 불이행,단일로,기타단일로,농기계,농기계,없음,없음,963420,1786924,127.0937288,36.07856615
2015,2015-10-29,야,목,1,1,0,0,0,충북,단양군,차대사람,길가장자리구역통행중,길가장자리구역통행중,운전자법규위반,과속,단일로,기타단일로,승용차,중형,보행자,보행자,1070673,1889877,128.2943344,37.00473058
2015,2015-10-29,야,목,1,1,0,0,0,서울,강동구,차대사람,기타,기타,운전자법규위반,안전운전 의무 불이행,교차로,교차로부근,승용차,중형,보행자,보행자,967435,1948839,127.1313886,37.53829762
2015,2015-10-29,야,목,1,1,0,0,0,경남,거제시,차대차,측면충돌,측면충돌,운전자법규위반,과속,교차로,교차로부근,승용차,경형,이륜차,중형,1109502,1652976,128.6980137,34.86557973
2015,2015-10-29,야,목,1,1,0,0,0,충남,천안시,차대사람,기타,기타,운전자법규위반,안전운전 의무 불이행,단일로,기타단일로,승용차,중형,보행자,보행자,963374,1881430,127.088736,36.9305314
2015,2015-10-29,야,목,1,1,0,0,0,경북,경주시,차대사람,기타,기타,운전자법규위반,안전운전 의무 불이행,단일로,기타단일로,승용차,소형,보행자,보행자,1154137,1763077,129.2069471,35.8521238
2015,2015-10-29,야,목,1,1,0,0,0,경기,군포시,차대차,추돌,진행중 추돌,운전자법규위반,안전운전 의무 불이행,단일로,기타단일로,화물차,소형,화물차,대형,950310,1925658,126.9391148,37.32859537
2015,2015-10-30,야,금,1,1,0,0,0,경기,파주시,차대사람,길가장자리구역통행중,길가장자리구역통행중,운전자법규위반,안전운전 의무 불이행,단일로,기타단일로,승합차,대형,보행자,보행자,939156,1983760,126.8083904,37.85159767
2015,2015-10-30,야,금,1,1,0,0,0,전남,장성군,차량단독,전도전복,전도전복,운전자법규위반,안전운전 의무 불이행,단일로,기타단일로,승용차,소형,없음,없음,935006,1699518,126.7852334,35.28905393
2015,2015-10-30,주,금,1,1,0,0,0,전남,진도군,차대사람,기타,기타,운전자법규위반,안전운전 의무 불이행,단일로,기타단일로,화물차,소형,보행자,보행자,885345,1621996,126.2498338,34.58570523
2015,2015-10-30,주,금,1,1,0,0,0,서울,용산구,차대차,기타,기타,운전자법규위반,안전운전 의무 불이행,단일로,기타단일로,승용차,중형,이륜차,소형,953152,1948137,126.9697659,37.53135503
2015,2015-10-30,주,금,1,1,0,0,0,경남,하동군,차량단독,공작물충돌,공작물충돌,운전자법규위반,안전운전 의무 불이행,단일로,기타단일로,화물차,중형,없음,없음,1027657,1684901,127.803673,35.15898217
2015,2015-10-30,주,금,1,1,0,0,0,부산,영도구,차대사람,횡단중,횡단중,운전자법규위반,보행자 보호의무 위반,단일로,횡단보도상,승용차,소형,보행자,보행자,1140741,1678030,129.0439221,35.08757485
2015,2015-10-30,주,금,1,1,0,0,0,부산,강서구,차대사람,기타,기타,운전자법규위반,신호위반,단일로,기타단일로,승용차,중형,보행자,보행자,1134774.049,1691927.678,128.980753,35.213667
2015,2015-10-30,주,금,1,1,0,0,0,서울,은평구,차대사람,길가장자리구역통행중,길가장자리구역통행중,운전자법규위반,안전운전 의무 불이행,교차로,교차로내,승용차,소형,보행자,보행자,948783,1954639,126.9198648,37.58972591
2015,2015-10-30,주,금,1,1,0,0,0,경기,이천시,차대차,측면충돌,측면충돌,운전자법규위반,안전거리 미확보,교차로,교차로내,승용차,중형,승용차,경형,1008219,1901669,127.592511,37.11364965
2015,2015-10-30,주,금,1,1,0,0,0,울산,북구,차대차,측면충돌,측면충돌,운전자법규위반,신호위반,교차로,교차로내,승용차,중형,이륜차,중형,1168629,1732118,129.3608631,35.57074725
2015,2015-10-30,야,금,1,1,0,0,0,대구,달성군,차대사람,횡단중,횡단중,운전자법규위반,안전운전 의무 불이행,교차로,교차로내,승용차,대형,보행자,보행자,1082342,1750157,128.4106727,35.74431389
2015,2015-10-30,야,금,1,1,0,0,0,강원,원주시,차대사람,횡단중,횡단중,운전자법규위반,안전운전 의무 불이행,단일로,기타단일로,승용차,중형,보행자,보행자,1039518,1931285,127.9463707,37.37980354
2015,2015-10-30,야,금,1,1,0,0,0,서울,마포구,차대차,측면충돌,측면충돌,운전자법규위반,안전운전 의무 불이행,단일로,기타단일로,승용차,중형,이륜차,대형,951505,1951003,126.9509362,37.55710165
2015,2015-10-31,야,토,1,3,1,1,0,충남,논산시,차대차,기타,기타,운전자법규위반,안전운전 의무 불이행,단일로,기타단일로,승용차,중형,화물차,대형,968123.7,1792857.6,127.1457288,36.13222689
2015,2015-10-31,주,토,1,4,3,0,0,경기,파주시,차대차,정면충돌,정면충돌,운전자법규위반,중앙선 침범,단일로,기타단일로,승용차,대형,건설기계,건설기계,955052,1999349,126.9880984,37.99301859
2015,2015-10-31,주,토,1,1,0,0,0,충북,단양군,차대사람,횡단중,횡단중,운전자법규위반,안전운전 의무 불이행,단일로,기타단일로,승용차,중형,보행자,보행자,1076919,1880656,128.3635905,36.92112692
2015,2015-10-31,주,토,1,1,0,0,0,대구,수성구,차대차,측면충돌,측면충돌,운전자법규위반,안전운전 의무 불이행,단일로,기타단일로,건설기계,건설기계,자전거,자전거,1104700,1762429,128.6595101,35.85281298
2015,2015-10-31,주,토,1,1,0,0,0,전북,익산시,차대사람,횡단중,횡단중,운전자법규위반,안전운전 의무 불이행,단일로,기타단일로,승합차,대형,보행자,보행자,949914,1778620,126.9442579,36.00309947
2015,2015-10-31,야,토,1,1,0,0,0,충북,진천군,차대사람,횡단중,횡단중,운전자법규위반,신호위반,교차로,교차로내,승용차,소형,보행자,보행자,1001031.4,1874548,127.5115721,36.86920447
2015,2015-10-31,야,토,1,1,0,0,0,경기,군포시,차대사람,기타,기타,운전자법규위반,안전운전 의무 불이행,단일로,기타단일로,승용차,소형,보행자,보행자,951094,1927429,126.9478471,37.34459989
2015,2015-11-01,야,일,1,1,0,0,0,서울,구로구,차대사람,횡단중,횡단중,운전자법규위반,보행자 보호의무 위반,단일로,횡단보도상,승용차,중형,보행자,보행자,946286,1944601,126.8923175,37.49911012
2015,2015-11-01,야,일,1,2,1,0,0,경기,화성시,차량단독,공작물충돌,공작물충돌,운전자법규위반,안전운전 의무 불이행,교차로,교차로내,승용차,중형,없음,없음,948517,1903188,126.920429,37.12596166
2015,2015-11-01,야,일,1,1,0,0,0,대전,서구,차량단독,공작물충돌,공작물충돌,운전자법규위반,안전운전 의무 불이행,단일로,기타단일로,원동기장치자전거,원동기장치자전거,없음,없음,986600,1816800,127.3506622,36.34851213
2015,2015-11-01,주,일,1,1,0,0,0,전남,함평군,차량단독,공작물충돌,공작물충돌,운전자법규위반,안전운전 의무 불이행,단일로,기타단일로,이륜차,소형,없음,없음,907305,1674612,126.4834297,35.062324
2015,2015-11-01,주,일,1,1,0,0,0,경남,창원시(통합),차량단독,전도전복,전도전복,운전자법규위반,안전운전 의무 불이행,단일로,기타단일로,농기계,농기계,없음,없음,1079405,1685277,128.371861,35.15961597
2015,2015-11-01,주,일,1,1,0,0,0,충남,서산시,차대사람,횡단중,횡단중,운전자법규위반,과속,교차로,교차로부근,승용차,중형,보행자,보행자,917752,1854550,126.5794073,36.68536896
2015,2015-11-01,주,일,1,2,0,0,1,강원,원주시,차대사람,횡단중,횡단중,운전자법규위반,보행자 보호의무 위반,교차로,교차로부근,이륜차,소형,보행자,보행자,1039893,1931583,127.9506224,37.38247353
2015,2015-11-01,주,일,1,1,0,0,0,경북,안동시,차대차,기타,기타,운전자법규위반,안전운전 의무 불이행,단일로,기타단일로,승합차,대형,자전거,자전거,1096161,1842854,128.5748311,36.57864259
2015,2015-11-01,주,일,1,6,3,2,0,경기,양평군,차대차,정면충돌,정면충돌,운전자법규위반,중앙선 침범,기타/불명,기타/불명,승용차,대형,승용차,소형,987718,1955921,127.3608571,37.60262491
2015,2015-11-01,주,일,1,1,0,0,0,전남,담양군,차대사람,기타,기타,운전자법규위반,안전운전 의무 불이행,교차로,교차로내,화물차,소형,보행자,보행자,953322,1701253,126.9865548,35.30572033
2015,2015-11-01,야,일,1,1,0,0,0,경북,예천군,차대사람,횡단중,횡단중,운전자법규위반,안전운전 의무 불이행,단일로,기타단일로,승용차,대형,보행자,보행자,1082100,1847281,128.4181581,36.61986047
2015,2015-11-01,야,일,1,1,0,0,0,경남,양산시,차대사람,기타,기타,운전자법규위반,안전운전 의무 불이행,단일로,기타단일로,승용차,경형,보행자,보행자,1149631,1709263,129.1470911,35.367809
2015,2015-11-02,주,월,1,1,0,0,0,전남,영암군,차대차,기타,기타,운전자법규위반,안전운전 의무 불이행,단일로,기타단일로,화물차,중형,이륜차,소형,923793,1644271,126.6670015,34.79013221
2015,2015-11-02,주,월,1,4,1,2,0,전남,영광군,차대차,기타,기타,운전자법규위반,안전운전 의무 불이행,교차로,교차로내,화물차,소형,승용차,소형,896827,1697258,126.3657067,35.26547006
2015,2015-11-02,야,월,1,1,0,0,0,경기,광주시,차대사람,기타,기타,운전자법규위반,안전운전 의무 불이행,교차로,교차로내,승합차,대형,보행자,보행자,976560,1937075,127.2350503,37.43253895
2015,2015-11-02,야,월,1,1,0,0,0,경기,가평군,차량단독,공작물충돌,공작물충돌,운전자법규위반,안전운전 의무 불이행,단일로,기타단일로,승용차,중형,없음,없음,986568,1978116,127.3474193,37.80265957
2015,2015-11-02,야,월,1,1,0,0,0,경기,동두천시,차대사람,보도통행중,보도통행중,운전자법규위반,보행자 보호의무 위반,단일로,횡단보도상,화물차,중형,보행자,보행자,963133,1988361,127.0806915,37.89435111
2015,2015-11-02,야,월,1,2,0,1,0,경북,구미시,차대차,추돌,진행중 추돌,운전자법규위반,안전운전 의무 불이행,단일로,기타단일로,화물차,소형,농기계,농기계,1076431,1804671,128.3505653,36.23623294
2015,2015-11-02,야,월,1,1,0,0,0,충남,태안군,차량단독,전도전복,전도전복,운전자법규위반,안전운전 의무 불이행,단일로,기타단일로,승용차,소형,없음,없음,890241,1866367,126.2698374,36.78909417
2015,2015-11-03,야,화,1,1,0,0,0,경기,김포시,차량단독,공작물충돌,공작물충돌,운전자법규위반,안전운전 의무 불이행,단일로,기타단일로,승용차,중형,없음,없음,923674,1960226,126.6348967,37.63833815
2015,2015-11-03,야,화,1,1,0,0,0,경기,고양시,차량단독,공작물충돌,공작물충돌,운전자법규위반,안전운전 의무 불이행,단일로,기타단일로,승용차,중형,없음,없음,943390,1967183,126.8578089,37.7024674
2015,2015-11-03,주,화,1,1,0,0,0,경남,합천군,차대사람,차도통행중,차도통행중,운전자법규위반,안전운전 의무 불이행,기타/불명,기타/불명,화물차,소형,보행자,보행자,1053563,1717893,128.0902667,35.45540791
2015,2015-11-03,주,화,1,1,0,0,0,충남,부여군,차대차,정면충돌,정면충돌,운전자법규위반,안전운전 의무 불이행,단일로,기타단일로,이륜차,소형,화물차,소형,950366,1798149,126.9480433,36.17918412
2015,2015-11-03,주,화,1,1,0,0,0,서울,강동구,차대사람,횡단중,횡단중,운전자법규위반,신호위반,교차로,교차로내,승합차,대형,보행자,보행자,969452,1950033,127.1541694,37.54912871
2015,2015-11-03,주,화,1,1,0,0,0,충북,제천시,차량단독,기타,기타,운전자법규위반,안전운전 의무 불이행,단일로,기타단일로,이륜차,중형,없음,없음,1064916,1902145,128.2306929,37.11572487
2015,2015-11-03,주,화,1,1,0,0,0,광주,서구,차대사람,차도통행중,차도통행중,운전자법규위반,안전운전 의무 불이행,단일로,기타단일로,화물차,대형,보행자,보행자,942535,1685369,126.8690167,35.1619396
2015,2015-11-03,주,화,1,1,0,0,0,전남,여수시,차량단독,전도전복,전도전복,운전자법규위반,안전운전 의무 불이행,교차로,교차로내,농기계,농기계,없음,없음,1025113,1629090,127.7740628,34.65577466
2015,2015-11-03,주,화,1,1,0,0,0,부산,강서구,차대사람,횡단중,횡단중,운전자법규위반,안전운전 의무 불이행,단일로,횡단보도부근,화물차,대형,보행자,보행자,1126334,1680801,128.8863443,35.11446359
2015,2015-11-03,주,화,1,1,0,0,0,경기,성남시,차대차,측면충돌,측면충돌,운전자법규위반,안전운전 의무 불이행,단일로,기타단일로,승합차,대형,이륜차,중형,970858,1935968,127.1706434,37.42239884
2015,2015-11-03,야,화,1,1,0,0,0,충남,서산시,차대사람,길가장자리구역통행중,길가장자리구역통행중,운전자법규위반,안전운전 의무 불이행,단일로,기타단일로,승용차,중형,보행자,보행자,913860,1867254,126.5344165,36.79953222
2015,2015-11-03,야,화,1,1,0,0,0,경북,의성군,차대차,추돌,진행중 추돌,운전자법규위반,안전운전 의무 불이행,단일로,기타단일로,승용차,소형,농기계,농기계,1113504,1813779,128.7643812,36.31468254
2015,2015-11-04,야,수,1,3,1,1,0,경기,의왕시,차대차,추돌,진행중 추돌,운전자법규위반,안전운전 의무 불이행,단일로,기타단일로,승합차,중형,화물차,소형,956451,1932361,127.0080357,37.38932147
2015,2015-11-04,야,수,1,1,0,0,0,경기,성남시,차대차,기타,기타,운전자법규위반,안전운전 의무 불이행,단일로,기타단일로,화물차,대형,승용차,중형,964482,1934281,127.0986658,37.40697021
2015,2015-11-04,주,수,1,1,0,0,0,경기,성남시,차량단독,공작물충돌,공작물충돌,운전자법규위반,안전운전 의무 불이행,단일로,기타단일로,승용차,경형,없음,없음,971016,1940355,127.1722566,37.46194649
2015,2015-11-04,주,수,1,5,2,2,0,경기,화성시,차대차,측면충돌,측면충돌,운전자법규위반,안전운전 의무 불이행,단일로,기타단일로,승용차,중형,승합차,대형,944231,1906111,126.871964,37.15206294
2015,2015-11-04,주,수,1,2,1,0,0,전북,고창군,차대차,측면충돌,측면충돌,운전자법규위반,신호위반,교차로,교차로내,화물차,소형,승합차,중형,926725,1716454,126.6926524,35.44117653
2015,2015-11-04,주,수,1,1,0,0,0,경북,영주시,차대차,추돌,진행중 추돌,운전자법규위반,안전운전 의무 불이행,단일로,기타단일로,승용차,중형,농기계,농기계,1093360,1877938,128.5478174,36.89514421
2015,2015-11-04,주,수,1,1,0,0,0,경북,영양군,차대차,측면충돌,측면충돌,운전자법규위반,교차로 통행방법 위반,교차로,교차로내,이륜차,소형,승용차,중형,1144340,1852962,129.1150859,36.66365946
2015,2015-11-04,주,수,1,1,0,0,0,대구,수성구,차대차,측면충돌,측면충돌,운전자법규위반,신호위반,교차로,교차로부근,자전거,자전거,승용차,소형,1108309,1761310,128.6993187,35.84233379
2015,2015-11-04,주,수,1,1,0,0,0,서울,강남구,차대차,측면충돌,측면충돌,운전자법규위반,안전운전 의무 불이행,교차로,교차로부근,승용차,중형,자전거,자전거,965330,1940550,127.1079529,37.46350832
2015,2015-11-04,주,수,1,2,1,0,0,전북,김제시,차대차,측면충돌,측면충돌,운전자법규위반,신호위반,교차로,교차로내,원동기장치자전거,원동기장치자전거,승용차,중형,944553,1757319,126.8862612,35.81076861
2015,2015-11-04,주,수,1,1,0,0,0,서울,노원구,차대사람,길가장자리구역통행중,길가장자리구역통행중,운전자법규위반,안전운전 의무 불이행,단일로,기타단일로,건설기계,건설기계,보행자,보행자,961799,1961955,127.0669102,37.65629917
2015,2015-11-04,주,수,1,1,0,0,0,충북,제천시,차량단독,기타,기타,운전자법규위반,기타(운전자법규위반),단일로,기타단일로,원동기장치자전거,원동기장치자전거,없음,없음,1061641.4,1907290.5,128.1942603,37.16232553
2015,2015-11-04,주,수,1,1,0,0,0,경남,창녕군,차대차,추돌,진행중 추돌,운전자법규위반,안전운전 의무 불이행,단일로,기타단일로,화물차,중형,농기계,농기계,1092143,1717705,128.5153516,35.4508858
2015,2015-11-04,야,수,1,1,0,0,0,경기,평택시,차대사람,횡단중,횡단중,운전자법규위반,안전운전 의무 불이행,교차로,교차로부근,승합차,중형,보행자,보행자,939948,1889919,126.8250296,37.00584803
2015,2015-11-04,야,수,1,1,0,0,0,경북,청송군,차대사람,횡단중,횡단중,운전자법규위반,안전운전 의무 불이행,단일로,기타단일로,화물차,소형,보행자,보행자,1140748,1823469,129.0695265,36.39841446