발생년,발생년월일시분,주야,요일,사망자수,사상자수,중상자수,경상자수,부상신고자수,발생지시도,발생지시군구,사고유형_대분류,사고유형_중분류,사고유형,법규위반_대분류,법규위반,도로형태_대분류,도로형태,가해자_당사자종별_대분류,가해자_당사자종별,피해자_당사자종별_대분류,피해자_당사자종별,발생위치X_UTMK,발생위치Y_UTMK,경도,위도
2015,2015-12-22,주,화,1,1,0,0,0,충북,진천군,차량단독,전도전복,전도전복,운전자법규위반,안전운전 의무 불이행,단일로,기타단일로,승합차,경형,없음,없음,994200,1885296,127.4348429,36.9660756
2015,2015-12-22,주,화,1,1,0,0,0,경남,거제시,차대차,추돌,진행중 추돌,운전자법규위반,안전운전 의무 불이행,단일로,기타단일로,이륜차,소형,승용차,중형,1110962,1653034,128.7139915,34.86594423
2015,2015-12-22,주,화,1,1,0,0,0,경기,수원시,차대사람,횡단중,횡단중,운전자법규위반,안전운전 의무 불이행,단일로,횡단보도부근,건설기계,건설기계,보행자,보행자,956247,1918977,127.0065209,37.26867394
2015,2015-12-22,주,화,2,3,1,0,0,전북,김제시,차대차,측면충돌,측면충돌,운전자법규위반,직진 및 우회전차의 통행방해,교차로,교차로내,건설기계,건설기계,화물차,소형,940183,1766978,126.8371684,35.89759322
2015,2015-12-22,주,화,1,1,0,0,0,강원,양양군,차량단독,전도전복,전도전복,운전자법규위반,안전운전 의무 불이행,단일로,교량위,승용차,중형,없음,없음,1097481,2007331,128.6111972,38.06082052
2015,2015-12-22,야,화,1,1,0,0,0,경기,용인시,차대차,추돌,진행중 추돌,운전자법규위반,중앙선 침범,단일로,기타단일로,승용차,중형,승용차,소형,978910,1910157,127.2623777,37.18995996
2015,2015-12-22,야,화,1,1,0,0,0,서울,종로구,차량단독,기타,기타,운전자법규위반,안전운전 의무 불이행,단일로,기타단일로,이륜차,중형,없음,없음,952446.1,1952684.7,126.9614819,37.57230816
2015,2015-12-23,야,수,1,1,0,0,0,전남,완도군,차대사람,기타,기타,운전자법규위반,안전운전 의무 불이행,교차로,교차로내,승용차,중형,보행자,보행자,914642,1576290,126.5737861,34.17642072
2015,2015-12-23,야,수,1,1,0,0,0,경기,고양시,차대사람,횡단중,횡단중,운전자법규위반,안전운전 의무 불이행,교차로,교차로부근,화물차,소형,보행자,보행자,942786,1968598,126.8508462,37.71518295
2015,2015-12-23,주,수,1,1,0,0,0,경기,안산시,차대차,정면충돌,정면충돌,운전자법규위반,신호위반,교차로,교차로부근,이륜차,중형,승용차,중형,932657,1924123,126.7400065,37.31364788
2015,2015-12-23,주,수,1,1,0,0,0,경기,군포시,차대사람,횡단중,횡단중,운전자법규위반,신호위반,교차로,교차로부근,승합차,대형,보행자,보행자,950904,1928389,126.9456385,37.35324279
2015,2015-12-23,야,수,1,1,0,0,0,경기,양평군,차대사람,횡단중,횡단중,운전자법규위반,안전운전 의무 불이행,교차로,교차로부근,승합차,대형,보행자,보행자,1003126,1939611,127.5353451,37.45568948
2015,2015-12-23,야,수,1,1,0,0,0,전남,신안군,차대사람,횡단중,횡단중,운전자법규위반,보행자 보호의무 위반,단일로,횡단보도상,승용차,소형,보행자,보행자,884347,1674615,126.2317022,35.05997997
2015,2015-12-23,야,수,1,3,1,1,0,충북,옥천군,차대차,기타,기타,운전자법규위반,안전운전 의무 불이행,단일로,기타단일로,화물차,대형,화물차,대형,1008989,1810960,127.6001117,36.29591326
2015,2015-12-23,야,수,1,1,0,0,0,인천,계양구,차대사람,차도통행중,차도통행중,운전자법규위반,안전운전 의무 불이행,단일로,기타단일로,승합차,소형,보행자,보행자,931659,1949620,126.7263833,37.54337833
2015,2015-12-23,야,수,1,1,0,0,0,울산,울주군,차대사람,길가장자리구역통행중,길가장자리구역통행중,운전자법규위반,안전운전 의무 불이행,단일로,기타단일로,승합차,소형,보행자,보행자,1151963,1718311,129.1744377,35.44900583
2015,2015-12-23,야,수,1,1,0,0,0,대구,동구,차대사람,기타,기타,운전자법규위반,안전운전 의무 불이행,교차로,교차로부근,승용차,중형,보행자,보행자,1103820,1765592,128.6501782,35.88141893
2015,2015-12-23,야,수,1,1,0,0,0,경기,이천시,차대사람,횡단중,횡단중,운전자법규위반,안전운전 의무 불이행,교차로,교차로부근,승용차,중형,보행자,보행자,994815,1919621,127.4415142,37.27549301
2015,2015-12-23,야,수,1,1,0,0,0,충남,서천군,차대사람,기타,기타,운전자법규위반,안전운전 의무 불이행,단일로,기타단일로,승용차,중형,보행자,보행자,927458,1792320,126.6938512,36.12519128
2015,2015-12-23,야,수,1,1,0,0,0,경북,성주군,차량단독,공작물충돌,공작물충돌,운전자법규위반,안전운전 의무 불이행,단일로,기타단일로,승용차,중형,없음,없음,1077716,1763515,128.3608146,35.86511556
2015,2015-12-24,야,목,1,1,0,0,0,대구,달성군,차대사람,횡단중,횡단중,운전자법규위반,안전운전 의무 불이행,단일로,기타단일로,승용차,경형,보행자,보행자,1080920,1764588,128.3964086,35.87452919
2015,2015-12-24,야,목,1,1,0,0,0,서울,동대문구,차대사람,횡단중,횡단중,운전자법규위반,안전운전 의무 불이행,단일로,횡단보도부근,화물차,중형,보행자,보행자,959154,1954389,127.0373471,37.58799152
2015,2015-12-24,주,목,1,1,0,0,0,경남,거창군,차량단독,전도전복,전도전복,운전자법규위반,안전운전 의무 불이행,단일로,기타단일로,승용차,중형,없음,없음,1040553,1749712,127.9484982,35.74291249
2015,2015-12-24,주,목,1,1,0,0,0,전남,나주시,차대사람,횡단중,횡단중,운전자법규위반,신호위반,단일로,횡단보도상,원동기장치자전거,원동기장치자전거,보행자,보행자,931803,1671412,126.7523341,35.03542495
2015,2015-12-24,주,목,1,1,0,0,0,경남,남해군,차량단독,전도전복,전도전복,운전자법규위반,안전운전 의무 불이행,단일로,기타단일로,이륜차,사발이,없음,없음,1033989,1642951,127.8714853,34.78051241
2015,2015-12-24,주,목,1,1,0,0,0,서울,용산구,차량단독,공작물충돌,공작물충돌,운전자법규위반,안전운전 의무 불이행,단일로,지하차도(도로)내,이륜차,대형,없음,없음,955179,1946840,126.9927862,37.51976558
2015,2015-12-24,주,목,1,1,0,0,0,강원,홍천군,차대사람,차도통행중,차도통행중,운전자법규위반,안전운전 의무 불이행,단일로,기타단일로,승용차,소형,보행자,보행자,1041371,1972950,127.9696524,37.75526023
2015,2015-12-24,주,목,1,1,0,0,0,전남,담양군,차대차,측면충돌,측면충돌,운전자법규위반,안전운전 의무 불이행,단일로,기타단일로,이륜차,소형,화물차,소형,950474,1697245,126.9554709,35.26944472
2015,2015-12-24,야,목,1,1,0,0,0,서울,영등포구,차대사람,횡단중,횡단중,운전자법규위반,안전운전 의무 불이행,단일로,기타단일로,승합차,경형,보행자,보행자,947168,1946338,126.9021705,37.51481689
2015,2015-12-24,야,목,1,1,0,0,0,충남,금산군,차대차,추돌,진행중 추돌,운전자법규위반,과속,단일로,기타단일로,승용차,경형,자전거,자전거,998620,1801105,127.4846481,36.20710579
2015,2015-12-24,야,목,1,1,0,0,0,경기,용인시,차대사람,횡단중,횡단중,운전자법규위반,안전운전 의무 불이행,교차로,교차로내,건설기계,건설기계,보행자,보행자,975343,1920211,127.2218558,37.28049895
2015,2015-12-24,야,목,1,1,0,0,0,경기,연천군,차대사람,횡단중,횡단중,운전자법규위반,안전운전 의무 불이행,교차로,교차로내,승용차,중형,보행자,보행자,964696,2016878,127.0970629,38.1514266
2015,2015-12-24,야,목,1,1,0,0,0,경북,김천시,차대사람,횡단중,횡단중,운전자법규위반,보행자 보호의무 위반,교차로,교차로부근,승용차,중형,보행자,보행자,1065608,1799592,128.2297054,36.19124193
2015,2015-12-25,야,금,1,1,0,0,0,경기,안산시,차대사람,차도통행중,차도통행중,운전자법규위반,안전운전 의무 불이행,단일로,기타단일로,승용차,중형,보행자,보행자,942564,1923883,126.8518225,37.31214989
2015,2015-12-25,야,금,1,1,0,0,0,서울,성북구,차대사람,횡단중,횡단중,운전자법규위반,안전운전 의무 불이행,단일로,횡단보도상,승용차,중형,보행자,보행자,961042,1957024,127.0585912,37.6118233
2015,2015-12-25,야,금,1,3,0,2,0,경북,김천시,차대차,추돌,진행중 추돌,운전자법규위반,안전운전 의무 불이행,단일로,기타단일로,화물차,소형,화물차,중형,1045124,1800206,128.0019232,36.19794934
2015,2015-12-25,주,금,1,1,0,0,0,대구,달성군,차대사람,횡단중,횡단중,운전자법규위반,신호위반,교차로,교차로내,승용차,중형,보행자,보행자,1086598,1763313,128.4591616,35.86254942
2015,2015-12-25,주,금,1,1,0,0,0,경기,고양시,차대사람,기타,기타,운전자법규위반,안전운전 의무 불이행,단일로,기타단일로,승합차,대형,보행자,보행자,941418,1958048,126.8361732,37.6200114
2015,2015-12-25,주,금,1,1,0,0,0,충남,서산시,차량단독,공작물충돌,공작물충돌,운전자법규위반,안전운전 의무 불이행,단일로,기타단일로,화물차,소형,없음,없음,903998,1884662,126.4216818,36.95548208
2015,2015-12-25,주,금,1,1,0,0,0,대구,달서구,차대사람,횡단중,횡단중,운전자법규위반,안전운전 의무 불이행,기타/불명,기타/불명,승용차,중형,보행자,보행자,1092155,1762276,128.5205828,35.85269404
2015,2015-12-25,주,금,1,3,2,0,0,경남,함안군,차대차,정면충돌,정면충돌,운전자법규위반,안전운전 의무 불이행,단일로,기타단일로,승합차,소형,농기계,농기계,1081686,1700518,128.3984171,35.29684589
2015,2015-12-25,야,금,1,1,0,0,0,전남,나주시,차대사람,횡단중,횡단중,운전자법규위반,안전운전 의무 불이행,단일로,기타단일로,승합차,소형,보행자,보행자,941174,1671039,126.8550916,35.03265121
2015,2015-12-25,야,금,1,3,1,1,0,경북,청송군,차대차,정면충돌,정면충돌,운전자법규위반,교차로 통행방법 위반,교차로,교차로내,승용차,경형,승용차,경형,1139776,1838447,129.0613961,36.53353648
2015,2015-12-25,야,금,1,2,0,1,0,경남,양산시,차대차,정면충돌,정면충돌,운전자법규위반,안전운전 의무 불이행,교차로,교차로내,승용차,경형,승용차,경형,1150535,1710583,129.1572817,35.37957027
2015,2015-12-26,야,토,1,1,0,0,0,경기,용인시,차량단독,전도전복,전도전복,운전자법규위반,안전운전 의무 불이행,단일로,기타단일로,승용차,경형,없음,없음,976633,1922979,127.2363205,37.30548268
2015,2015-12-26,주,토,1,6,4,0,1,경기,안성시,차대차,추돌,진행중 추돌,운전자법규위반,안전운전 의무 불이행,단일로,기타단일로,승합차,대형,승용차,경형,979614,1885674,127.2709745,36.96928006
2015,2015-12-26,주,토,1,1,0,0,0,충남,서산시,차량단독,공작물충돌,공작물충돌,운전자법규위반,안전운전 의무 불이행,단일로,기타단일로,화물차,소형,없음,없음,900152,1850337,126.3829923,36.64571046
2015,2015-12-26,주,토,1,1,0,0,0,광주,광산구,차대사람,횡단중,횡단중,운전자법규위반,부당한 회전,단일로,기타단일로,화물차,중형,보행자,보행자,936947,1684920,126.8076968,35.15755608
2015,2015-12-26,주,토,1,2,0,1,0,경기,포천시,차량단독,전도전복,전도전복,운전자법규위반,안전운전 의무 불이행,단일로,기타단일로,승용차,경형,없음,없음,974966,1980433,127.2155475,37.82329846
2015,2015-12-26,주,토,1,1,0,0,0,전남,진도군,차량단독,전도전복,전도전복,운전자법규위반,안전운전 의무 불이행,기타/불명,기타/불명,승용차,중형,없음,없음,889673,1613519,126.2981152,34.50974983
2015,2015-12-26,주,토,1,2,1,0,0,경기,이천시,차대차,기타,기타,운전자법규위반,안전운전 의무 불이행,교차로,교차로내,승용차,중형,화물차,소형,1005857,1901174,127.5659211,37.10920535
2015,2015-12-26,주,토,1,2,1,0,0,경기,이천시,차대차,정면충돌,정면충돌,운전자법규위반,안전운전 의무 불이행,교차로,교차로내,승용차,중형,화물차,소형,1005837,1901118,127.5656955,37.10870068
2015,2015-12-26,주,토,1,1,0,0,0,광주,광산구,차대사람,횡단중,횡단중,운전자법규위반,안전운전 의무 불이행,단일로,기타단일로,승용차,경형,보행자,보행자,931424,1680546,126.7474234,35.11775643
2015,2015-12-26,주,토,1,2,0,1,0,경북,경산시,차대사람,횡단중,횡단중,운전자법규위반,안전운전 의무 불이행,단일로,기타단일로,승용차,경형,보행자,보행자,1120822,1768281,128.8389015,35.90370555
2015,2015-12-26,주,토,1,3,1,0,1,경기,안성시,차대차,기타,기타,운전자법규위반,안전운전 의무 불이행,단일로,기타단일로,화물차,소형,승합차,대형,969289,1888286,127.154874,36.99254501
2015,2015-12-26,야,토,1,1,0,0,0,부산,동구,차대사람,횡단중,횡단중,운전자법규위반,안전운전 의무 불이행,단일로,기타단일로,승용차,대형,보행자,보행자,1140308,1681077,129.0396901,35.11510097
2015,2015-12-26,야,토,1,1,0,0,0,경기,남양주시,차대사람,횡단중,횡단중,운전자법규위반,안전운전 의무 불이행,단일로,기타단일로,승용차,중형,보행자,보행자,973618,1959278,127.2009984,37.63258635
2015,2015-12-26,야,토,1,1,0,0,0,충남,부여군,차대사람,횡단중,횡단중,운전자법규위반,안전운전 의무 불이행,교차로,교차로부근,승용차,소형,보행자,보행자,933986,1802524,126.7655324,36.21764599
2015,2015-12-26,야,토,1,5,1,2,1,서울,성동구,차대차,기타,기타,운전자법규위반,안전거리 미확보,단일로,기타단일로,승용차,중형,승합차,대형,961153,1949490,127.0602484,37.54392194
2015,2015-12-26,야,토,1,1,0,0,0,경기,포천시,차대사람,횡단중,횡단중,운전자법규위반,안전운전 의무 불이행,단일로,횡단보도상,승용차,경형,보행자,보행자,974074,1989552,127.2050848,37.905463
2015,2015-12-26,야,토,1,1,0,0,0,전남,순천시,차대사람,기타,기타,운전자법규위반,과속,단일로,기타단일로,승합차,경형,보행자,보행자,1001500,1661915,127.5164285,34.95208863
2015,2015-12-27,야,일,1,1,0,0,0,경남,창원시(통합),차대차,정면충돌,정면충돌,운전자법규위반,안전운전 의무 불이행,단일로,기타단일로,화물차,소형,화물차,대형,1118296,1681013,128.7981893,35.11735139
2015,2015-12-27,주,일,1,1,0,0,0,전남,해남군,차량단독,전도전복,전도전복,운전자법규위반,안전운전 의무 불이행,단일로,기타단일로,승용차,경형,없음,없음,917761,1618685,126.6035636,34.55895891
2015,2015-12-27,주,일,1,1,0,0,0,부산,연제구,차대차,측면충돌,측면충돌,운전자법규위반,안전운전 의무 불이행,단일로,기타단일로,건설기계,건설기계,자전거,자전거,1144566,1689544,129.0878826,35.19081791
2015,2015-12-27,주,일,1,1,0,0,0,경기,안양시,차대사람,횡단중,횡단중,운전자법규위반,안전운전 의무 불이행,교차로,교차로내,승용차,중형,보행자,보행자,948197,1934368,126.9146554,37.4069866
2015,2015-12-27,주,일,1,1,0,0,0,경기,안산시,차대사람,횡단중,횡단중,운전자법규위반,안전운전 의무 불이행,단일로,기타단일로,승합차,경형,보행자,보행자,944872,1929457,126.8774528,37.36253027
2015,2015-12-27,야,일,1,1,0,0,0,전남,영광군,차량단독,전도전복,전도전복,운전자법규위반,안전운전 의무 불이행,단일로,기타단일로,원동기장치자전거,원동기장치자전거,없음,없음,907013,1711802,126.4760232,35.39758953
2015,2015-12-27,야,일,1,1,0,0,0,전북,남원시,차대차,측면충돌,측면충돌,운전자법규위반,안전운전 의무 불이행,단일로,기타단일로,승용차,경형,자전거,자전거,989320,1711969,127.3823809,35.40337824
2015,2015-12-27,야,일,1,1,0,0,0,경기,남양주시,차대사람,횡단중,횡단중,운전자법규위반,안전운전 의무 불이행,단일로,횡단보도상,승용차,중형,보행자,보행자,976363,1960724,127.2320619,37.6456944
2015,2015-12-28,야,월,1,2,1,0,0,경기,안성시,차대차,추돌,진행중 추돌,운전자법규위반,안전운전 의무 불이행,단일로,기타단일로,승용차,중형,화물차,대형,971035,1889587,127.1744451,37.00432802
2015,2015-12-28,주,월,1,1,0,0,0,서울,종로구,차대사람,차도통행중,차도통행중,운전자법규위반,안전운전 의무 불이행,단일로,기타단일로,승용차,중형,보행자,보행자,954517,1953109,126.9849063,37.5762371
2015,2015-12-28,주,월,1,1,0,0,0,강원,고성군,차대사람,횡단중,횡단중,운전자법규위반,신호위반,교차로,교차로내,화물차,소형,보행자,보행자,1090821,2034211,128.5387247,38.30373309
2015,2015-12-28,주,월,2,4,0,0,2,제주,서귀포시,차대차,기타,기타,운전자법규위반,안전운전 의무 불이행,교차로,교차로내,화물차,중형,승합차,대형,916244,1479163,126.600358,33.30064229
2015,2015-12-28,주,월,1,1,0,0,0,부산,동래구,차대사람,횡단중,횡단중,운전자법규위반,안전운전 의무 불이행,교차로,교차로부근,승합차,소형,보행자,보행자,1145634,1691929,129.1000309,35.21216102
2015,2015-12-28,야,월,1,1,0,0,0,강원,원주시,차대사람,횡단중,횡단중,운전자법규위반,안전운전 의무 불이행,단일로,기타단일로,화물차,대형,보행자,보행자,1035762.8,1929707.1,127.903879,37.36573341
2015,2015-12-28,야,월,1,1,0,0,0,충남,예산군,차대차,추돌,주정차중 추돌,운전자법규위반,안전운전 의무 불이행,단일로,기타단일로,화물차,소형,특수차,중형,939741,1860406,126.8250478,36.73980477
2015,2015-12-28,야,월,1,1,0,0,0,경북,경주시,차대차,기타,기타,운전자법규위반,안전운전 의무 불이행,단일로,기타단일로,승용차,중형,자전거,자전거,1160099,1763824,129.2730937,35.85789971
2015,2015-12-28,야,월,1,1,0,0,0,경기,의정부시,차대차,측면충돌,측면충돌,운전자법규위반,신호위반,교차로,교차로부근,이륜차,중형,자전거,자전거,959019,1971020,127.0348837,37.73788271
2015,2015-12-28,야,월,1,1,0,0,0,경남,남해군,차대사람,횡단중,횡단중,운전자법규위반,보행자 보호의무 위반,교차로,교차로부근,승용차,중형,보행자,보행자,1038507,1647226,127.92106,34.8189015
2015,2015-12-29,야,화,1,1,0,0,0,울산,남구,차대사람,횡단중,횡단중,운전자법규위반,신호위반,교차로,교차로내,승용차,중형,보행자,보행자,1165175,1729668,129.3222648,35.54925004
2015,2015-12-29,야,화,1,1,0,0,0,충북,청주시,차대차,측면충돌,측면충돌,운전자법규위반,안전운전 의무 불이행,교차로,교차로내,승용차,경형,원동기장치자전거,원동기장치자전거,997308,1850824,127.4698801,36.65533432
2015,2015-12-29,야,화,1,1,0,0,0,경남,밀양시,차대차,추돌,진행중 추돌,운전자법규위반,안전거리 미확보,단일로,교량위,승용차,중형,화물차,대형,1115596,1720737,128.7741671,35.4757679
2015,2015-12-29,야,화,1,1,0,0,0,대구,달서구,차량단독,기타,기타,운전자법규위반,안전운전 의무 불이행,단일로,기타단일로,이륜차,소형,없음,없음,1095533,1762895,128.5580614,35.85795054
2015,2015-12-29,주,화,1,1,0,0,0,전남,여수시,차대사람,횡단중,횡단중,운전자법규위반,신호위반,교차로,교차로내,승용차,경형,보행자,보행자,1020300,1645789,127.7219402,34.8064692
2015,2015-12-29,주,화,1,1,0,0,0,대전,대덕구,차대차,기타,기타,운전자법규위반,안전운전 의무 불이행,단일로,기타단일로,화물차,소형,화물차,대형,992638,1826037,127.4178657,36.43185203
2015,2015-12-29,주,화,1,1,0,0,0,강원,춘천시,차대차,측면충돌,측면충돌,운전자법규위반,안전운전 의무 불이행,단일로,기타단일로,승용차,대형,자전거,자전거,1024197,1983784,127.7750542,37.85352376
2015,2015-12-29,주,화,1,1,0,0,0,경북,김천시,차대사람,횡단중,횡단중,운전자법규위반,안전운전 의무 불이행,단일로,기타단일로,승용차,경형,보행자,보행자,1067899,1797686,128.2550195,36.17390153
2015,2015-12-29,주,화,1,2,1,0,0,경북,안동시,차대차,정면충돌,정면충돌,운전자법규위반,안전운전 의무 불이행,단일로,기타단일로,화물차,소형,승용차,중형,1127169,1825047,128.9184053,36.41453009
2015,2015-12-29,주,화,1,4,2,1,0,경기,의정부시,차대차,정면충돌,정면충돌,운전자법규위반,중앙선 침범,단일로,기타단일로,승용차,중형,승용차,소형,963414,1973388,127.0846445,37.75941188
2015,2015-12-29,주,화,1,1,0,0,0,경남,하동군,차대사람,기타,기타,운전자법규위반,안전운전 의무 불이행,단일로,기타단일로,화물차,중형,보행자,보행자,1028347,1681260,127.8111241,35.1261317
2015,2015-12-29,주,화,1,1,0,0,0,부산,중구,차대차,측면충돌,측면충돌,운전자법규위반,부당한 회전,교차로,교차로부근,원동기장치자전거,원동기장치자전거,승합차,소형,1139267,1679746,129.0280461,35.1032478
2015,2015-12-29,주,화,1,8,3,4,0,경남,사천시,차대차,정면충돌,정면충돌,운전자법규위반,신호위반,교차로,교차로내,승합차,경형,승용차,경형,1059937,1671410,128.1571144,35.0359311
2015,2015-12-29,야,화,1,1,0,0,0,전남,영암군,차대사람,횡단중,횡단중,운전자법규위반,안전운전 의무 불이행,단일로,기타단일로,승용차,중형,보행자,보행자,904029,1641498,126.4513117,34.76346009
2015,2015-12-29,야,화,1,2,1,0,0,전북,전주시,차대차,측면충돌,측면충돌,운전자법규위반,신호위반,교차로,교차로내,이륜차,중형,승용차,소형,964390,1757251,127.1058326,35.81107598
2015,2015-12-30,야,수,1,2,1,0,0,충북,진천군,차량단독,전도전복,전도전복,운전자법규위반,안전운전 의무 불이행,교차로,교차로내,승용차,경형,없음,없음,997955,1880980,127.4770382,36.92718462
2015,2015-12-30,야,수,1,1,0,0,0,경남,창원시(통합),차대사람,길가장자리구역통행중,길가장자리구역통행중,운전자법규위반,안전운전 의무 불이행,교차로,교차로부근,화물차,중형,보행자,보행자,1098079,1693677,128.577871,35.2336977
2015,2015-12-30,야,수,1,4,3,0,0,부산,연제구,차량단독,공작물충돌,공작물충돌,운전자법규위반,안전운전 의무 불이행,교차로,교차로부근,승용차,중형,없음,없음,1144225,1687438,129.08377,35.17188407
2015,2015-12-30,야,수,1,1,0,0,0,서울,중랑구,차량단독,전도전복,전도전복,운전자법규위반,안전운전 의무 불이행,단일로,기타단일로,승용차,중형,없음,없음,966921,1955837,127.1252547,37.60135485
2015,2015-12-30,야,수,1,8,3,4,0,대전,유성구,차대차,측면충돌,측면충돌,운전자법규위반,신호위반,교차로,교차로내,승용차,중형,승용차,중형,983884,1811917,127.3204945,36.30444824
2015,2015-12-30,야,수,1,1,0,0,0,서울,도봉구,차대사람,횡단중,횡단중,운전자법규위반,안전운전 의무 불이행,교차로,교차로내,화물차,소형,보행자,보행자,959926,1964657,127.0455278,37.68057277
2015,2015-12-30,야,수,1,1,0,0,0,서울,강동구,차대사람,횡단중,횡단중,운전자법규위반,안전운전 의무 불이행,단일로,횡단보도상,화물차,소형,보행자,보행자,967496,1948595,127.1320899,37.53610049
2015,2015-12-30,야,수,1,1,0,0,0,경기,이천시,차대사람,기타,기타,운전자법규위반,안전운전 의무 불이행,기타/불명,기타/불명,승합차,대형,보행자,보행자,989205,1921611,127.3782057,37.29338264
2015,2015-12-30,주,수,1,5,3,0,1,광주,북구,차대차,기타,기타,운전자법규위반,안전운전 의무 불이행,단일로,기타단일로,승용차,중형,승용차,중형,943702.6,1686827.3,126.8817371,35.17515469
2015,2015-12-30,주,수,1,1,0,0,0,경기,부천시,차대사람,횡단중,횡단중,운전자법규위반,안전운전 의무 불이행,단일로,기타단일로,승합차,중형,보행자,보행자,936747,1943160,126.784531,37.48551802
2015,2015-12-30,주,수,1,1,0,0,0,경북,안동시,차대차,측면충돌,측면충돌,운전자법규위반,직진 및 우회전차의 통행방해,교차로,교차로내,승용차,중형,이륜차,소형,1108267,1842174,128.7100234,36.57121697
2015,2015-12-30,주,수,1,1,0,0,0,부산,북구,차대사람,횡단중,횡단중,운전자법규위반,안전운전 의무 불이행,단일로,기타단일로,승합차,대형,보행자,보행자,1136761,1691498,129.0025055,35.20952494
2015,2015-12-30,주,수,1,1,0,0,0,경북,김천시,차량단독,전도전복,전도전복,운전자법규위반,안전운전 의무 불이행,단일로,기타단일로,건설기계,건설기계,없음,없음,1060930,1783290,128.1764174,36.04458306
2015,2015-12-30,주,수,1,5,2,2,0,전남,담양군,차대차,기타,기타,운전자법규위반,안전거리 미확보,단일로,기타단일로,승용차,경형,승용차,경형,952039,1692043,126.9729807,35.22261611
2015,2015-12-30,주,수,2,2,0,0,0,충북,음성군,차량단독,기타,기타,운전자법규위반,안전운전 의무 불이행,단일로,기타단일로,화물차,소형,없음,없음,1013700,1889732,127.653986,37.00598169
2015,2015-12-30,주,수,1,1,0,0,0,전북,김제시,차대사람,횡단중,횡단중,운전자법규위반,안전운전 의무 불이행,단일로,기타단일로,화물차,소형,보행자,보행자,950770,1762267,126.9547687,35.85571034
2015,2015-12-30,야,수,1,2,0,1,0,서울,송파구,차대사람,차도통행중,차도통행중,운전자법규위반,안전운전 의무 불이행,단일로,기타단일로,원동기장치자전거,원동기장치자전거,보행자,보행자,964138,1944384,127.0942873,37.49802048
2015,2015-12-30,야,수,1,1,0,0,0,경기,양평군,차대사람,횡단중,횡단중,운전자법규위반,안전운전 의무 불이행,단일로,기타단일로,화물차,경형,보행자,보행자,1003415,1936331,127.5385976,37.42612334
2015,2015-12-30,야,수,1,1,0,0,0,전남,화순군,차대사람,횡단중,횡단중,운전자법규위반,안전운전 의무 불이행,단일로,기타단일로,화물차,중형,보행자,보행자,952734,1673960,126.9816521,35.05959722
2015,2015-12-30,야,수,1,1,0,0,0,경북,칠곡군,차대사람,횡단중,횡단중,운전자법규위반,안전운전 의무 불이행,단일로,기타단일로,승용차,경형,보행자,보행자,1093436,1785884,128.5375473,36.06538768
2015,2015-12-30,야,수,1,1,0,0,0,강원,강릉시,차대사람,횡단중,횡단중,운전자법규위반,보행자 보호의무 위반,단일로,횡단보도상,화물차,소형,보행자,보행자,1116533,1968570,128.8220639,37.70930486
2015,2015-12-30,야,수,1,2,0,1,0,경기,용인시,차대차,정면충돌,정면충돌,운전자법규위반,안전운전 의무 불이행,단일로,기타단일로,화물차,대형,화물차,대형,973618,1908972,127.202795,37.17914375
2015,2015-12-30,야,수,1,1,0,0,0,경북,경산시,차대사람,횡단중,횡단중,운전자법규위반,안전운전 의무 불이행,단일로,횡단보도상,승용차,중형,보행자,보행자,1111808,1757619,128.7375389,35.80866987
2015,2015-12-31,야,목,1,2,1,0,0,충남,당진시,차량단독,전도전복,전도전복,운전자법규위반,안전운전 의무 불이행,교차로,교차로부근,화물차,소형,없음,없음,919347,1885432,126.5939819,36.96386271
2015,2015-12-31,야,목,1,7,4,2,0,전남,무안군,차량단독,공작물충돌,공작물충돌,운전자법규위반,안전운전 의무 불이행,단일로,기타단일로,승용차,경형,없음,없음,907622,1667640,126.4876811,34.99949365
2015,2015-12-31,주,목,1,4,3,0,0,충남,당진시,차량단독,공작물충돌,공작물충돌,운전자법규위반,안전운전 의무 불이행,단일로,기타단일로,승용차,중형,없음,없음,918473,1872981,126.5855055,36.85156134
2015,2015-12-31,주,목,1,6,3,2,0,경북,영천시,차대차,정면충돌,정면충돌,운전자법규위반,안전운전 의무 불이행,단일로,교량위,승용차,소형,화물차,소형,1130415,1776245,128.9464856,35.97425419
2015,2015-12-31,주,목,1,1,0,0,0,서울,서대문구,차대사람,차도통행중,차도통행중,운전자법규위반,안전운전 의무 불이행,교차로,교차로내,화물차,중형,보행자,보행자,948598,1952572,126.9179144,37.57108556
2015,2015-12-31,야,목,1,1,0,0,0,충남,서산시,차대사람,횡단중,횡단중,운전자법규위반,안전운전 의무 불이행,단일로,기타단일로,승용차,중형,보행자,보행자,907629,1864576,126.4649051,36.77480715
2015,2015-12-31,야,목,1,1,0,0,0,충남,천안시,차대사람,기타,기타,운전자법규위반,안전운전 의무 불이행,단일로,기타단일로,화물차,소형,보행자,보행자,974663,1879437,127.2155623,36.91293689